Ano;Região;UF;Código do Município;Nome do Município;Localização;Dependência Administrativa;Total  ;1ª série;2ª série;3ª série;4ª série;Não-Seriado
2019;Sudeste;SP;3500105;Adamantina;Total;Total;0,2;0,5;0;0,2;--;--
2019;Sudeste;SP;3500105;Adamantina;Urbana;Total;0,2;0,5;0;0,3;--;--
2019;Sudeste;SP;3500105;Adamantina;Rural;Total;0;0;0;0;--;--
2019;Sudeste;SP;3500105;Adamantina;Total;Estadual;0,2;0,3;0;0,3;--;--
2019;Sudeste;SP;3500105;Adamantina;Urbana;Estadual;0,1;0,2;0;0,3;--;--
2019;Sudeste;SP;3500105;Adamantina;Rural;Estadual;0;0;0;0;--;--
2019;Sudeste;SP;3500105;Adamantina;Total;Municipal;--;--;--;--;--;--
2019;Sudeste;SP;3500105;Adamantina;Urbana;Municipal;--;--;--;--;--;--
2019;Sudeste;SP;3500105;Adamantina;Rural;Municipal;--;--;--;--;--;--
2019;Sudeste;SP;3500105;Adamantina;Total;Privada;0,4;1,1;0;0;--;--
2019;Sudeste;SP;3500105;Adamantina;Urbana;Privada;0,4;1,1;0;0;--;--
2019;Sudeste;SP;3500105;Adamantina;Total;Pública;0,2;0,3;0;0,3;--;--
2019;Sudeste;SP;3500105;Adamantina;Urbana;Pública;0,1;0,2;0;0,3;--;--
2019;Sudeste;SP;3500105;Adamantina;Rural;Pública;0;0;0;0;--;--
2019;Sudeste;SP;3500204;Adolfo;Total;Total;0;0;0;0;--;--
2019;Sudeste;SP;3500204;Adolfo;Urbana;Total;0;0;0;0;--;--
2019;Sudeste;SP;3500204;Adolfo;Total;Estadual;0;0;0;0;--;--
2019;Sudeste;SP;3500204;Adolfo;Urbana;Estadual;0;0;0;0;--;--
2019;Sudeste;SP;3500204;Adolfo;Total;Municipal;--;--;--;--;--;--
2019;Sudeste;SP;3500204;Adolfo;Urbana;Municipal;--;--;--;--;--;--
2019;Sudeste;SP;3500204;Adolfo;Total;Pública;0;0;0;0;--;--
2019;Sudeste;SP;3500204;Adolfo;Urbana;Pública;0;0;0;0;--;--
2019;Sudeste;SP;3500303;Aguaí;Total;Total;0,3;0,5;0,3;0;--;--
2019;Sudeste;SP;3500303;Aguaí;Urbana;Total;0,3;0,5;0,3;0;--;--
2019;Sudeste;SP;3500303;Aguaí;Rural;Total;--;--;--;--;--;--
2019;Sudeste;SP;3500303;Aguaí;Total;Estadual;0,4;0,6;0,3;0;--;--
2019;Sudeste;SP;3500303;Aguaí;Urbana;Estadual;0,4;0,6;0,3;0;--;--
2019;Sudeste;SP;3500303;Aguaí;Total;Municipal;--;--;--;--;--;--
2019;Sudeste;SP;3500303;Aguaí;Urbana;Municipal;--;--;--;--;--;--
2019;Sudeste;SP;3500303;Aguaí;Rural;Municipal;--;--;--;--;--;--
2019;Sudeste;SP;3500303;Aguaí;Total;Privada;0;0;0;0;--;--
2019;Sudeste;SP;3500303;Aguaí;Urbana;Privada;0;0;0;0;--;--
2019;Sudeste;SP;3500303;Aguaí;Total;Pública;0,4;0,6;0,3;0;--;--
2019;Sudeste;SP;3500303;Aguaí;Urbana;Pública;0,4;0,6;0,3;0;--;--
2019;Sudeste;SP;3500303;Aguaí;Rural;Pública;--;--;--;--;--;--
2019;Sudeste;SP;3500402;Águas da Prata;Total;Total;2,9;4,2;4,7;0;--;--
2019;Sudeste;SP;3500402;Águas da Prata;Urbana;Total;2,9;4,2;4,7;0;--;--
2019;Sudeste;SP;3500402;Águas da Prata;Rural;Total;--;--;--;--;--;--
2019;Sudeste;SP;3500402;Águas da Prata;Total;Estadual;2,9;4,2;4,7;0;--;--
2019;Sudeste;SP;3500402;Águas da Prata;Urbana;Estadual;2,9;4,2;4,7;0;--;--
2019;Sudeste;SP;3500402;Águas da Prata;Total;Municipal;--;--;--;--;--;--
2019;Sudeste;SP;3500402;Águas da Prata;Urbana;Municipal;--;--;--;--;--;--
2019;Sudeste;SP;3500402;Águas da Prata;Rural;Municipal;--;--;--;--;--;--
2019;Sudeste;SP;3500402;Águas da Prata;Total;Pública;2,9;4,2;4,7;0;--;--
2019;Sudeste;SP;3500402;Águas da Prata;Urbana;Pública;2,9;4,2;4,7;0;--;--
2019;Sudeste;SP;3500402;Águas da Prata;Rural;Pública;--;--;--;--;--;--
2019;Sudeste;SP;3500501;Águas de Lindóia;Total;Total;3,4;5,9;3,1;0;--;--
2019;Sudeste;SP;3500501;Águas de Lindóia;Urbana;Total;3,4;5,9;3,1;0;--;--
2019;Sudeste;SP;3500501;Águas de Lindóia;Total;Estadual;3,7;6,2;3,4;0;--;--
2019;Sudeste;SP;3500501;Águas de Lindóia;Urbana;Estadual;3,7;6,2;3,4;0;--;--
2019;Sudeste;SP;3500501;Águas de Lindóia;Total;Municipal;--;--;--;--;--;--
2019;Sudeste;SP;3500501;Águas de Lindóia;Urbana;Municipal;--;--;--;--;--;--
2019;Sudeste;SP;3500501;Águas de Lindóia;Total;Privada;0;0;0;0;--;--
2019;Sudeste;SP;3500501;Águas de Lindóia;Urbana;Privada;0;0;0;0;--;--
2019;Sudeste;SP;3500501;Águas de Lindóia;Total;Pública;3,7;6,2;3,4;0;--;--
2019;Sudeste;SP;3500501;Águas de Lindóia;Urbana;Pública;3,7;6,2;3,4;0;--;--
2019;Sudeste;SP;3500550;Águas de Santa Bárbara;Total;Total;2,9;0;6,4;1,8;--;--
2019;Sudeste;SP;3500550;Águas de Santa Bárbara;Urbana;Total;2,9;0;6,4;1,8;--;--
2019;Sudeste;SP;3500550;Águas de Santa Bárbara;Total;Estadual;2,9;0;6,4;1,8;--;--
2019;Sudeste;SP;3500550;Águas de Santa Bárbara;Urbana;Estadual;2,9;0;6,4;1,8;--;--
2019;Sudeste;SP;3500550;Águas de Santa Bárbara;Total;Municipal;--;--;--;--;--;--
2019;Sudeste;SP;3500550;Águas de Santa Bárbara;Urbana;Municipal;--;--;--;--;--;--
2019;Sudeste;SP;3500550;Águas de Santa Bárbara;Total;Pública;2,9;0;6,4;1,8;--;--
2019;Sudeste;SP;3500550;Águas de Santa Bárbara;Urbana;Pública;2,9;0;6,4;1,8;--;--
2019;Sudeste;SP;3500600;Águas de São Pedro;Total;Total;0;0;0;0;--;--
2019;Sudeste;SP;3500600;Águas de São Pedro;Urbana;Total;0;0;0;0;--;--
2019;Sudeste;SP;3500600;Águas de São Pedro;Total;Estadual;0;0;0;0;--;--
2019;Sudeste;SP;3500600;Águas de São Pedro;Urbana;Estadual;0;0;0;0;--;--
2019;Sudeste;SP;3500600;Águas de São Pedro;Total;Municipal;--;--;--;--;--;--
2019;Sudeste;SP;3500600;Águas de São Pedro;Urbana;Municipal;--;--;--;--;--;--
2019;Sudeste;SP;3500600;Águas de São Pedro;Total;Pública;0;0;0;0;--;--
2019;Sudeste;SP;3500600;Águas de São Pedro;Urbana;Pública;0;0;0;0;--;--
2019;Sudeste;SP;3500709;Agudos;Total;Total;1,6;1,7;2,8;0,5;--;--
2019;Sudeste;SP;3500709;Agudos;Urbana;Total;1,6;1,7;2,8;0,5;--;--
2019;Sudeste;SP;3500709;Agudos;Total;Estadual;1,9;1,9;3,5;0,5;--;--
2019;Sudeste;SP;3500709;Agudos;Urbana;Estadual;1,9;1,9;3,5;0,5;--;--
2019;Sudeste;SP;3500709;Agudos;Total;Municipal;--;--;--;--;--;--
2019;Sudeste;SP;3500709;Agudos;Urbana;Municipal;--;--;--;--;--;--
2019;Sudeste;SP;3500709;Agudos;Total;Privada;0;0;0;0;--;--
2019;Sudeste;SP;3500709;Agudos;Urbana;Privada;0;0;0;0;--;--
2019;Sudeste;SP;3500709;Agudos;Total;Pública;1,9;1,9;3,5;0,5;--;--
2019;Sudeste;SP;3500709;Agudos;Urbana;Pública;1,9;1,9;3,5;0,5;--;--
2019;Sudeste;SP;3500758;Alambari;Total;Total;0;0;0;0;--;--
2019;Sudeste;SP;3500758;Alambari;Urbana;Total;0;0;0;0;--;--
2019;Sudeste;SP;3500758;Alambari;Rural;Total;--;--;--;--;--;--
2019;Sudeste;SP;3500758;Alambari;Total;Estadual;0;0;0;0;--;--
2019;Sudeste;SP;3500758;Alambari;Urbana;Estadual;0;0;0;0;--;--
2019;Sudeste;SP;3500758;Alambari;Total;Municipal;--;--;--;--;--;--
2019;Sudeste;SP;3500758;Alambari;Urbana;Municipal;--;--;--;--;--;--
2019;Sudeste;SP;3500758;Alambari;Rural;Municipal;--;--;--;--;--;--
2019;Sudeste;SP;3500758;Alambari;Total;Pública;0;0;0;0;--;--
2019;Sudeste;SP;3500758;Alambari;Urbana;Pública;0;0;0;0;--;--
2019;Sudeste;SP;3500758;Alambari;Rural;Pública;--;--;--;--;--;--
2019;Sudeste;SP;3500808;Alfredo Marcondes;Total;Total;6,8;12,7;8;0;--;--
2019;Sudeste;SP;3500808;Alfredo Marcondes;Urbana;Total;6,8;12,7;8;0;--;--
2019;Sudeste;SP;3500808;Alfredo Marcondes;Total;Estadual;6,8;12,7;8;0;--;--
2019;Sudeste;SP;3500808;Alfredo Marcondes;Urbana;Estadual;6,8;12,7;8;0;--;--
2019;Sudeste;SP;3500808;Alfredo Marcondes;Total;Pública;6,8;12,7;8;0;--;--
2019;Sudeste;SP;3500808;Alfredo Marcondes;Urbana;Pública;6,8;12,7;8;0;--;--
2019;Sudeste;SP;3500907;Altair;Total;Total;0,8;0;2,1;0;--;--
2019;Sudeste;SP;3500907;Altair;Urbana;Total;0,8;0;2,1;0;--;--
2019;Sudeste;SP;3500907;Altair;Total;Estadual;0,8;0;2,1;0;--;--
2019;Sudeste;SP;3500907;Altair;Urbana;Estadual;0,8;0;2,1;0;--;--
2019;Sudeste;SP;3500907;Altair;Total;Municipal;--;--;--;--;--;--
2019;Sudeste;SP;3500907;Altair;Urbana;Municipal;--;--;--;--;--;--
2019;Sudeste;SP;3500907;Altair;Total;Pública;0,8;0;2,1;0;--;--
2019;Sudeste;SP;3500907;Altair;Urbana;Pública;0,8;0;2,1;0;--;--
2019;Sudeste;SP;3501004;Altinópolis;Total;Total;5,7;6,7;5,2;5,2;--;--
2019;Sudeste;SP;3501004;Altinópolis;Urbana;Total;5,7;6,7;5,2;5,2;--;--
2019;Sudeste;SP;3501004;Altinópolis;Rural;Total;--;--;--;--;--;--
2019;Sudeste;SP;3501004;Altinópolis;Total;Estadual;6,5;7,2;6,1;6;--;--
2019;Sudeste;SP;3501004;Altinópolis;Urbana;Estadual;6,5;7,2;6,1;6;--;--
2019;Sudeste;SP;3501004;Altinópolis;Total;Municipal;--;--;--;--;--;--
2019;Sudeste;SP;3501004;Altinópolis;Urbana;Municipal;--;--;--;--;--;--
2019;Sudeste;SP;3501004;Altinópolis;Rural;Municipal;--;--;--;--;--;--
2019;Sudeste;SP;3501004;Altinópolis;Total;Privada;0;0;0;0;--;--
2019;Sudeste;SP;3501004;Altinópolis;Urbana;Privada;0;0;0;0;--;--
2019;Sudeste;SP;3501004;Altinópolis;Total;Pública;6,5;7,2;6,1;6;--;--
2019;Sudeste;SP;3501004;Altinópolis;Urbana;Pública;6,5;7,2;6,1;6;--;--
2019;Sudeste;SP;3501004;Altinópolis;Rural;Pública;--;--;--;--;--;--
2019;Sudeste;SP;3501103;Alto Alegre;Total;Total;7,7;11,6;10;0;--;--
2019;Sudeste;SP;3501103;Alto Alegre;Urbana;Total;7,7;11,6;10;0;--;--
2019;Sudeste;SP;3501103;Alto Alegre;Total;Estadual;7,7;11,6;10;0;--;--
2019;Sudeste;SP;3501103;Alto Alegre;Urbana;Estadual;7,7;11,6;10;0;--;--
2019;Sudeste;SP;3501103;Alto Alegre;Total;Municipal;--;--;--;--;--;--
2019;Sudeste;SP;3501103;Alto Alegre;Urbana;Municipal;--;--;--;--;--;--
2019;Sudeste;SP;3501103;Alto Alegre;Total;Pública;7,7;11,6;10;0;--;--
2019;Sudeste;SP;3501103;Alto Alegre;Urbana;Pública;7,7;11,6;10;0;--;--
2019;Sudeste;SP;3501152;Alumínio;Total;Total;0,7;1;0;1,1;--;--
2019;Sudeste;SP;3501152;Alumínio;Urbana;Total;0,7;1;0;1,1;--;--
2019;Sudeste;SP;3501152;Alumínio;Rural;Total;--;--;--;--;--;--
2019;Sudeste;SP;3501152;Alumínio;Total;Estadual;0,9;1,6;0;1,3;--;--
2019;Sudeste;SP;3501152;Alumínio;Urbana;Estadual;0,9;1,6;0;1,3;--;--
2019;Sudeste;SP;3501152;Alumínio;Total;Municipal;--;--;--;--;--;--
2019;Sudeste;SP;3501152;Alumínio;Urbana;Municipal;--;--;--;--;--;--
2019;Sudeste;SP;3501152;Alumínio;Rural;Municipal;--;--;--;--;--;--
2019;Sudeste;SP;3501152;Alumínio;Total;Privada;0;0;0;0;--;--
2019;Sudeste;SP;3501152;Alumínio;Urbana;Privada;0;0;0;0;--;--
2019;Sudeste;SP;3501152;Alumínio;Total;Pública;0,9;1,6;0;1,3;--;--
2019;Sudeste;SP;3501152;Alumínio;Urbana;Pública;0,9;1,6;0;1,3;--;--
2019;Sudeste;SP;3501152;Alumínio;Rural;Pública;--;--;--;--;--;--
2019;Sudeste;SP;3501202;Álvares Florence;Total;Total;1,8;0;4,7;0;--;--
2019;Sudeste;SP;3501202;Álvares Florence;Urbana;Total;1,8;0;4,7;0;--;--
2019;Sudeste;SP;3501202;Álvares Florence;Total;Estadual;1,8;0;4,7;0;--;--
2019;Sudeste;SP;3501202;Álvares Florence;Urbana;Estadual;1,8;0;4,7;0;--;--
2019;Sudeste;SP;3501202;Álvares Florence;Total;Municipal;--;--;--;--;--;--
2019;Sudeste;SP;3501202;Álvares Florence;Urbana;Municipal;--;--;--;--;--;--
2019;Sudeste;SP;3501202;Álvares Florence;Total;Pública;1,8;0;4,7;0;--;--
2019;Sudeste;SP;3501202;Álvares Florence;Urbana;Pública;1,8;0;4,7;0;--;--
2019;Sudeste;SP;3501301;Álvares Machado;Total;Total;3,1;3,8;3,6;1,5;--;--
2019;Sudeste;SP;3501301;Álvares Machado;Urbana;Total;3,1;3,8;3,6;1,5;--;--
2019;Sudeste;SP;3501301;Álvares Machado;Total;Estadual;4,1;5,1;4,9;2,1;--;--
2019;Sudeste;SP;3501301;Álvares Machado;Urbana;Estadual;4,1;5,1;4,9;2,1;--;--
2019;Sudeste;SP;3501301;Álvares Machado;Total;Municipal;--;--;--;--;--;--
2019;Sudeste;SP;3501301;Álvares Machado;Urbana;Municipal;--;--;--;--;--;--
2019;Sudeste;SP;3501301;Álvares Machado;Total;Privada;0;0;0;0;--;--
2019;Sudeste;SP;3501301;Álvares Machado;Urbana;Privada;0;0;0;0;--;--
2019;Sudeste;SP;3501301;Álvares Machado;Total;Pública;4,1;5,1;4,9;2,1;--;--
2019;Sudeste;SP;3501301;Álvares Machado;Urbana;Pública;4,1;5,1;4,9;2,1;--;--
2019;Sudeste;SP;3501400;Álvaro de Carvalho;Total;Total;0;0;0;0;--;--
2019;Sudeste;SP;3501400;Álvaro de Carvalho;Urbana;Total;0;0;0;0;--;--
2019;Sudeste;SP;3501400;Álvaro de Carvalho;Total;Estadual;0;0;0;0;--;--
2019;Sudeste;SP;3501400;Álvaro de Carvalho;Urbana;Estadual;0;0;0;0;--;--
2019;Sudeste;SP;3501400;Álvaro de Carvalho;Total;Municipal;--;--;--;--;--;--
2019;Sudeste;SP;3501400;Álvaro de Carvalho;Urbana;Municipal;--;--;--;--;--;--
2019;Sudeste;SP;3501400;Álvaro de Carvalho;Total;Pública;0;0;0;0;--;--
2019;Sudeste;SP;3501400;Álvaro de Carvalho;Urbana;Pública;0;0;0;0;--;--
2019;Sudeste;SP;3501509;Alvinlândia;Total;Total;0;0;0;0;--;--
2019;Sudeste;SP;3501509;Alvinlândia;Urbana;Total;0;0;0;0;--;--
2019;Sudeste;SP;3501509;Alvinlândia;Total;Estadual;0;0;0;0;--;--
2019;Sudeste;SP;3501509;Alvinlândia;Urbana;Estadual;0;0;0;0;--;--
2019;Sudeste;SP;3501509;Alvinlândia;Total;Municipal;--;--;--;--;--;--
2019;Sudeste;SP;3501509;Alvinlândia;Urbana;Municipal;--;--;--;--;--;--
2019;Sudeste;SP;3501509;Alvinlândia;Total;Pública;0;0;0;0;--;--
2019;Sudeste;SP;3501509;Alvinlândia;Urbana;Pública;0;0;0;0;--;--
2019;Sudeste;SP;3501608;Americana;Total;Total;1,1;1,5;1,3;0,4;0;--
2019;Sudeste;SP;3501608;Americana;Urbana;Total;1,1;1,5;1,3;0,4;0;--
2019;Sudeste;SP;3501608;Americana;Total;Estadual;1,4;1,9;1,7;0,5;--;--
2019;Sudeste;SP;3501608;Americana;Urbana;Estadual;1,4;1,9;1,7;0,5;--;--
2019;Sudeste;SP;3501608;Americana;Total;Municipal;--;--;--;--;--;--
2019;Sudeste;SP;3501608;Americana;Urbana;Municipal;--;--;--;--;--;--
2019;Sudeste;SP;3501608;Americana;Total;Privada;0,2;0,2;0,2;0,1;0;--
2019;Sudeste;SP;3501608;Americana;Urbana;Privada;0,2;0,2;0,2;0,1;0;--
2019;Sudeste;SP;3501608;Americana;Total;Pública;1,4;1,9;1,7;0,5;--;--
2019;Sudeste;SP;3501608;Americana;Urbana;Pública;1,4;1,9;1,7;0,5;--;--
2019;Sudeste;SP;3501707;Américo Brasiliense;Total;Total;0;0;0;0;--;--
2019;Sudeste;SP;3501707;Américo Brasiliense;Urbana;Total;0;0;0;0;--;--
2019;Sudeste;SP;3501707;Américo Brasiliense;Total;Estadual;0;0;0;0;--;--
2019;Sudeste;SP;3501707;Américo Brasiliense;Urbana;Estadual;0;0;0;0;--;--
2019;Sudeste;SP;3501707;Américo Brasiliense;Total;Municipal;--;--;--;--;--;--
2019;Sudeste;SP;3501707;Américo Brasiliense;Urbana;Municipal;--;--;--;--;--;--
2019;Sudeste;SP;3501707;Américo Brasiliense;Total;Privada;0;0;0;0;--;--
2019;Sudeste;SP;3501707;Américo Brasiliense;Urbana;Privada;0;0;0;0;--;--
2019;Sudeste;SP;3501707;Américo Brasiliense;Total;Pública;0;0;0;0;--;--
2019;Sudeste;SP;3501707;Américo Brasiliense;Urbana;Pública;0;0;0;0;--;--
2019;Sudeste;SP;3501806;Américo de Campos;Total;Total;0;0;0;0;0;--
2019;Sudeste;SP;3501806;Américo de Campos;Urbana;Total;0;0;0;0;0;--
2019;Sudeste;SP;3501806;Américo de Campos;Total;Estadual;0;0;0;0;--;--
2019;Sudeste;SP;3501806;Américo de Campos;Urbana;Estadual;0;0;0;0;--;--
2019;Sudeste;SP;3501806;Américo de Campos;Total;Municipal;0;0;0;0;0;--
2019;Sudeste;SP;3501806;Américo de Campos;Urbana;Municipal;0;0;0;0;0;--
2019;Sudeste;SP;3501806;Américo de Campos;Total;Pública;0;0;0;0;0;--
2019;Sudeste;SP;3501806;Américo de Campos;Urbana;Pública;0;0;0;0;0;--
2019;Sudeste;SP;3501905;Amparo;Total;Total;2,1;3;1,6;1,5;--;--
2019;Sudeste;SP;3501905;Amparo;Urbana;Total;2,2;3,2;1,7;1,4;--;--
2019;Sudeste;SP;3501905;Amparo;Rural;Total;1,6;0;0;5,7;--;--
2019;Sudeste;SP;3501905;Amparo;Total;Estadual;2,6;3,6;2;1,9;--;--
2019;Sudeste;SP;3501905;Amparo;Urbana;Estadual;2,7;3,9;2,1;1,7;--;--
2019;Sudeste;SP;3501905;Amparo;Rural;Estadual;1,6;0;0;5,7;--;--
2019;Sudeste;SP;3501905;Amparo;Total;Municipal;--;--;--;--;--;--
2019;Sudeste;SP;3501905;Amparo;Urbana;Municipal;--;--;--;--;--;--
2019;Sudeste;SP;3501905;Amparo;Rural;Municipal;--;--;--;--;--;--
2019;Sudeste;SP;3501905;Amparo;Total;Privada;0;0;0;0;--;--
2019;Sudeste;SP;3501905;Amparo;Urbana;Privada;0;0;0;0;--;--
2019;Sudeste;SP;3501905;Amparo;Total;Pública;2,6;3,6;2;1,9;--;--
2019;Sudeste;SP;3501905;Amparo;Urbana;Pública;2,7;3,9;2,1;1,7;--;--
2019;Sudeste;SP;3501905;Amparo;Rural;Pública;1,6;0;0;5,7;--;--
2019;Sudeste;SP;3502002;Analândia;Total;Total;0;0;0;0;--;--
2019;Sudeste;SP;3502002;Analândia;Urbana;Total;0;0;0;0;--;--
2019;Sudeste;SP;3502002;Analândia;Total;Estadual;0;0;0;0;--;--
2019;Sudeste;SP;3502002;Analândia;Urbana;Estadual;0;0;0;0;--;--
2019;Sudeste;SP;3502002;Analândia;Total;Municipal;--;--;--;--;--;--
2019;Sudeste;SP;3502002;Analândia;Urbana;Municipal;--;--;--;--;--;--
2019;Sudeste;SP;3502002;Analândia;Total;Pública;0;0;0;0;--;--
2019;Sudeste;SP;3502002;Analândia;Urbana;Pública;0;0;0;0;--;--
2019;Sudeste;SP;3502101;Andradina;Total;Total;0,7;1;0,9;0;--;--
2019;Sudeste;SP;3502101;Andradina;Urbana;Total;0,7;1,2;1;0;--;--
2019;Sudeste;SP;3502101;Andradina;Rural;Total;0;0;0;0;--;--
2019;Sudeste;SP;3502101;Andradina;Total;Estadual;0,8;1,3;1,3;0;--;--
2019;Sudeste;SP;3502101;Andradina;Urbana;Estadual;1;1,5;1,5;0;--;--
2019;Sudeste;SP;3502101;Andradina;Rural;Estadual;0;0;0;0;--;--
2019;Sudeste;SP;3502101;Andradina;Total;Municipal;--;--;--;--;--;--
2019;Sudeste;SP;3502101;Andradina;Urbana;Municipal;--;--;--;--;--;--
2019;Sudeste;SP;3502101;Andradina;Rural;Municipal;--;--;--;--;--;--
2019;Sudeste;SP;3502101;Andradina;Total;Privada;0;0;0;0;--;--
2019;Sudeste;SP;3502101;Andradina;Urbana;Privada;0;0;0;0;--;--
2019;Sudeste;SP;3502101;Andradina;Total;Pública;0,8;1,3;1,3;0;--;--
2019;Sudeste;SP;3502101;Andradina;Urbana;Pública;1;1,5;1,5;0;--;--
2019;Sudeste;SP;3502101;Andradina;Rural;Pública;0;0;0;0;--;--
2019;Sudeste;SP;3502200;Angatuba;Total;Total;1,7;2,2;1,2;1,3;--;--
2019;Sudeste;SP;3502200;Angatuba;Urbana;Total;1,7;2,2;1,2;1,3;--;--
2019;Sudeste;SP;3502200;Angatuba;Rural;Total;--;--;--;--;--;--
2019;Sudeste;SP;3502200;Angatuba;Total;Estadual;1,7;2,2;1,3;1,4;--;--
2019;Sudeste;SP;3502200;Angatuba;Urbana;Estadual;1,7;2,2;1,3;1,4;--;--
2019;Sudeste;SP;3502200;Angatuba;Total;Municipal;--;--;--;--;--;--
2019;Sudeste;SP;3502200;Angatuba;Urbana;Municipal;--;--;--;--;--;--
2019;Sudeste;SP;3502200;Angatuba;Rural;Municipal;--;--;--;--;--;--
2019;Sudeste;SP;3502200;Angatuba;Total;Privada;0;0;0;0;--;--
2019;Sudeste;SP;3502200;Angatuba;Urbana;Privada;0;0;0;0;--;--
2019;Sudeste;SP;3502200;Angatuba;Total;Pública;1,7;2,2;1,3;1,4;--;--
2019;Sudeste;SP;3502200;Angatuba;Urbana;Pública;1,7;2,2;1,3;1,4;--;--
2019;Sudeste;SP;3502200;Angatuba;Rural;Pública;--;--;--;--;--;--
2019;Sudeste;SP;3502309;Anhembi;Total;Total;0;0;0;0;--;--
2019;Sudeste;SP;3502309;Anhembi;Urbana;Total;0;0;0;0;--;--
2019;Sudeste;SP;3502309;Anhembi;Total;Estadual;0;0;0;0;--;--
2019;Sudeste;SP;3502309;Anhembi;Urbana;Estadual;0;0;0;0;--;--
2019;Sudeste;SP;3502309;Anhembi;Total;Municipal;--;--;--;--;--;--
2019;Sudeste;SP;3502309;Anhembi;Urbana;Municipal;--;--;--;--;--;--
2019;Sudeste;SP;3502309;Anhembi;Total;Pública;0;0;0;0;--;--
2019;Sudeste;SP;3502309;Anhembi;Urbana;Pública;0;0;0;0;--;--
2019;Sudeste;SP;3502408;Anhumas;Total;Total;2,9;0;7,4;0;--;--
2019;Sudeste;SP;3502408;Anhumas;Urbana;Total;2,9;0;7,4;0;--;--
2019;Sudeste;SP;3502408;Anhumas;Total;Estadual;2,9;0;7,4;0;--;--
2019;Sudeste;SP;3502408;Anhumas;Urbana;Estadual;2,9;0;7,4;0;--;--
2019;Sudeste;SP;3502408;Anhumas;Total;Municipal;--;--;--;--;--;--
2019;Sudeste;SP;3502408;Anhumas;Urbana;Municipal;--;--;--;--;--;--
2019;Sudeste;SP;3502408;Anhumas;Total;Pública;2,9;0;7,4;0;--;--
2019;Sudeste;SP;3502408;Anhumas;Urbana;Pública;2,9;0;7,4;0;--;--
2019;Sudeste;SP;3502507;Aparecida;Total;Total;1,5;2,2;0,8;1,7;--;--
2019;Sudeste;SP;3502507;Aparecida;Urbana;Total;1,5;2,2;0,8;1,7;--;--
2019;Sudeste;SP;3502507;Aparecida;Total;Estadual;1,6;2,3;0,8;1,7;--;--
2019;Sudeste;SP;3502507;Aparecida;Urbana;Estadual;1,6;2,3;0,8;1,7;--;--
2019;Sudeste;SP;3502507;Aparecida;Total;Municipal;--;--;--;--;--;--
2019;Sudeste;SP;3502507;Aparecida;Urbana;Municipal;--;--;--;--;--;--
2019;Sudeste;SP;3502507;Aparecida;Total;Privada;0;0;0;0;--;--
2019;Sudeste;SP;3502507;Aparecida;Urbana;Privada;0;0;0;0;--;--
2019;Sudeste;SP;3502507;Aparecida;Total;Pública;1,6;2,3;0,8;1,7;--;--
2019;Sudeste;SP;3502507;Aparecida;Urbana;Pública;1,6;2,3;0,8;1,7;--;--
2019;Sudeste;SP;3502606;Aparecida d'Oeste;Total;Total;0;0;0;0;--;--
2019;Sudeste;SP;3502606;Aparecida d'Oeste;Urbana;Total;0;0;0;0;--;--
2019;Sudeste;SP;3502606;Aparecida d'Oeste;Total;Estadual;0;0;0;0;--;--
2019;Sudeste;SP;3502606;Aparecida d'Oeste;Urbana;Estadual;0;0;0;0;--;--
2019;Sudeste;SP;3502606;Aparecida d'Oeste;Total;Municipal;--;--;--;--;--;--
2019;Sudeste;SP;3502606;Aparecida d'Oeste;Urbana;Municipal;--;--;--;--;--;--
2019;Sudeste;SP;3502606;Aparecida d'Oeste;Total;Pública;0;0;0;0;--;--
2019;Sudeste;SP;3502606;Aparecida d'Oeste;Urbana;Pública;0;0;0;0;--;--
2019;Sudeste;SP;3502705;Apiaí;Total;Total;1,3;0,7;0,8;1,9;--;--
2019;Sudeste;SP;3502705;Apiaí;Urbana;Total;1,5;1;0,7;2,7;--;--
2019;Sudeste;SP;3502705;Apiaí;Rural;Total;0,4;0;1,3;0;--;--
2019;Sudeste;SP;3502705;Apiaí;Total;Estadual;1,3;0,8;0,8;2;--;--
2019;Sudeste;SP;3502705;Apiaí;Urbana;Estadual;1,5;1;0,8;2,9;--;--
2019;Sudeste;SP;3502705;Apiaí;Rural;Estadual;0,4;0;1,3;0;--;--
2019;Sudeste;SP;3502705;Apiaí;Total;Municipal;--;--;--;--;--;--
2019;Sudeste;SP;3502705;Apiaí;Urbana;Municipal;--;--;--;--;--;--
2019;Sudeste;SP;3502705;Apiaí;Rural;Municipal;--;--;--;--;--;--
2019;Sudeste;SP;3502705;Apiaí;Total;Privada;0;0;0;0;--;--
2019;Sudeste;SP;3502705;Apiaí;Urbana;Privada;0;0;0;0;--;--
2019;Sudeste;SP;3502705;Apiaí;Total;Pública;1,3;0,8;0,8;2;--;--
2019;Sudeste;SP;3502705;Apiaí;Urbana;Pública;1,5;1;0,8;2,9;--;--
2019;Sudeste;SP;3502705;Apiaí;Rural;Pública;0,4;0;1,3;0;--;--
2019;Sudeste;SP;3502754;Araçariguama;Total;Total;0,3;0,4;0,5;0;--;--
2019;Sudeste;SP;3502754;Araçariguama;Urbana;Total;0,3;0,4;0,5;0;--;--
2019;Sudeste;SP;3502754;Araçariguama;Rural;Total;--;--;--;--;--;--
2019;Sudeste;SP;3502754;Araçariguama;Total;Estadual;0,3;0,4;0,5;0;--;--
2019;Sudeste;SP;3502754;Araçariguama;Urbana;Estadual;0,3;0,4;0,5;0;--;--
2019;Sudeste;SP;3502754;Araçariguama;Total;Municipal;--;--;--;--;--;--
2019;Sudeste;SP;3502754;Araçariguama;Urbana;Municipal;--;--;--;--;--;--
2019;Sudeste;SP;3502754;Araçariguama;Rural;Municipal;--;--;--;--;--;--
2019;Sudeste;SP;3502754;Araçariguama;Total;Privada;--;--;--;--;--;--
2019;Sudeste;SP;3502754;Araçariguama;Urbana;Privada;--;--;--;--;--;--
2019;Sudeste;SP;3502754;Araçariguama;Total;Pública;0,3;0,4;0,5;0;--;--
2019;Sudeste;SP;3502754;Araçariguama;Urbana;Pública;0,3;0,4;0,5;0;--;--
2019;Sudeste;SP;3502754;Araçariguama;Rural;Pública;--;--;--;--;--;--
2019;Sudeste;SP;3502804;Araçatuba;Total;Total;2;2,5;1,8;1,7;--;0
2019;Sudeste;SP;3502804;Araçatuba;Urbana;Total;2;2,5;1,8;1,7;--;--
2019;Sudeste;SP;3502804;Araçatuba;Rural;Total;0;--;--;--;--;0
2019;Sudeste;SP;3502804;Araçatuba;Total;Estadual;2,6;3,4;2,3;2,2;--;0
2019;Sudeste;SP;3502804;Araçatuba;Urbana;Estadual;2,6;3,4;2,3;2,2;--;--
2019;Sudeste;SP;3502804;Araçatuba;Rural;Estadual;0;--;--;--;--;0
2019;Sudeste;SP;3502804;Araçatuba;Total;Municipal;--;--;--;--;--;--
2019;Sudeste;SP;3502804;Araçatuba;Urbana;Municipal;--;--;--;--;--;--
2019;Sudeste;SP;3502804;Araçatuba;Rural;Municipal;--;--;--;--;--;--
2019;Sudeste;SP;3502804;Araçatuba;Total;Privada;0,1;0,2;0,2;0;--;--
2019;Sudeste;SP;3502804;Araçatuba;Urbana;Privada;0,1;0,2;0,2;0;--;--
2019;Sudeste;SP;3502804;Araçatuba;Total;Pública;2,6;3,4;2,3;2,2;--;0
2019;Sudeste;SP;3502804;Araçatuba;Urbana;Pública;2,6;3,4;2,3;2,2;--;--
2019;Sudeste;SP;3502804;Araçatuba;Rural;Pública;0;--;--;--;--;0
2019;Sudeste;SP;3502903;Araçoiaba da Serra;Total;Total;0,7;0,5;1,4;0;--;--
2019;Sudeste;SP;3502903;Araçoiaba da Serra;Urbana;Total;0,7;0,5;1,4;0;--;--
2019;Sudeste;SP;3502903;Araçoiaba da Serra;Total;Estadual;0,7;0,6;1,4;0;--;--
2019;Sudeste;SP;3502903;Araçoiaba da Serra;Urbana;Estadual;0,7;0,6;1,4;0;--;--
2019;Sudeste;SP;3502903;Araçoiaba da Serra;Total;Municipal;--;--;--;--;--;--
2019;Sudeste;SP;3502903;Araçoiaba da Serra;Urbana;Municipal;--;--;--;--;--;--
2019;Sudeste;SP;3502903;Araçoiaba da Serra;Total;Privada;0;0;0;0;--;--
2019;Sudeste;SP;3502903;Araçoiaba da Serra;Urbana;Privada;0;0;0;0;--;--
2019;Sudeste;SP;3502903;Araçoiaba da Serra;Total;Pública;0,7;0,6;1,4;0;--;--
2019;Sudeste;SP;3502903;Araçoiaba da Serra;Urbana;Pública;0,7;0,6;1,4;0;--;--
2019;Sudeste;SP;3503000;Aramina;Total;Total;0,8;0;2,2;0;--;--
2019;Sudeste;SP;3503000;Aramina;Urbana;Total;0,8;0;2,2;0;--;--
2019;Sudeste;SP;3503000;Aramina;Total;Estadual;0,8;0;2,2;0;--;--
2019;Sudeste;SP;3503000;Aramina;Urbana;Estadual;0,8;0;2,2;0;--;--
2019;Sudeste;SP;3503000;Aramina;Total;Municipal;--;--;--;--;--;--
2019;Sudeste;SP;3503000;Aramina;Urbana;Municipal;--;--;--;--;--;--
2019;Sudeste;SP;3503000;Aramina;Total;Pública;0,8;0;2,2;0;--;--
2019;Sudeste;SP;3503000;Aramina;Urbana;Pública;0,8;0;2,2;0;--;--
2019;Sudeste;SP;3503109;Arandu;Total;Total;4,3;3,8;7,4;1,6;--;--
2019;Sudeste;SP;3503109;Arandu;Urbana;Total;4,3;3,8;7,4;1,6;--;--
2019;Sudeste;SP;3503109;Arandu;Total;Estadual;4,3;3,8;7,4;1,6;--;--
2019;Sudeste;SP;3503109;Arandu;Urbana;Estadual;4,3;3,8;7,4;1,6;--;--
2019;Sudeste;SP;3503109;Arandu;Total;Municipal;--;--;--;--;--;--
2019;Sudeste;SP;3503109;Arandu;Urbana;Municipal;--;--;--;--;--;--
2019;Sudeste;SP;3503109;Arandu;Total;Pública;4,3;3,8;7,4;1,6;--;--
2019;Sudeste;SP;3503109;Arandu;Urbana;Pública;4,3;3,8;7,4;1,6;--;--
2019;Sudeste;SP;3503158;Arapeí;Total;Total;3,7;3,7;4,4;3,1;--;--
2019;Sudeste;SP;3503158;Arapeí;Urbana;Total;3,7;3,7;4,4;3,1;--;--
2019;Sudeste;SP;3503158;Arapeí;Total;Estadual;3,7;3,7;4,4;3,1;--;--
2019;Sudeste;SP;3503158;Arapeí;Urbana;Estadual;3,7;3,7;4,4;3,1;--;--
2019;Sudeste;SP;3503158;Arapeí;Total;Municipal;--;--;--;--;--;--
2019;Sudeste;SP;3503158;Arapeí;Urbana;Municipal;--;--;--;--;--;--
2019;Sudeste;SP;3503158;Arapeí;Total;Pública;3,7;3,7;4,4;3,1;--;--
2019;Sudeste;SP;3503158;Arapeí;Urbana;Pública;3,7;3,7;4,4;3,1;--;--
2019;Sudeste;SP;3503208;Araraquara;Total;Total;1,1;1,5;1,4;0,6;0;0
2019;Sudeste;SP;3503208;Araraquara;Urbana;Total;1,1;1,5;1,4;0,6;0;0
2019;Sudeste;SP;3503208;Araraquara;Rural;Total;--;--;--;--;--;--
2019;Sudeste;SP;3503208;Araraquara;Total;Federal;0;0;0;0;0;--
2019;Sudeste;SP;3503208;Araraquara;Urbana;Federal;0;0;0;0;0;--
2019;Sudeste;SP;3503208;Araraquara;Total;Estadual;1,5;1,8;1,8;0,7;--;0
2019;Sudeste;SP;3503208;Araraquara;Urbana;Estadual;1,5;1,8;1,8;0,7;--;0
2019;Sudeste;SP;3503208;Araraquara;Total;Municipal;--;--;--;--;--;--
2019;Sudeste;SP;3503208;Araraquara;Urbana;Municipal;--;--;--;--;--;--
2019;Sudeste;SP;3503208;Araraquara;Rural;Municipal;--;--;--;--;--;--
2019;Sudeste;SP;3503208;Araraquara;Total;Privada;0,2;0,5;0;0,1;--;--
2019;Sudeste;SP;3503208;Araraquara;Urbana;Privada;0,2;0,5;0;0,1;--;--
2019;Sudeste;SP;3503208;Araraquara;Total;Pública;1,4;1,7;1,7;0,7;0;0
2019;Sudeste;SP;3503208;Araraquara;Urbana;Pública;1,4;1,7;1,7;0,7;0;0
2019;Sudeste;SP;3503208;Araraquara;Rural;Pública;--;--;--;--;--;--
2019;Sudeste;SP;3503307;Araras;Total;Total;2,5;3,6;2,3;1,3;--;--
2019;Sudeste;SP;3503307;Araras;Urbana;Total;2,5;3,6;2,3;1,3;--;--
2019;Sudeste;SP;3503307;Araras;Rural;Total;--;--;--;--;--;--
2019;Sudeste;SP;3503307;Araras;Total;Estadual;2,8;4;2,6;1,5;--;--
2019;Sudeste;SP;3503307;Araras;Urbana;Estadual;2,8;4;2,6;1,5;--;--
2019;Sudeste;SP;3503307;Araras;Rural;Estadual;--;--;--;--;--;--
2019;Sudeste;SP;3503307;Araras;Total;Municipal;--;--;--;--;--;--
2019;Sudeste;SP;3503307;Araras;Urbana;Municipal;--;--;--;--;--;--
2019;Sudeste;SP;3503307;Araras;Rural;Municipal;--;--;--;--;--;--
2019;Sudeste;SP;3503307;Araras;Total;Privada;0,2;0,5;0;0;--;--
2019;Sudeste;SP;3503307;Araras;Urbana;Privada;0,2;0,5;0;0;--;--
2019;Sudeste;SP;3503307;Araras;Total;Pública;2,8;4;2,6;1,5;--;--
2019;Sudeste;SP;3503307;Araras;Urbana;Pública;2,8;4;2,6;1,5;--;--
2019;Sudeste;SP;3503307;Araras;Rural;Pública;--;--;--;--;--;--
2019;Sudeste;SP;3503356;Arco-Íris;Total;Total;0;0;0;0;--;0
2019;Sudeste;SP;3503356;Arco-Íris;Urbana;Total;0;0;0;0;--;--
2019;Sudeste;SP;3503356;Arco-Íris;Rural;Total;0;--;--;--;--;0
2019;Sudeste;SP;3503356;Arco-Íris;Total;Estadual;0;0;0;0;--;0
2019;Sudeste;SP;3503356;Arco-Íris;Urbana;Estadual;0;0;0;0;--;--
2019;Sudeste;SP;3503356;Arco-Íris;Rural;Estadual;0;--;--;--;--;0
2019;Sudeste;SP;3503356;Arco-Íris;Total;Municipal;--;--;--;--;--;--
2019;Sudeste;SP;3503356;Arco-Íris;Urbana;Municipal;--;--;--;--;--;--
2019;Sudeste;SP;3503356;Arco-Íris;Total;Pública;0;0;0;0;--;0
2019;Sudeste;SP;3503356;Arco-Íris;Urbana;Pública;0;0;0;0;--;--
2019;Sudeste;SP;3503356;Arco-Íris;Rural;Pública;0;--;--;--;--;0
2019;Sudeste;SP;3503406;Arealva;Total;Total;2,4;4,4;2,7;0;--;--
2019;Sudeste;SP;3503406;Arealva;Urbana;Total;2,4;4,4;2,7;0;--;--
2019;Sudeste;SP;3503406;Arealva;Rural;Total;--;--;--;--;--;--
2019;Sudeste;SP;3503406;Arealva;Total;Estadual;2,4;4,4;2,7;0;--;--
2019;Sudeste;SP;3503406;Arealva;Urbana;Estadual;2,4;4,4;2,7;0;--;--
2019;Sudeste;SP;3503406;Arealva;Total;Municipal;--;--;--;--;--;--
2019;Sudeste;SP;3503406;Arealva;Urbana;Municipal;--;--;--;--;--;--
2019;Sudeste;SP;3503406;Arealva;Rural;Municipal;--;--;--;--;--;--
2019;Sudeste;SP;3503406;Arealva;Total;Pública;2,4;4,4;2,7;0;--;--
2019;Sudeste;SP;3503406;Arealva;Urbana;Pública;2,4;4,4;2,7;0;--;--
2019;Sudeste;SP;3503406;Arealva;Rural;Pública;--;--;--;--;--;--
2019;Sudeste;SP;3503505;Areias;Total;Total;0;0;0;0;--;--
2019;Sudeste;SP;3503505;Areias;Urbana;Total;0;0;0;0;--;--
2019;Sudeste;SP;3503505;Areias;Rural;Total;--;--;--;--;--;--
2019;Sudeste;SP;3503505;Areias;Total;Estadual;0;0;0;0;--;--
2019;Sudeste;SP;3503505;Areias;Urbana;Estadual;0;0;0;0;--;--
2019;Sudeste;SP;3503505;Areias;Total;Municipal;--;--;--;--;--;--
2019;Sudeste;SP;3503505;Areias;Urbana;Municipal;--;--;--;--;--;--
2019;Sudeste;SP;3503505;Areias;Rural;Municipal;--;--;--;--;--;--
2019;Sudeste;SP;3503505;Areias;Total;Pública;0;0;0;0;--;--
2019;Sudeste;SP;3503505;Areias;Urbana;Pública;0;0;0;0;--;--
2019;Sudeste;SP;3503505;Areias;Rural;Pública;--;--;--;--;--;--
2019;Sudeste;SP;3503604;Areiópolis;Total;Total;4,7;6,1;2,2;4,9;--;--
2019;Sudeste;SP;3503604;Areiópolis;Urbana;Total;4,7;6,1;2,2;4,9;--;--
2019;Sudeste;SP;3503604;Areiópolis;Total;Estadual;4,7;6,1;2,2;4,9;--;--
2019;Sudeste;SP;3503604;Areiópolis;Urbana;Estadual;4,7;6,1;2,2;4,9;--;--
2019;Sudeste;SP;3503604;Areiópolis;Total;Municipal;--;--;--;--;--;--
2019;Sudeste;SP;3503604;Areiópolis;Urbana;Municipal;--;--;--;--;--;--
2019;Sudeste;SP;3503604;Areiópolis;Total;Pública;4,7;6,1;2,2;4,9;--;--
2019;Sudeste;SP;3503604;Areiópolis;Urbana;Pública;4,7;6,1;2,2;4,9;--;--
2019;Sudeste;SP;3503703;Ariranha;Total;Total;0;0;0;0;--;--
2019;Sudeste;SP;3503703;Ariranha;Urbana;Total;0;0;0;0;--;--
2019;Sudeste;SP;3503703;Ariranha;Total;Estadual;0;0;0;0;--;--
2019;Sudeste;SP;3503703;Ariranha;Urbana;Estadual;0;0;0;0;--;--
2019;Sudeste;SP;3503703;Ariranha;Total;Municipal;--;--;--;--;--;--
2019;Sudeste;SP;3503703;Ariranha;Urbana;Municipal;--;--;--;--;--;--
2019;Sudeste;SP;3503703;Ariranha;Total;Pública;0;0;0;0;--;--
2019;Sudeste;SP;3503703;Ariranha;Urbana;Pública;0;0;0;0;--;--
2019;Sudeste;SP;3503802;Artur Nogueira;Total;Total;2,2;3;2,5;1;--;--
2019;Sudeste;SP;3503802;Artur Nogueira;Urbana;Total;2,2;3;2,5;1;--;--
2019;Sudeste;SP;3503802;Artur Nogueira;Total;Estadual;2,3;3,2;2,7;1,1;--;--
2019;Sudeste;SP;3503802;Artur Nogueira;Urbana;Estadual;2,3;3,2;2,7;1,1;--;--
2019;Sudeste;SP;3503802;Artur Nogueira;Total;Municipal;--;--;--;--;--;--
2019;Sudeste;SP;3503802;Artur Nogueira;Urbana;Municipal;--;--;--;--;--;--
2019;Sudeste;SP;3503802;Artur Nogueira;Total;Privada;0;0;0;0;--;--
2019;Sudeste;SP;3503802;Artur Nogueira;Urbana;Privada;0;0;0;0;--;--
2019;Sudeste;SP;3503802;Artur Nogueira;Total;Pública;2,3;3,2;2,7;1,1;--;--
2019;Sudeste;SP;3503802;Artur Nogueira;Urbana;Pública;2,3;3,2;2,7;1,1;--;--
2019;Sudeste;SP;3503901;Arujá;Total;Total;1,8;2,4;2,1;1,1;--;0
2019;Sudeste;SP;3503901;Arujá;Urbana;Total;1,8;2,4;2,1;1,1;--;0
2019;Sudeste;SP;3503901;Arujá;Rural;Total;--;--;--;--;--;--
2019;Sudeste;SP;3503901;Arujá;Total;Estadual;2,1;2,7;2,3;1,2;--;0
2019;Sudeste;SP;3503901;Arujá;Urbana;Estadual;2,1;2,7;2,3;1,2;--;0
2019;Sudeste;SP;3503901;Arujá;Total;Municipal;--;--;--;--;--;--
2019;Sudeste;SP;3503901;Arujá;Urbana;Municipal;--;--;--;--;--;--
2019;Sudeste;SP;3503901;Arujá;Rural;Municipal;--;--;--;--;--;--
2019;Sudeste;SP;3503901;Arujá;Total;Privada;0;0;0;0;--;--
2019;Sudeste;SP;3503901;Arujá;Urbana;Privada;0;0;0;0;--;--
2019;Sudeste;SP;3503901;Arujá;Total;Pública;2,1;2,7;2,3;1,2;--;0
2019;Sudeste;SP;3503901;Arujá;Urbana;Pública;2,1;2,7;2,3;1,2;--;0
2019;Sudeste;SP;3503901;Arujá;Rural;Pública;--;--;--;--;--;--
2019;Sudeste;SP;3503950;Aspásia;Total;Total;0;0;0;0;--;--
2019;Sudeste;SP;3503950;Aspásia;Urbana;Total;0;0;0;0;--;--
2019;Sudeste;SP;3503950;Aspásia;Total;Estadual;0;0;0;0;--;--
2019;Sudeste;SP;3503950;Aspásia;Urbana;Estadual;0;0;0;0;--;--
2019;Sudeste;SP;3503950;Aspásia;Total;Municipal;--;--;--;--;--;--
2019;Sudeste;SP;3503950;Aspásia;Urbana;Municipal;--;--;--;--;--;--
2019;Sudeste;SP;3503950;Aspásia;Total;Pública;0;0;0;0;--;--
2019;Sudeste;SP;3503950;Aspásia;Urbana;Pública;0;0;0;0;--;--
2019;Sudeste;SP;3504008;Assis;Total;Total;1,6;1,6;1,5;1,7;--;--
2019;Sudeste;SP;3504008;Assis;Urbana;Total;1,6;1,6;1,5;1,7;--;--
2019;Sudeste;SP;3504008;Assis;Total;Estadual;2;2;1,9;2;--;--
2019;Sudeste;SP;3504008;Assis;Urbana;Estadual;2;2;1,9;2;--;--
2019;Sudeste;SP;3504008;Assis;Total;Municipal;--;--;--;--;--;--
2019;Sudeste;SP;3504008;Assis;Urbana;Municipal;--;--;--;--;--;--
2019;Sudeste;SP;3504008;Assis;Total;Privada;0;0;0;0;--;--
2019;Sudeste;SP;3504008;Assis;Urbana;Privada;0;0;0;0;--;--
2019;Sudeste;SP;3504008;Assis;Total;Pública;2;2;1,9;2;--;--
2019;Sudeste;SP;3504008;Assis;Urbana;Pública;2;2;1,9;2;--;--
2019;Sudeste;SP;3504107;Atibaia;Total;Total;1,5;1,6;1,8;0,9;--;0
2019;Sudeste;SP;3504107;Atibaia;Urbana;Total;1,4;1,7;1,7;0,8;--;--
2019;Sudeste;SP;3504107;Atibaia;Rural;Total;1,9;1,9;2,2;1,7;--;0
2019;Sudeste;SP;3504107;Atibaia;Total;Estadual;1,9;2;2,3;1,2;--;0
2019;Sudeste;SP;3504107;Atibaia;Urbana;Estadual;1,8;2,1;2,3;1,1;--;--
2019;Sudeste;SP;3504107;Atibaia;Rural;Estadual;1,9;1,9;2,2;1,7;--;0
2019;Sudeste;SP;3504107;Atibaia;Total;Municipal;--;--;--;--;--;--
2019;Sudeste;SP;3504107;Atibaia;Urbana;Municipal;--;--;--;--;--;--
2019;Sudeste;SP;3504107;Atibaia;Rural;Municipal;--;--;--;--;--;--
2019;Sudeste;SP;3504107;Atibaia;Total;Privada;0,1;0;0;0,3;--;--
2019;Sudeste;SP;3504107;Atibaia;Urbana;Privada;0,1;0;0;0,3;--;--
2019;Sudeste;SP;3504107;Atibaia;Rural;Privada;--;--;--;--;--;--
2019;Sudeste;SP;3504107;Atibaia;Total;Pública;1,9;2;2,3;1,2;--;0
2019;Sudeste;SP;3504107;Atibaia;Urbana;Pública;1,8;2,1;2,3;1,1;--;--
2019;Sudeste;SP;3504107;Atibaia;Rural;Pública;1,9;1,9;2,2;1,7;--;0
2019;Sudeste;SP;3504206;Auriflama;Total;Total;0,2;0,6;0;0;--;--
2019;Sudeste;SP;3504206;Auriflama;Urbana;Total;0,2;0,6;0;0;--;--
2019;Sudeste;SP;3504206;Auriflama;Total;Estadual;0,3;0,8;0;0;--;--
2019;Sudeste;SP;3504206;Auriflama;Urbana;Estadual;0,3;0,8;0;0;--;--
2019;Sudeste;SP;3504206;Auriflama;Total;Municipal;--;--;--;--;--;--
2019;Sudeste;SP;3504206;Auriflama;Urbana;Municipal;--;--;--;--;--;--
2019;Sudeste;SP;3504206;Auriflama;Total;Privada;0;0;0;0;--;--
2019;Sudeste;SP;3504206;Auriflama;Urbana;Privada;0;0;0;0;--;--
2019;Sudeste;SP;3504206;Auriflama;Total;Pública;0,3;0,8;0;0;--;--
2019;Sudeste;SP;3504206;Auriflama;Urbana;Pública;0,3;0,8;0;0;--;--
2019;Sudeste;SP;3504305;Avaí;Total;Total;0;0;0;0;--;0
2019;Sudeste;SP;3504305;Avaí;Urbana;Total;0;0;0;0;--;--
2019;Sudeste;SP;3504305;Avaí;Rural;Total;0;--;--;--;--;0
2019;Sudeste;SP;3504305;Avaí;Total;Estadual;0;0;0;0;--;0
2019;Sudeste;SP;3504305;Avaí;Urbana;Estadual;0;0;0;0;--;--
2019;Sudeste;SP;3504305;Avaí;Rural;Estadual;0;--;--;--;--;0
2019;Sudeste;SP;3504305;Avaí;Total;Municipal;--;--;--;--;--;--
2019;Sudeste;SP;3504305;Avaí;Urbana;Municipal;--;--;--;--;--;--
2019;Sudeste;SP;3504305;Avaí;Total;Pública;0;0;0;0;--;0
2019;Sudeste;SP;3504305;Avaí;Urbana;Pública;0;0;0;0;--;--
2019;Sudeste;SP;3504305;Avaí;Rural;Pública;0;--;--;--;--;0
2019;Sudeste;SP;3504404;Avanhandava;Total;Total;4,9;6,5;3,7;3,9;--;--
2019;Sudeste;SP;3504404;Avanhandava;Urbana;Total;4,9;6,5;3,7;3,9;--;--
2019;Sudeste;SP;3504404;Avanhandava;Total;Estadual;6;8,1;4,7;4,6;--;--
2019;Sudeste;SP;3504404;Avanhandava;Urbana;Estadual;6;8,1;4,7;4,6;--;--
2019;Sudeste;SP;3504404;Avanhandava;Total;Municipal;--;--;--;--;--;--
2019;Sudeste;SP;3504404;Avanhandava;Urbana;Municipal;--;--;--;--;--;--
2019;Sudeste;SP;3504404;Avanhandava;Total;Privada;0;0;0;0;--;--
2019;Sudeste;SP;3504404;Avanhandava;Urbana;Privada;0;0;0;0;--;--
2019;Sudeste;SP;3504404;Avanhandava;Total;Pública;6;8,1;4,7;4,6;--;--
2019;Sudeste;SP;3504404;Avanhandava;Urbana;Pública;6;8,1;4,7;4,6;--;--
2019;Sudeste;SP;3504503;Avaré;Total;Total;2,2;2,5;2,9;1,3;--;--
2019;Sudeste;SP;3504503;Avaré;Urbana;Total;2,2;2,5;2,9;1,3;--;--
2019;Sudeste;SP;3504503;Avaré;Rural;Total;--;--;--;--;--;--
2019;Sudeste;SP;3504503;Avaré;Total;Federal;0,6;0;0;1,9;--;--
2019;Sudeste;SP;3504503;Avaré;Urbana;Federal;0,6;0;0;1,9;--;--
2019;Sudeste;SP;3504503;Avaré;Total;Estadual;2,8;3,2;3,7;1,4;--;--
2019;Sudeste;SP;3504503;Avaré;Urbana;Estadual;2,8;3,2;3,7;1,4;--;--
2019;Sudeste;SP;3504503;Avaré;Total;Municipal;--;--;--;--;--;--
2019;Sudeste;SP;3504503;Avaré;Urbana;Municipal;--;--;--;--;--;--
2019;Sudeste;SP;3504503;Avaré;Rural;Municipal;--;--;--;--;--;--
2019;Sudeste;SP;3504503;Avaré;Total;Privada;0;0;0;0;--;--
2019;Sudeste;SP;3504503;Avaré;Urbana;Privada;0;0;0;0;--;--
2019;Sudeste;SP;3504503;Avaré;Total;Pública;2,5;2,8;3,3;1,6;--;--
2019;Sudeste;SP;3504503;Avaré;Urbana;Pública;2,5;2,8;3,3;1,6;--;--
2019;Sudeste;SP;3504503;Avaré;Rural;Pública;--;--;--;--;--;--
2019;Sudeste;SP;3504602;Bady Bassitt;Total;Total;5,2;3,5;6,3;6,8;--;--
2019;Sudeste;SP;3504602;Bady Bassitt;Urbana;Total;5,2;3,5;6,3;6,8;--;--
2019;Sudeste;SP;3504602;Bady Bassitt;Total;Estadual;5,2;3,6;6,3;6,8;--;--
2019;Sudeste;SP;3504602;Bady Bassitt;Urbana;Estadual;5,2;3,6;6,3;6,8;--;--
2019;Sudeste;SP;3504602;Bady Bassitt;Total;Municipal;--;--;--;--;--;--
2019;Sudeste;SP;3504602;Bady Bassitt;Urbana;Municipal;--;--;--;--;--;--
2019;Sudeste;SP;3504602;Bady Bassitt;Total;Privada;0;0;--;--;--;--
2019;Sudeste;SP;3504602;Bady Bassitt;Urbana;Privada;0;0;--;--;--;--
2019;Sudeste;SP;3504602;Bady Bassitt;Total;Pública;5,2;3,6;6,3;6,8;--;--
2019;Sudeste;SP;3504602;Bady Bassitt;Urbana;Pública;5,2;3,6;6,3;6,8;--;--
2019;Sudeste;SP;3504701;Balbinos;Total;Total;0;0;0;0;--;--
2019;Sudeste;SP;3504701;Balbinos;Urbana;Total;0;0;0;0;--;--
2019;Sudeste;SP;3504701;Balbinos;Total;Estadual;0;0;0;0;--;--
2019;Sudeste;SP;3504701;Balbinos;Urbana;Estadual;0;0;0;0;--;--
2019;Sudeste;SP;3504701;Balbinos;Total;Municipal;--;--;--;--;--;--
2019;Sudeste;SP;3504701;Balbinos;Urbana;Municipal;--;--;--;--;--;--
2019;Sudeste;SP;3504701;Balbinos;Total;Pública;0;0;0;0;--;--
2019;Sudeste;SP;3504701;Balbinos;Urbana;Pública;0;0;0;0;--;--
2019;Sudeste;SP;3504800;Bálsamo;Total;Total;0,9;2,4;0;0;--;--
2019;Sudeste;SP;3504800;Bálsamo;Urbana;Total;0,9;2,4;0;0;--;--
2019;Sudeste;SP;3504800;Bálsamo;Total;Estadual;0,9;2,4;0;0;--;--
2019;Sudeste;SP;3504800;Bálsamo;Urbana;Estadual;0,9;2,4;0;0;--;--
2019;Sudeste;SP;3504800;Bálsamo;Total;Municipal;--;--;--;--;--;--
2019;Sudeste;SP;3504800;Bálsamo;Urbana;Municipal;--;--;--;--;--;--
2019;Sudeste;SP;3504800;Bálsamo;Total;Pública;0,9;2,4;0;0;--;--
2019;Sudeste;SP;3504800;Bálsamo;Urbana;Pública;0,9;2,4;0;0;--;--
2019;Sudeste;SP;3504909;Bananal;Total;Total;0;0;0;0;--;--
2019;Sudeste;SP;3504909;Bananal;Urbana;Total;0;0;0;0;--;--
2019;Sudeste;SP;3504909;Bananal;Rural;Total;--;--;--;--;--;--
2019;Sudeste;SP;3504909;Bananal;Total;Estadual;0;0;0;0;--;--
2019;Sudeste;SP;3504909;Bananal;Urbana;Estadual;0;0;0;0;--;--
2019;Sudeste;SP;3504909;Bananal;Total;Municipal;--;--;--;--;--;--
2019;Sudeste;SP;3504909;Bananal;Urbana;Municipal;--;--;--;--;--;--
2019;Sudeste;SP;3504909;Bananal;Rural;Municipal;--;--;--;--;--;--
2019;Sudeste;SP;3504909;Bananal;Total;Pública;0;0;0;0;--;--
2019;Sudeste;SP;3504909;Bananal;Urbana;Pública;0;0;0;0;--;--
2019;Sudeste;SP;3504909;Bananal;Rural;Pública;--;--;--;--;--;--
2019;Sudeste;SP;3505005;Barão de Antonina;Total;Total;0;0;0;0;--;--
2019;Sudeste;SP;3505005;Barão de Antonina;Urbana;Total;0;0;0;0;--;--
2019;Sudeste;SP;3505005;Barão de Antonina;Rural;Total;--;--;--;--;--;--
2019;Sudeste;SP;3505005;Barão de Antonina;Total;Estadual;0;0;0;0;--;--
2019;Sudeste;SP;3505005;Barão de Antonina;Urbana;Estadual;0;0;0;0;--;--
2019;Sudeste;SP;3505005;Barão de Antonina;Rural;Estadual;--;--;--;--;--;--
2019;Sudeste;SP;3505005;Barão de Antonina;Total;Municipal;--;--;--;--;--;--
2019;Sudeste;SP;3505005;Barão de Antonina;Urbana;Municipal;--;--;--;--;--;--
2019;Sudeste;SP;3505005;Barão de Antonina;Total;Pública;0;0;0;0;--;--
2019;Sudeste;SP;3505005;Barão de Antonina;Urbana;Pública;0;0;0;0;--;--
2019;Sudeste;SP;3505005;Barão de Antonina;Rural;Pública;--;--;--;--;--;--
2019;Sudeste;SP;3505104;Barbosa;Total;Total;1,9;1,4;0;4,3;--;--
2019;Sudeste;SP;3505104;Barbosa;Urbana;Total;1,9;1,4;0;4,3;--;--
2019;Sudeste;SP;3505104;Barbosa;Total;Estadual;1,9;1,4;0;4,3;--;--
2019;Sudeste;SP;3505104;Barbosa;Urbana;Estadual;1,9;1,4;0;4,3;--;--
2019;Sudeste;SP;3505104;Barbosa;Total;Municipal;--;--;--;--;--;--
2019;Sudeste;SP;3505104;Barbosa;Urbana;Municipal;--;--;--;--;--;--
2019;Sudeste;SP;3505104;Barbosa;Total;Pública;1,9;1,4;0;4,3;--;--
2019;Sudeste;SP;3505104;Barbosa;Urbana;Pública;1,9;1,4;0;4,3;--;--
2019;Sudeste;SP;3505203;Bariri;Total;Total;0,4;0,3;0;0,8;--;--
2019;Sudeste;SP;3505203;Bariri;Urbana;Total;0,4;0,3;0;0,8;--;--
2019;Sudeste;SP;3505203;Bariri;Total;Estadual;0,4;0,4;0;0,9;--;--
2019;Sudeste;SP;3505203;Bariri;Urbana;Estadual;0,4;0,4;0;0,9;--;--
2019;Sudeste;SP;3505203;Bariri;Total;Municipal;--;--;--;--;--;--
2019;Sudeste;SP;3505203;Bariri;Urbana;Municipal;--;--;--;--;--;--
2019;Sudeste;SP;3505203;Bariri;Total;Privada;0;0;0;0;--;--
2019;Sudeste;SP;3505203;Bariri;Urbana;Privada;0;0;0;0;--;--
2019;Sudeste;SP;3505203;Bariri;Total;Pública;0,4;0,4;0;0,9;--;--
2019;Sudeste;SP;3505203;Bariri;Urbana;Pública;0,4;0,4;0;0,9;--;--
2019;Sudeste;SP;3505302;Barra Bonita;Total;Total;0,6;1;0,5;0;--;--
2019;Sudeste;SP;3505302;Barra Bonita;Urbana;Total;0,6;1;0,5;0;--;--
2019;Sudeste;SP;3505302;Barra Bonita;Total;Estadual;0,6;1,2;0,5;0;--;--
2019;Sudeste;SP;3505302;Barra Bonita;Urbana;Estadual;0,6;1,2;0,5;0;--;--
2019;Sudeste;SP;3505302;Barra Bonita;Total;Municipal;--;--;--;--;--;--
2019;Sudeste;SP;3505302;Barra Bonita;Urbana;Municipal;--;--;--;--;--;--
2019;Sudeste;SP;3505302;Barra Bonita;Total;Privada;0;0;0;0;--;--
2019;Sudeste;SP;3505302;Barra Bonita;Urbana;Privada;0;0;0;0;--;--
2019;Sudeste;SP;3505302;Barra Bonita;Total;Pública;0,6;1,2;0,5;0;--;--
2019;Sudeste;SP;3505302;Barra Bonita;Urbana;Pública;0,6;1,2;0,5;0;--;--
2019;Sudeste;SP;3505351;Barra do Chapéu;Total;Total;0;0;0;0;--;--
2019;Sudeste;SP;3505351;Barra do Chapéu;Urbana;Total;0;0;0;0;--;--
2019;Sudeste;SP;3505351;Barra do Chapéu;Rural;Total;0;0;0;0;--;--
2019;Sudeste;SP;3505351;Barra do Chapéu;Total;Estadual;0;0;0;0;--;--
2019;Sudeste;SP;3505351;Barra do Chapéu;Urbana;Estadual;0;0;0;0;--;--
2019;Sudeste;SP;3505351;Barra do Chapéu;Rural;Estadual;0;0;0;0;--;--
2019;Sudeste;SP;3505351;Barra do Chapéu;Total;Municipal;--;--;--;--;--;--
2019;Sudeste;SP;3505351;Barra do Chapéu;Urbana;Municipal;--;--;--;--;--;--
2019;Sudeste;SP;3505351;Barra do Chapéu;Rural;Municipal;--;--;--;--;--;--
2019;Sudeste;SP;3505351;Barra do Chapéu;Total;Pública;0;0;0;0;--;--
2019;Sudeste;SP;3505351;Barra do Chapéu;Urbana;Pública;0;0;0;0;--;--
2019;Sudeste;SP;3505351;Barra do Chapéu;Rural;Pública;0;0;0;0;--;--
2019;Sudeste;SP;3505401;Barra do Turvo;Total;Total;3,9;4,7;3;3,8;--;--
2019;Sudeste;SP;3505401;Barra do Turvo;Urbana;Total;5;6,6;3,7;4,9;--;--
2019;Sudeste;SP;3505401;Barra do Turvo;Rural;Total;0;0;0;0;--;--
2019;Sudeste;SP;3505401;Barra do Turvo;Total;Estadual;3,9;4,7;3;3,8;--;--
2019;Sudeste;SP;3505401;Barra do Turvo;Urbana;Estadual;5;6,6;3,7;4,9;--;--
2019;Sudeste;SP;3505401;Barra do Turvo;Rural;Estadual;0;0;0;0;--;--
2019;Sudeste;SP;3505401;Barra do Turvo;Total;Municipal;--;--;--;--;--;--
2019;Sudeste;SP;3505401;Barra do Turvo;Urbana;Municipal;--;--;--;--;--;--
2019;Sudeste;SP;3505401;Barra do Turvo;Rural;Municipal;--;--;--;--;--;--
2019;Sudeste;SP;3505401;Barra do Turvo;Total;Pública;3,9;4,7;3;3,8;--;--
2019;Sudeste;SP;3505401;Barra do Turvo;Urbana;Pública;5;6,6;3,7;4,9;--;--
2019;Sudeste;SP;3505401;Barra do Turvo;Rural;Pública;0;0;0;0;--;--
2019;Sudeste;SP;3505500;Barretos;Total;Total;0,8;0,9;0,6;0,8;--;--
2019;Sudeste;SP;3505500;Barretos;Urbana;Total;0,9;1;0,5;0,8;--;--
2019;Sudeste;SP;3505500;Barretos;Rural;Total;0;0;0;0;--;--
2019;Sudeste;SP;3505500;Barretos;Total;Federal;0,2;0;0;0,9;--;--
2019;Sudeste;SP;3505500;Barretos;Urbana;Federal;0,2;0;0;0,9;--;--
2019;Sudeste;SP;3505500;Barretos;Total;Estadual;1,1;1,4;0,8;1;--;--
2019;Sudeste;SP;3505500;Barretos;Urbana;Estadual;1,2;1,4;0,8;1,1;--;--
2019;Sudeste;SP;3505500;Barretos;Rural;Estadual;0;0;0;0;--;--
2019;Sudeste;SP;3505500;Barretos;Total;Municipal;--;--;--;--;--;--
2019;Sudeste;SP;3505500;Barretos;Urbana;Municipal;--;--;--;--;--;--
2019;Sudeste;SP;3505500;Barretos;Total;Privada;0;0;0;0;--;--
2019;Sudeste;SP;3505500;Barretos;Urbana;Privada;0;0;0;0;--;--
2019;Sudeste;SP;3505500;Barretos;Total;Pública;1;1,2;0,7;1;--;--
2019;Sudeste;SP;3505500;Barretos;Urbana;Pública;1;1,2;0,7;1;--;--
2019;Sudeste;SP;3505500;Barretos;Rural;Pública;0;0;0;0;--;--
2019;Sudeste;SP;3505609;Barrinha;Total;Total;2,4;4,9;2,2;0,6;--;--
2019;Sudeste;SP;3505609;Barrinha;Urbana;Total;2,4;4,9;2,2;0,6;--;--
2019;Sudeste;SP;3505609;Barrinha;Total;Estadual;2,4;4,9;2,3;0,6;--;--
2019;Sudeste;SP;3505609;Barrinha;Urbana;Estadual;2,4;4,9;2,3;0,6;--;--
2019;Sudeste;SP;3505609;Barrinha;Total;Municipal;--;--;--;--;--;--
2019;Sudeste;SP;3505609;Barrinha;Urbana;Municipal;--;--;--;--;--;--
2019;Sudeste;SP;3505609;Barrinha;Total;Privada;0;0;0;0;--;--
2019;Sudeste;SP;3505609;Barrinha;Urbana;Privada;0;0;0;0;--;--
2019;Sudeste;SP;3505609;Barrinha;Total;Pública;2,4;4,9;2,3;0,6;--;--
2019;Sudeste;SP;3505609;Barrinha;Urbana;Pública;2,4;4,9;2,3;0,6;--;--
2019;Sudeste;SP;3505708;Barueri;Total;Total;0,8;1,1;0,8;0,6;--;--
2019;Sudeste;SP;3505708;Barueri;Urbana;Total;0,8;1,1;0,8;0,6;--;--
2019;Sudeste;SP;3505708;Barueri;Total;Estadual;1,5;2,1;1,3;1;--;--
2019;Sudeste;SP;3505708;Barueri;Urbana;Estadual;1,5;2,1;1,3;1;--;--
2019;Sudeste;SP;3505708;Barueri;Total;Municipal;0,2;0,1;0,1;0,3;--;--
2019;Sudeste;SP;3505708;Barueri;Urbana;Municipal;0,2;0,1;0,1;0,3;--;--
2019;Sudeste;SP;3505708;Barueri;Total;Privada;0;0;0;0;--;--
2019;Sudeste;SP;3505708;Barueri;Urbana;Privada;0;0;0;0;--;--
2019;Sudeste;SP;3505708;Barueri;Total;Pública;0,9;1,2;0,8;0,6;--;--
2019;Sudeste;SP;3505708;Barueri;Urbana;Pública;0,9;1,2;0,8;0,6;--;--
2019;Sudeste;SP;3505807;Bastos;Total;Total;1,5;2;0,4;2;--;--
2019;Sudeste;SP;3505807;Bastos;Urbana;Total;1,5;2;0,4;2;--;--
2019;Sudeste;SP;3505807;Bastos;Total;Estadual;1,7;2,2;0,4;2,3;--;--
2019;Sudeste;SP;3505807;Bastos;Urbana;Estadual;1,7;2,2;0,4;2,3;--;--
2019;Sudeste;SP;3505807;Bastos;Total;Municipal;--;--;--;--;--;--
2019;Sudeste;SP;3505807;Bastos;Urbana;Municipal;--;--;--;--;--;--
2019;Sudeste;SP;3505807;Bastos;Total;Privada;0;0;0;0;--;--
2019;Sudeste;SP;3505807;Bastos;Urbana;Privada;0;0;0;0;--;--
2019;Sudeste;SP;3505807;Bastos;Total;Pública;1,7;2,2;0,4;2,3;--;--
2019;Sudeste;SP;3505807;Bastos;Urbana;Pública;1,7;2,2;0,4;2,3;--;--
2019;Sudeste;SP;3505906;Batatais;Total;Total;3,7;3,1;3,6;4,8;--;0
2019;Sudeste;SP;3505906;Batatais;Urbana;Total;3,7;3,1;3,6;4,8;--;0
2019;Sudeste;SP;3505906;Batatais;Total;Estadual;4,4;3,6;4,3;5,5;--;0
2019;Sudeste;SP;3505906;Batatais;Urbana;Estadual;4,4;3,6;4,3;5,5;--;0
2019;Sudeste;SP;3505906;Batatais;Total;Municipal;--;--;--;--;--;--
2019;Sudeste;SP;3505906;Batatais;Urbana;Municipal;--;--;--;--;--;--
2019;Sudeste;SP;3505906;Batatais;Total;Privada;0;0;0;0;--;--
2019;Sudeste;SP;3505906;Batatais;Urbana;Privada;0;0;0;0;--;--
2019;Sudeste;SP;3505906;Batatais;Total;Pública;4,4;3,6;4,3;5,5;--;0
2019;Sudeste;SP;3505906;Batatais;Urbana;Pública;4,4;3,6;4,3;5,5;--;0
2019;Sudeste;SP;3506003;Bauru;Total;Total;2,1;2,9;2,4;1,1;--;0
2019;Sudeste;SP;3506003;Bauru;Urbana;Total;2,1;2,9;2,4;1,1;--;0
2019;Sudeste;SP;3506003;Bauru;Total;Estadual;2,6;3,5;3,1;1,3;--;0
2019;Sudeste;SP;3506003;Bauru;Urbana;Estadual;2,6;3,5;3,1;1,3;--;0
2019;Sudeste;SP;3506003;Bauru;Total;Municipal;--;--;--;--;--;--
2019;Sudeste;SP;3506003;Bauru;Urbana;Municipal;--;--;--;--;--;--
2019;Sudeste;SP;3506003;Bauru;Total;Privada;0;0;0;0;--;--
2019;Sudeste;SP;3506003;Bauru;Urbana;Privada;0;0;0;0;--;--
2019;Sudeste;SP;3506003;Bauru;Total;Pública;2,6;3,5;3,1;1,3;--;0
2019;Sudeste;SP;3506003;Bauru;Urbana;Pública;2,6;3,5;3,1;1,3;--;0
2019;Sudeste;SP;3506102;Bebedouro;Total;Total;1,9;2,9;2,1;0,9;--;--
2019;Sudeste;SP;3506102;Bebedouro;Urbana;Total;1,9;2,9;2,1;0,9;--;--
2019;Sudeste;SP;3506102;Bebedouro;Total;Estadual;2,6;3,9;2,7;1,1;--;--
2019;Sudeste;SP;3506102;Bebedouro;Urbana;Estadual;2,6;3,9;2,7;1,1;--;--
2019;Sudeste;SP;3506102;Bebedouro;Total;Municipal;--;--;--;--;--;--
2019;Sudeste;SP;3506102;Bebedouro;Urbana;Municipal;--;--;--;--;--;--
2019;Sudeste;SP;3506102;Bebedouro;Total;Privada;0;0;0;0;--;--
2019;Sudeste;SP;3506102;Bebedouro;Urbana;Privada;0;0;0;0;--;--
2019;Sudeste;SP;3506102;Bebedouro;Total;Pública;2,6;3,9;2,7;1,1;--;--
2019;Sudeste;SP;3506102;Bebedouro;Urbana;Pública;2,6;3,9;2,7;1,1;--;--
2019;Sudeste;SP;3506201;Bento de Abreu;Total;Total;0;0;0;0;--;--
2019;Sudeste;SP;3506201;Bento de Abreu;Urbana;Total;0;0;0;0;--;--
2019;Sudeste;SP;3506201;Bento de Abreu;Total;Estadual;0;0;0;0;--;--
2019;Sudeste;SP;3506201;Bento de Abreu;Urbana;Estadual;0;0;0;0;--;--
2019;Sudeste;SP;3506201;Bento de Abreu;Total;Municipal;--;--;--;--;--;--
2019;Sudeste;SP;3506201;Bento de Abreu;Urbana;Municipal;--;--;--;--;--;--
2019;Sudeste;SP;3506201;Bento de Abreu;Total;Pública;0;0;0;0;--;--
2019;Sudeste;SP;3506201;Bento de Abreu;Urbana;Pública;0;0;0;0;--;--
2019;Sudeste;SP;3506300;Bernardino de Campos;Total;Total;0,4;0;1,3;0;--;--
2019;Sudeste;SP;3506300;Bernardino de Campos;Urbana;Total;0,4;0;1,3;0;--;--
2019;Sudeste;SP;3506300;Bernardino de Campos;Total;Estadual;0,4;0;1,3;0;--;--
2019;Sudeste;SP;3506300;Bernardino de Campos;Urbana;Estadual;0,4;0;1,3;0;--;--
2019;Sudeste;SP;3506300;Bernardino de Campos;Total;Municipal;--;--;--;--;--;--
2019;Sudeste;SP;3506300;Bernardino de Campos;Urbana;Municipal;--;--;--;--;--;--
2019;Sudeste;SP;3506300;Bernardino de Campos;Total;Privada;--;--;--;--;--;--
2019;Sudeste;SP;3506300;Bernardino de Campos;Urbana;Privada;--;--;--;--;--;--
2019;Sudeste;SP;3506300;Bernardino de Campos;Total;Pública;0,4;0;1,3;0;--;--
2019;Sudeste;SP;3506300;Bernardino de Campos;Urbana;Pública;0,4;0;1,3;0;--;--
2019;Sudeste;SP;3506359;Bertioga;Total;Total;2,9;4,1;2,3;2,5;--;--
2019;Sudeste;SP;3506359;Bertioga;Urbana;Total;2,9;4,1;2,3;2,5;--;--
2019;Sudeste;SP;3506359;Bertioga;Total;Estadual;3,3;4,8;2,6;2,9;--;--
2019;Sudeste;SP;3506359;Bertioga;Urbana;Estadual;3,3;4,8;2,6;2,9;--;--
2019;Sudeste;SP;3506359;Bertioga;Total;Municipal;--;--;--;--;--;--
2019;Sudeste;SP;3506359;Bertioga;Urbana;Municipal;--;--;--;--;--;--
2019;Sudeste;SP;3506359;Bertioga;Total;Privada;0;0;0;0;--;--
2019;Sudeste;SP;3506359;Bertioga;Urbana;Privada;0;0;0;0;--;--
2019;Sudeste;SP;3506359;Bertioga;Total;Pública;3,3;4,8;2,6;2,9;--;--
2019;Sudeste;SP;3506359;Bertioga;Urbana;Pública;3,3;4,8;2,6;2,9;--;--
2019;Sudeste;SP;3506409;Bilac;Total;Total;0;0;0;0;--;--
2019;Sudeste;SP;3506409;Bilac;Urbana;Total;0;0;0;0;--;--
2019;Sudeste;SP;3506409;Bilac;Total;Estadual;0;0;0;0;--;--
2019;Sudeste;SP;3506409;Bilac;Urbana;Estadual;0;0;0;0;--;--
2019;Sudeste;SP;3506409;Bilac;Total;Municipal;--;--;--;--;--;--
2019;Sudeste;SP;3506409;Bilac;Urbana;Municipal;--;--;--;--;--;--
2019;Sudeste;SP;3506409;Bilac;Total;Pública;0;0;0;0;--;--
2019;Sudeste;SP;3506409;Bilac;Urbana;Pública;0;0;0;0;--;--
2019;Sudeste;SP;3506508;Birigui;Total;Total;1,8;1,9;2,1;1,6;--;--
2019;Sudeste;SP;3506508;Birigui;Urbana;Total;1,8;1,9;2,1;1,6;--;--
2019;Sudeste;SP;3506508;Birigui;Total;Federal;0;0;0;0;--;--
2019;Sudeste;SP;3506508;Birigui;Urbana;Federal;0;0;0;0;--;--
2019;Sudeste;SP;3506508;Birigui;Total;Estadual;2,2;2,3;2,6;1,8;--;--
2019;Sudeste;SP;3506508;Birigui;Urbana;Estadual;2,2;2,3;2,6;1,8;--;--
2019;Sudeste;SP;3506508;Birigui;Total;Municipal;--;--;--;--;--;--
2019;Sudeste;SP;3506508;Birigui;Urbana;Municipal;--;--;--;--;--;--
2019;Sudeste;SP;3506508;Birigui;Total;Privada;0;0;0;0;--;--
2019;Sudeste;SP;3506508;Birigui;Urbana;Privada;0;0;0;0;--;--
2019;Sudeste;SP;3506508;Birigui;Total;Pública;2,1;2,2;2,5;1,7;--;--
2019;Sudeste;SP;3506508;Birigui;Urbana;Pública;2,1;2,2;2,5;1,7;--;--
2019;Sudeste;SP;3506607;Biritiba Mirim;Total;Total;3,6;3,8;6,2;0,7;--;--
2019;Sudeste;SP;3506607;Biritiba Mirim;Urbana;Total;3,6;3,8;6,2;0,7;--;--
2019;Sudeste;SP;3506607;Biritiba Mirim;Total;Estadual;3,8;4,1;6,6;0,6;--;--
2019;Sudeste;SP;3506607;Biritiba Mirim;Urbana;Estadual;3,8;4,1;6,6;0,6;--;--
2019;Sudeste;SP;3506607;Biritiba Mirim;Total;Municipal;--;--;--;--;--;--
2019;Sudeste;SP;3506607;Biritiba Mirim;Urbana;Municipal;--;--;--;--;--;--
2019;Sudeste;SP;3506607;Biritiba Mirim;Total;Privada;0;0;0;0;--;--
2019;Sudeste;SP;3506607;Biritiba Mirim;Urbana;Privada;0;0;0;0;--;--
2019;Sudeste;SP;3506607;Biritiba Mirim;Total;Pública;3,8;4,1;6,6;0,6;--;--
2019;Sudeste;SP;3506607;Biritiba Mirim;Urbana;Pública;3,8;4,1;6,6;0,6;--;--
2019;Sudeste;SP;3506706;Boa Esperança do Sul;Total;Total;0,5;1;0;0;--;--
2019;Sudeste;SP;3506706;Boa Esperança do Sul;Urbana;Total;0,5;1;0;0;--;--
2019;Sudeste;SP;3506706;Boa Esperança do Sul;Total;Estadual;0,5;1;0;0;--;--
2019;Sudeste;SP;3506706;Boa Esperança do Sul;Urbana;Estadual;0,5;1;0;0;--;--
2019;Sudeste;SP;3506706;Boa Esperança do Sul;Total;Municipal;--;--;--;--;--;--
2019;Sudeste;SP;3506706;Boa Esperança do Sul;Urbana;Municipal;--;--;--;--;--;--
2019;Sudeste;SP;3506706;Boa Esperança do Sul;Total;Privada;--;--;--;--;--;--
2019;Sudeste;SP;3506706;Boa Esperança do Sul;Urbana;Privada;--;--;--;--;--;--
2019;Sudeste;SP;3506706;Boa Esperança do Sul;Total;Pública;0,5;1;0;0;--;--
2019;Sudeste;SP;3506706;Boa Esperança do Sul;Urbana;Pública;0,5;1;0;0;--;--
2019;Sudeste;SP;3506805;Bocaina;Total;Total;8,2;10;6,6;8,3;--;--
2019;Sudeste;SP;3506805;Bocaina;Urbana;Total;8,2;10;6,6;8,3;--;--
2019;Sudeste;SP;3506805;Bocaina;Rural;Total;--;--;--;--;--;--
2019;Sudeste;SP;3506805;Bocaina;Total;Estadual;8,2;10;6,6;8,3;--;--
2019;Sudeste;SP;3506805;Bocaina;Urbana;Estadual;8,2;10;6,6;8,3;--;--
2019;Sudeste;SP;3506805;Bocaina;Total;Municipal;--;--;--;--;--;--
2019;Sudeste;SP;3506805;Bocaina;Urbana;Municipal;--;--;--;--;--;--
2019;Sudeste;SP;3506805;Bocaina;Rural;Municipal;--;--;--;--;--;--
2019;Sudeste;SP;3506805;Bocaina;Total;Pública;8,2;10;6,6;8,3;--;--
2019;Sudeste;SP;3506805;Bocaina;Urbana;Pública;8,2;10;6,6;8,3;--;--
2019;Sudeste;SP;3506805;Bocaina;Rural;Pública;--;--;--;--;--;--
2019;Sudeste;SP;3506904;Bofete;Total;Total;0,4;1;0;0;--;--
2019;Sudeste;SP;3506904;Bofete;Urbana;Total;0,4;1;0;0;--;--
2019;Sudeste;SP;3506904;Bofete;Rural;Total;--;--;--;--;--;--
2019;Sudeste;SP;3506904;Bofete;Total;Estadual;0,4;1;0;0;--;--
2019;Sudeste;SP;3506904;Bofete;Urbana;Estadual;0,4;1;0;0;--;--
2019;Sudeste;SP;3506904;Bofete;Total;Municipal;--;--;--;--;--;--
2019;Sudeste;SP;3506904;Bofete;Urbana;Municipal;--;--;--;--;--;--
2019;Sudeste;SP;3506904;Bofete;Rural;Municipal;--;--;--;--;--;--
2019;Sudeste;SP;3506904;Bofete;Total;Pública;0,4;1;0;0;--;--
2019;Sudeste;SP;3506904;Bofete;Urbana;Pública;0,4;1;0;0;--;--
2019;Sudeste;SP;3506904;Bofete;Rural;Pública;--;--;--;--;--;--
2019;Sudeste;SP;3507001;Boituva;Total;Total;0,1;0,2;0,1;0;--;--
2019;Sudeste;SP;3507001;Boituva;Urbana;Total;0,1;0,2;0,1;0;--;--
2019;Sudeste;SP;3507001;Boituva;Rural;Total;--;--;--;--;--;--
2019;Sudeste;SP;3507001;Boituva;Total;Federal;0,8;2,5;0;0;--;--
2019;Sudeste;SP;3507001;Boituva;Urbana;Federal;0,8;2,5;0;0;--;--
2019;Sudeste;SP;3507001;Boituva;Total;Estadual;0;0;0,2;0;--;--
2019;Sudeste;SP;3507001;Boituva;Urbana;Estadual;0;0;0,2;0;--;--
2019;Sudeste;SP;3507001;Boituva;Total;Municipal;--;--;--;--;--;--
2019;Sudeste;SP;3507001;Boituva;Urbana;Municipal;--;--;--;--;--;--
2019;Sudeste;SP;3507001;Boituva;Rural;Municipal;--;--;--;--;--;--
2019;Sudeste;SP;3507001;Boituva;Total;Privada;0;0;0;0;--;--
2019;Sudeste;SP;3507001;Boituva;Urbana;Privada;0;0;0;0;--;--
2019;Sudeste;SP;3507001;Boituva;Total;Pública;0,2;0,3;0,2;0;--;--
2019;Sudeste;SP;3507001;Boituva;Urbana;Pública;0,2;0,3;0,2;0;--;--
2019;Sudeste;SP;3507001;Boituva;Rural;Pública;--;--;--;--;--;--
2019;Sudeste;SP;3507100;Bom Jesus dos Perdões;Total;Total;0,1;0;0;0,4;--;--
2019;Sudeste;SP;3507100;Bom Jesus dos Perdões;Urbana;Total;0,1;0;0;0,4;--;--
2019;Sudeste;SP;3507100;Bom Jesus dos Perdões;Rural;Total;--;--;--;--;--;--
2019;Sudeste;SP;3507100;Bom Jesus dos Perdões;Total;Estadual;0,1;0;0;0,4;--;--
2019;Sudeste;SP;3507100;Bom Jesus dos Perdões;Urbana;Estadual;0,1;0;0;0,4;--;--
2019;Sudeste;SP;3507100;Bom Jesus dos Perdões;Total;Municipal;--;--;--;--;--;--
2019;Sudeste;SP;3507100;Bom Jesus dos Perdões;Urbana;Municipal;--;--;--;--;--;--
2019;Sudeste;SP;3507100;Bom Jesus dos Perdões;Rural;Municipal;--;--;--;--;--;--
2019;Sudeste;SP;3507100;Bom Jesus dos Perdões;Total;Privada;0;0;--;0;--;--
2019;Sudeste;SP;3507100;Bom Jesus dos Perdões;Urbana;Privada;0;0;--;0;--;--
2019;Sudeste;SP;3507100;Bom Jesus dos Perdões;Total;Pública;0,1;0;0;0,4;--;--
2019;Sudeste;SP;3507100;Bom Jesus dos Perdões;Urbana;Pública;0,1;0;0;0,4;--;--
2019;Sudeste;SP;3507100;Bom Jesus dos Perdões;Rural;Pública;--;--;--;--;--;--
2019;Sudeste;SP;3507159;Bom Sucesso de Itararé;Total;Total;7,1;4,8;6,6;9,1;--;--
2019;Sudeste;SP;3507159;Bom Sucesso de Itararé;Urbana;Total;7,1;4,8;6,6;9,1;--;--
2019;Sudeste;SP;3507159;Bom Sucesso de Itararé;Total;Estadual;7,1;4,8;6,6;9,1;--;--
2019;Sudeste;SP;3507159;Bom Sucesso de Itararé;Urbana;Estadual;7,1;4,8;6,6;9,1;--;--
2019;Sudeste;SP;3507159;Bom Sucesso de Itararé;Total;Municipal;--;--;--;--;--;--
2019;Sudeste;SP;3507159;Bom Sucesso de Itararé;Urbana;Municipal;--;--;--;--;--;--
2019;Sudeste;SP;3507159;Bom Sucesso de Itararé;Total;Pública;7,1;4,8;6,6;9,1;--;--
2019;Sudeste;SP;3507159;Bom Sucesso de Itararé;Urbana;Pública;7,1;4,8;6,6;9,1;--;--
2019;Sudeste;SP;3507209;Borá;Total;Total;0;0;0;0;--;--
2019;Sudeste;SP;3507209;Borá;Urbana;Total;0;0;0;0;--;--
2019;Sudeste;SP;3507209;Borá;Total;Estadual;0;0;0;0;--;--
2019;Sudeste;SP;3507209;Borá;Urbana;Estadual;0;0;0;0;--;--
2019;Sudeste;SP;3507209;Borá;Total;Municipal;--;--;--;--;--;--
2019;Sudeste;SP;3507209;Borá;Urbana;Municipal;--;--;--;--;--;--
2019;Sudeste;SP;3507209;Borá;Total;Pública;0;0;0;0;--;--
2019;Sudeste;SP;3507209;Borá;Urbana;Pública;0;0;0;0;--;--
2019;Sudeste;SP;3507308;Boracéia;Total;Total;0,7;0;2,1;0;--;--
2019;Sudeste;SP;3507308;Boracéia;Urbana;Total;0,7;0;2,1;0;--;--
2019;Sudeste;SP;3507308;Boracéia;Total;Estadual;0,7;0;2,1;0;--;--
2019;Sudeste;SP;3507308;Boracéia;Urbana;Estadual;0,7;0;2,1;0;--;--
2019;Sudeste;SP;3507308;Boracéia;Total;Municipal;--;--;--;--;--;--
2019;Sudeste;SP;3507308;Boracéia;Urbana;Municipal;--;--;--;--;--;--
2019;Sudeste;SP;3507308;Boracéia;Total;Pública;0,7;0;2,1;0;--;--
2019;Sudeste;SP;3507308;Boracéia;Urbana;Pública;0,7;0;2,1;0;--;--
2019;Sudeste;SP;3507407;Borborema;Total;Total;0;0;0;0;--;--
2019;Sudeste;SP;3507407;Borborema;Urbana;Total;0;0;0;0;--;--
2019;Sudeste;SP;3507407;Borborema;Total;Estadual;0;0;0;0;--;--
2019;Sudeste;SP;3507407;Borborema;Urbana;Estadual;0;0;0;0;--;--
2019;Sudeste;SP;3507407;Borborema;Total;Municipal;--;--;--;--;--;--
2019;Sudeste;SP;3507407;Borborema;Urbana;Municipal;--;--;--;--;--;--
2019;Sudeste;SP;3507407;Borborema;Total;Privada;--;--;--;--;--;--
2019;Sudeste;SP;3507407;Borborema;Urbana;Privada;--;--;--;--;--;--
2019;Sudeste;SP;3507407;Borborema;Total;Pública;0;0;0;0;--;--
2019;Sudeste;SP;3507407;Borborema;Urbana;Pública;0;0;0;0;--;--
2019;Sudeste;SP;3507456;Borebi;Total;Total;1,1;2,5;0;0;--;--
2019;Sudeste;SP;3507456;Borebi;Urbana;Total;1,1;2,5;0;0;--;--
2019;Sudeste;SP;3507456;Borebi;Total;Estadual;1,1;2,5;0;0;--;--
2019;Sudeste;SP;3507456;Borebi;Urbana;Estadual;1,1;2,5;0;0;--;--
2019;Sudeste;SP;3507456;Borebi;Total;Municipal;--;--;--;--;--;--
2019;Sudeste;SP;3507456;Borebi;Urbana;Municipal;--;--;--;--;--;--
2019;Sudeste;SP;3507456;Borebi;Total;Pública;1,1;2,5;0;0;--;--
2019;Sudeste;SP;3507456;Borebi;Urbana;Pública;1,1;2,5;0;0;--;--
2019;Sudeste;SP;3507506;Botucatu;Total;Total;2;2,1;2,5;1,2;--;0
2019;Sudeste;SP;3507506;Botucatu;Urbana;Total;2;2,1;2,6;1,2;--;0
2019;Sudeste;SP;3507506;Botucatu;Rural;Total;0;0;0;0;--;--
2019;Sudeste;SP;3507506;Botucatu;Total;Estadual;2,7;2,9;3,4;1,8;--;0
2019;Sudeste;SP;3507506;Botucatu;Urbana;Estadual;2,7;2,9;3,4;1,8;--;0
2019;Sudeste;SP;3507506;Botucatu;Total;Municipal;--;--;--;--;--;--
2019;Sudeste;SP;3507506;Botucatu;Urbana;Municipal;--;--;--;--;--;--
2019;Sudeste;SP;3507506;Botucatu;Rural;Municipal;--;--;--;--;--;--
2019;Sudeste;SP;3507506;Botucatu;Total;Privada;0,1;0;0,4;0;--;--
2019;Sudeste;SP;3507506;Botucatu;Urbana;Privada;0,1;0;0,4;0;--;--
2019;Sudeste;SP;3507506;Botucatu;Rural;Privada;0;0;0;0;--;--
2019;Sudeste;SP;3507506;Botucatu;Total;Pública;2,7;2,9;3,4;1,8;--;0
2019;Sudeste;SP;3507506;Botucatu;Urbana;Pública;2,7;2,9;3,4;1,8;--;0
2019;Sudeste;SP;3507506;Botucatu;Rural;Pública;--;--;--;--;--;--
2019;Sudeste;SP;3507605;Bragança Paulista;Total;Total;1,4;2;1,4;0,9;--;0
2019;Sudeste;SP;3507605;Bragança Paulista;Urbana;Total;1,5;2;1,4;0,9;--;--
2019;Sudeste;SP;3507605;Bragança Paulista;Rural;Total;0;0;0;0;--;0
2019;Sudeste;SP;3507605;Bragança Paulista;Total;Federal;0;0;0;0;--;--
2019;Sudeste;SP;3507605;Bragança Paulista;Urbana;Federal;0;0;0;0;--;--
2019;Sudeste;SP;3507605;Bragança Paulista;Total;Estadual;1,9;2,6;2;1,1;--;0
2019;Sudeste;SP;3507605;Bragança Paulista;Urbana;Estadual;2;2,6;2;1,1;--;--
2019;Sudeste;SP;3507605;Bragança Paulista;Rural;Estadual;0;--;--;--;--;0
2019;Sudeste;SP;3507605;Bragança Paulista;Total;Municipal;--;--;--;--;--;--
2019;Sudeste;SP;3507605;Bragança Paulista;Urbana;Municipal;--;--;--;--;--;--
2019;Sudeste;SP;3507605;Bragança Paulista;Rural;Municipal;--;--;--;--;--;--
2019;Sudeste;SP;3507605;Bragança Paulista;Total;Privada;0;0;0;0;--;--
2019;Sudeste;SP;3507605;Bragança Paulista;Urbana;Privada;0;0;0;0;--;--
2019;Sudeste;SP;3507605;Bragança Paulista;Rural;Privada;0;0;0;0;--;--
2019;Sudeste;SP;3507605;Bragança Paulista;Total;Pública;1,9;2,5;1,8;1;--;0
2019;Sudeste;SP;3507605;Bragança Paulista;Urbana;Pública;1,9;2,5;1,8;1;--;--
2019;Sudeste;SP;3507605;Bragança Paulista;Rural;Pública;0;--;--;--;--;0
2019;Sudeste;SP;3507704;Braúna;Total;Total;3,7;3;1,9;6,1;--;--
2019;Sudeste;SP;3507704;Braúna;Urbana;Total;3,7;3;1,9;6,1;--;--
2019;Sudeste;SP;3507704;Braúna;Rural;Total;--;--;--;--;--;--
2019;Sudeste;SP;3507704;Braúna;Total;Estadual;3,7;3;1,9;6,1;--;--
2019;Sudeste;SP;3507704;Braúna;Urbana;Estadual;3,7;3;1,9;6,1;--;--
2019;Sudeste;SP;3507704;Braúna;Rural;Estadual;--;--;--;--;--;--
2019;Sudeste;SP;3507704;Braúna;Total;Municipal;--;--;--;--;--;--
2019;Sudeste;SP;3507704;Braúna;Urbana;Municipal;--;--;--;--;--;--
2019;Sudeste;SP;3507704;Braúna;Total;Pública;3,7;3;1,9;6,1;--;--
2019;Sudeste;SP;3507704;Braúna;Urbana;Pública;3,7;3;1,9;6,1;--;--
2019;Sudeste;SP;3507704;Braúna;Rural;Pública;--;--;--;--;--;--
2019;Sudeste;SP;3507753;Brejo Alegre;Total;Total;0;0;0;0;--;--
2019;Sudeste;SP;3507753;Brejo Alegre;Urbana;Total;0;0;0;0;--;--
2019;Sudeste;SP;3507753;Brejo Alegre;Total;Estadual;0;0;0;0;--;--
2019;Sudeste;SP;3507753;Brejo Alegre;Urbana;Estadual;0;0;0;0;--;--
2019;Sudeste;SP;3507753;Brejo Alegre;Total;Municipal;--;--;--;--;--;--
2019;Sudeste;SP;3507753;Brejo Alegre;Urbana;Municipal;--;--;--;--;--;--
2019;Sudeste;SP;3507753;Brejo Alegre;Total;Pública;0;0;0;0;--;--
2019;Sudeste;SP;3507753;Brejo Alegre;Urbana;Pública;0;0;0;0;--;--
2019;Sudeste;SP;3507803;Brodowski;Total;Total;3,2;5,9;1;1,2;--;--
2019;Sudeste;SP;3507803;Brodowski;Urbana;Total;3,2;5,9;1;1,2;--;--
2019;Sudeste;SP;3507803;Brodowski;Total;Estadual;3,8;6,7;1,1;1,5;--;--
2019;Sudeste;SP;3507803;Brodowski;Urbana;Estadual;3,8;6,7;1,1;1,5;--;--
2019;Sudeste;SP;3507803;Brodowski;Total;Municipal;--;--;--;--;--;--
2019;Sudeste;SP;3507803;Brodowski;Urbana;Municipal;--;--;--;--;--;--
2019;Sudeste;SP;3507803;Brodowski;Total;Privada;0;0;0;0;--;--
2019;Sudeste;SP;3507803;Brodowski;Urbana;Privada;0;0;0;0;--;--
2019;Sudeste;SP;3507803;Brodowski;Total;Pública;3,8;6,7;1,1;1,5;--;--
2019;Sudeste;SP;3507803;Brodowski;Urbana;Pública;3,8;6,7;1,1;1,5;--;--
2019;Sudeste;SP;3507902;Brotas;Total;Total;4,3;4,1;6;3,1;3,1;--
2019;Sudeste;SP;3507902;Brotas;Urbana;Total;4,3;4,1;6;3,1;3,1;--
2019;Sudeste;SP;3507902;Brotas;Rural;Total;--;--;--;--;--;--
2019;Sudeste;SP;3507902;Brotas;Total;Estadual;5,5;5;7,2;4,2;--;--
2019;Sudeste;SP;3507902;Brotas;Urbana;Estadual;5,5;5;7,2;4,2;--;--
2019;Sudeste;SP;3507902;Brotas;Total;Municipal;2,1;--;--;0;3,1;--
2019;Sudeste;SP;3507902;Brotas;Urbana;Municipal;2,1;--;--;0;3,1;--
2019;Sudeste;SP;3507902;Brotas;Rural;Municipal;--;--;--;--;--;--
2019;Sudeste;SP;3507902;Brotas;Total;Privada;0;0;0;0;--;--
2019;Sudeste;SP;3507902;Brotas;Urbana;Privada;0;0;0;0;--;--
2019;Sudeste;SP;3507902;Brotas;Total;Pública;5,2;5;7,2;3,8;3,1;--
2019;Sudeste;SP;3507902;Brotas;Urbana;Pública;5,2;5;7,2;3,8;3,1;--
2019;Sudeste;SP;3507902;Brotas;Rural;Pública;--;--;--;--;--;--
2019;Sudeste;SP;3508009;Buri;Total;Total;0;0;0;0;--;--
2019;Sudeste;SP;3508009;Buri;Urbana;Total;0;0;0;0;--;--
2019;Sudeste;SP;3508009;Buri;Rural;Total;--;--;--;--;--;--
2019;Sudeste;SP;3508009;Buri;Total;Estadual;0;0;0;0;--;--
2019;Sudeste;SP;3508009;Buri;Urbana;Estadual;0;0;0;0;--;--
2019;Sudeste;SP;3508009;Buri;Total;Municipal;--;--;--;--;--;--
2019;Sudeste;SP;3508009;Buri;Urbana;Municipal;--;--;--;--;--;--
2019;Sudeste;SP;3508009;Buri;Rural;Municipal;--;--;--;--;--;--
2019;Sudeste;SP;3508009;Buri;Total;Pública;0;0;0;0;--;--
2019;Sudeste;SP;3508009;Buri;Urbana;Pública;0;0;0;0;--;--
2019;Sudeste;SP;3508009;Buri;Rural;Pública;--;--;--;--;--;--
2019;Sudeste;SP;3508108;Buritama;Total;Total;0;0;0;0;--;--
2019;Sudeste;SP;3508108;Buritama;Urbana;Total;0;0;0;0;--;--
2019;Sudeste;SP;3508108;Buritama;Total;Estadual;0;0;0;0;--;--
2019;Sudeste;SP;3508108;Buritama;Urbana;Estadual;0;0;0;0;--;--
2019;Sudeste;SP;3508108;Buritama;Total;Municipal;--;--;--;--;--;--
2019;Sudeste;SP;3508108;Buritama;Urbana;Municipal;--;--;--;--;--;--
2019;Sudeste;SP;3508108;Buritama;Total;Privada;--;--;--;--;--;--
2019;Sudeste;SP;3508108;Buritama;Urbana;Privada;--;--;--;--;--;--
2019;Sudeste;SP;3508108;Buritama;Total;Pública;0;0;0;0;--;--
2019;Sudeste;SP;3508108;Buritama;Urbana;Pública;0;0;0;0;--;--
2019;Sudeste;SP;3508207;Buritizal;Total;Total;2,8;4,8;0;3;--;--
2019;Sudeste;SP;3508207;Buritizal;Urbana;Total;2,8;4,8;0;3;--;--
2019;Sudeste;SP;3508207;Buritizal;Total;Estadual;2,8;4,8;0;3;--;--
2019;Sudeste;SP;3508207;Buritizal;Urbana;Estadual;2,8;4,8;0;3;--;--
2019;Sudeste;SP;3508207;Buritizal;Total;Municipal;--;--;--;--;--;--
2019;Sudeste;SP;3508207;Buritizal;Urbana;Municipal;--;--;--;--;--;--
2019;Sudeste;SP;3508207;Buritizal;Total;Pública;2,8;4,8;0;3;--;--
2019;Sudeste;SP;3508207;Buritizal;Urbana;Pública;2,8;4,8;0;3;--;--
2019;Sudeste;SP;3508306;Cabrália Paulista;Total;Total;3,6;3,4;5,6;2;--;--
2019;Sudeste;SP;3508306;Cabrália Paulista;Urbana;Total;10,2;11,1;17,3;4,8;--;--
2019;Sudeste;SP;3508306;Cabrália Paulista;Rural;Total;0;0;0;0;--;--
2019;Sudeste;SP;3508306;Cabrália Paulista;Total;Estadual;3,6;3,4;5,6;2;--;--
2019;Sudeste;SP;3508306;Cabrália Paulista;Urbana;Estadual;10,2;11,1;17,3;4,8;--;--
2019;Sudeste;SP;3508306;Cabrália Paulista;Rural;Estadual;0;0;0;0;--;--
2019;Sudeste;SP;3508306;Cabrália Paulista;Total;Municipal;--;--;--;--;--;--
2019;Sudeste;SP;3508306;Cabrália Paulista;Urbana;Municipal;--;--;--;--;--;--
2019;Sudeste;SP;3508306;Cabrália Paulista;Total;Pública;3,6;3,4;5,6;2;--;--
2019;Sudeste;SP;3508306;Cabrália Paulista;Urbana;Pública;10,2;11,1;17,3;4,8;--;--
2019;Sudeste;SP;3508306;Cabrália Paulista;Rural;Pública;0;0;0;0;--;--
2019;Sudeste;SP;3508405;Cabreúva;Total;Total;0,1;0;0,4;0;--;--
2019;Sudeste;SP;3508405;Cabreúva;Urbana;Total;0,1;0;0,4;0;--;--
2019;Sudeste;SP;3508405;Cabreúva;Total;Estadual;0,1;0;0,4;0;--;--
2019;Sudeste;SP;3508405;Cabreúva;Urbana;Estadual;0,1;0;0,4;0;--;--
2019;Sudeste;SP;3508405;Cabreúva;Total;Municipal;--;--;--;--;--;--
2019;Sudeste;SP;3508405;Cabreúva;Urbana;Municipal;--;--;--;--;--;--
2019;Sudeste;SP;3508405;Cabreúva;Total;Privada;0;0;0;0;--;--
2019;Sudeste;SP;3508405;Cabreúva;Urbana;Privada;0;0;0;0;--;--
2019;Sudeste;SP;3508405;Cabreúva;Total;Pública;0,1;0;0,4;0;--;--
2019;Sudeste;SP;3508405;Cabreúva;Urbana;Pública;0,1;0;0,4;0;--;--
2019;Sudeste;SP;3508504;Caçapava;Total;Total;1,3;2,1;1,3;0,7;--;--
2019;Sudeste;SP;3508504;Caçapava;Urbana;Total;1,3;1,9;1,2;0,6;--;--
2019;Sudeste;SP;3508504;Caçapava;Rural;Total;2,4;2,5;4;1,8;--;--
2019;Sudeste;SP;3508504;Caçapava;Total;Estadual;1,5;2,4;1,5;0,8;--;--
2019;Sudeste;SP;3508504;Caçapava;Urbana;Estadual;1,4;2,4;1,4;0,7;--;--
2019;Sudeste;SP;3508504;Caçapava;Rural;Estadual;2,4;2,5;4;1,8;--;--
2019;Sudeste;SP;3508504;Caçapava;Total;Municipal;--;--;--;--;--;--
2019;Sudeste;SP;3508504;Caçapava;Urbana;Municipal;--;--;--;--;--;--
2019;Sudeste;SP;3508504;Caçapava;Rural;Municipal;--;--;--;--;--;--
2019;Sudeste;SP;3508504;Caçapava;Total;Privada;0;0;0;0;--;--
2019;Sudeste;SP;3508504;Caçapava;Urbana;Privada;0;0;0;0;--;--
2019;Sudeste;SP;3508504;Caçapava;Total;Pública;1,5;2,4;1,5;0,8;--;--
2019;Sudeste;SP;3508504;Caçapava;Urbana;Pública;1,4;2,4;1,4;0,7;--;--
2019;Sudeste;SP;3508504;Caçapava;Rural;Pública;2,4;2,5;4;1,8;--;--
2019;Sudeste;SP;3508603;Cachoeira Paulista;Total;Total;0,8;0,5;1,1;0,6;--;--
2019;Sudeste;SP;3508603;Cachoeira Paulista;Urbana;Total;0,5;0,3;0,6;0,7;--;--
2019;Sudeste;SP;3508603;Cachoeira Paulista;Rural;Total;2,1;2,2;3,9;0;--;--
2019;Sudeste;SP;3508603;Cachoeira Paulista;Total;Estadual;0,7;0,6;1,1;0,3;--;--
2019;Sudeste;SP;3508603;Cachoeira Paulista;Urbana;Estadual;0,4;0,3;0,4;0,5;--;--
2019;Sudeste;SP;3508603;Cachoeira Paulista;Rural;Estadual;2,1;2,2;3,9;0;--;--
2019;Sudeste;SP;3508603;Cachoeira Paulista;Total;Municipal;--;--;--;--;--;--
2019;Sudeste;SP;3508603;Cachoeira Paulista;Urbana;Municipal;--;--;--;--;--;--
2019;Sudeste;SP;3508603;Cachoeira Paulista;Rural;Municipal;--;--;--;--;--;--
2019;Sudeste;SP;3508603;Cachoeira Paulista;Total;Privada;0,8;0;1,1;1,4;--;--
2019;Sudeste;SP;3508603;Cachoeira Paulista;Urbana;Privada;0,8;0;1,1;1,4;--;--
2019;Sudeste;SP;3508603;Cachoeira Paulista;Total;Pública;0,7;0,6;1,1;0,3;--;--
2019;Sudeste;SP;3508603;Cachoeira Paulista;Urbana;Pública;0,4;0,3;0,4;0,5;--;--
2019;Sudeste;SP;3508603;Cachoeira Paulista;Rural;Pública;2,1;2,2;3,9;0;--;--
2019;Sudeste;SP;3508702;Caconde;Total;Total;0,3;0;0,5;0,4;--;--
2019;Sudeste;SP;3508702;Caconde;Urbana;Total;0,3;0;0,5;0,4;--;--
2019;Sudeste;SP;3508702;Caconde;Rural;Total;--;--;--;--;--;--
2019;Sudeste;SP;3508702;Caconde;Total;Estadual;0,3;0;0,5;0,5;--;--
2019;Sudeste;SP;3508702;Caconde;Urbana;Estadual;0,3;0;0,5;0,5;--;--
2019;Sudeste;SP;3508702;Caconde;Total;Municipal;--;--;--;--;--;--
2019;Sudeste;SP;3508702;Caconde;Urbana;Municipal;--;--;--;--;--;--
2019;Sudeste;SP;3508702;Caconde;Rural;Municipal;--;--;--;--;--;--
2019;Sudeste;SP;3508702;Caconde;Total;Privada;0;0;0;0;--;--
2019;Sudeste;SP;3508702;Caconde;Urbana;Privada;0;0;0;0;--;--
2019;Sudeste;SP;3508702;Caconde;Total;Pública;0,3;0;0,5;0,5;--;--
2019;Sudeste;SP;3508702;Caconde;Urbana;Pública;0,3;0;0,5;0,5;--;--
2019;Sudeste;SP;3508702;Caconde;Rural;Pública;--;--;--;--;--;--
2019;Sudeste;SP;3508801;Cafelândia;Total;Total;0,5;0,4;1;0;--;--
2019;Sudeste;SP;3508801;Cafelândia;Urbana;Total;0,5;0,4;1;0;--;--
2019;Sudeste;SP;3508801;Cafelândia;Total;Estadual;0,5;0,4;1;0;--;--
2019;Sudeste;SP;3508801;Cafelândia;Urbana;Estadual;0,5;0,4;1;0;--;--
2019;Sudeste;SP;3508801;Cafelândia;Total;Municipal;--;--;--;--;--;--
2019;Sudeste;SP;3508801;Cafelândia;Urbana;Municipal;--;--;--;--;--;--
2019;Sudeste;SP;3508801;Cafelândia;Total;Privada;0;0;0;0;--;--
2019;Sudeste;SP;3508801;Cafelândia;Urbana;Privada;0;0;0;0;--;--
2019;Sudeste;SP;3508801;Cafelândia;Total;Pública;0,5;0,4;1;0;--;--
2019;Sudeste;SP;3508801;Cafelândia;Urbana;Pública;0,5;0,4;1;0;--;--
2019;Sudeste;SP;3508900;Caiabu;Total;Total;4,5;0;11,3;0;--;--
2019;Sudeste;SP;3508900;Caiabu;Urbana;Total;4,5;0;11,3;0;--;--
2019;Sudeste;SP;3508900;Caiabu;Total;Estadual;4,5;0;11,3;0;--;--
2019;Sudeste;SP;3508900;Caiabu;Urbana;Estadual;4,5;0;11,3;0;--;--
2019;Sudeste;SP;3508900;Caiabu;Total;Municipal;--;--;--;--;--;--
2019;Sudeste;SP;3508900;Caiabu;Urbana;Municipal;--;--;--;--;--;--
2019;Sudeste;SP;3508900;Caiabu;Total;Pública;4,5;0;11,3;0;--;--
2019;Sudeste;SP;3508900;Caiabu;Urbana;Pública;4,5;0;11,3;0;--;--
2019;Sudeste;SP;3509007;Caieiras;Total;Total;1,2;1;1,7;1;--;--
2019;Sudeste;SP;3509007;Caieiras;Urbana;Total;1,2;1;1,7;1;--;--
2019;Sudeste;SP;3509007;Caieiras;Total;Estadual;1,4;1,2;2,1;1,2;--;--
2019;Sudeste;SP;3509007;Caieiras;Urbana;Estadual;1,4;1,2;2,1;1,2;--;--
2019;Sudeste;SP;3509007;Caieiras;Total;Municipal;--;--;--;--;--;--
2019;Sudeste;SP;3509007;Caieiras;Urbana;Municipal;--;--;--;--;--;--
2019;Sudeste;SP;3509007;Caieiras;Total;Privada;0;0;0;0;--;--
2019;Sudeste;SP;3509007;Caieiras;Urbana;Privada;0;0;0;0;--;--
2019;Sudeste;SP;3509007;Caieiras;Total;Pública;1,4;1,2;2,1;1,2;--;--
2019;Sudeste;SP;3509007;Caieiras;Urbana;Pública;1,4;1,2;2,1;1,2;--;--
2019;Sudeste;SP;3509106;Caiuá;Total;Total;0;0;0;0;--;--
2019;Sudeste;SP;3509106;Caiuá;Urbana;Total;0;0;0;0;--;--
2019;Sudeste;SP;3509106;Caiuá;Rural;Total;0;0;0;0;--;--
2019;Sudeste;SP;3509106;Caiuá;Total;Estadual;0;0;0;0;--;--
2019;Sudeste;SP;3509106;Caiuá;Urbana;Estadual;0;0;0;0;--;--
2019;Sudeste;SP;3509106;Caiuá;Rural;Estadual;0;0;0;0;--;--
2019;Sudeste;SP;3509106;Caiuá;Total;Municipal;--;--;--;--;--;--
2019;Sudeste;SP;3509106;Caiuá;Urbana;Municipal;--;--;--;--;--;--
2019;Sudeste;SP;3509106;Caiuá;Rural;Municipal;--;--;--;--;--;--
2019;Sudeste;SP;3509106;Caiuá;Total;Pública;0;0;0;0;--;--
2019;Sudeste;SP;3509106;Caiuá;Urbana;Pública;0;0;0;0;--;--
2019;Sudeste;SP;3509106;Caiuá;Rural;Pública;0;0;0;0;--;--
2019;Sudeste;SP;3509205;Cajamar;Total;Total;0,7;0,6;1,2;0,1;--;--
2019;Sudeste;SP;3509205;Cajamar;Urbana;Total;0,7;0,6;1,2;0,1;--;--
2019;Sudeste;SP;3509205;Cajamar;Rural;Total;--;--;--;--;--;--
2019;Sudeste;SP;3509205;Cajamar;Total;Estadual;0,7;0,6;1,4;0,1;--;--
2019;Sudeste;SP;3509205;Cajamar;Urbana;Estadual;0,7;0,6;1,4;0,1;--;--
2019;Sudeste;SP;3509205;Cajamar;Total;Municipal;--;--;--;--;--;--
2019;Sudeste;SP;3509205;Cajamar;Urbana;Municipal;--;--;--;--;--;--
2019;Sudeste;SP;3509205;Cajamar;Rural;Municipal;--;--;--;--;--;--
2019;Sudeste;SP;3509205;Cajamar;Total;Privada;0;0;0;0;--;--
2019;Sudeste;SP;3509205;Cajamar;Urbana;Privada;0;0;0;0;--;--
2019;Sudeste;SP;3509205;Cajamar;Total;Pública;0,7;0,6;1,4;0,1;--;--
2019;Sudeste;SP;3509205;Cajamar;Urbana;Pública;0,7;0,6;1,4;0,1;--;--
2019;Sudeste;SP;3509205;Cajamar;Rural;Pública;--;--;--;--;--;--
2019;Sudeste;SP;3509254;Cajati;Total;Total;1,1;0,5;1,4;1,6;--;--
2019;Sudeste;SP;3509254;Cajati;Urbana;Total;0,1;0,3;0;0;--;--
2019;Sudeste;SP;3509254;Cajati;Rural;Total;6;1,4;8,7;9,1;--;--
2019;Sudeste;SP;3509254;Cajati;Total;Estadual;1,2;0,5;1,4;1,7;--;--
2019;Sudeste;SP;3509254;Cajati;Urbana;Estadual;0,1;0,3;0;0;--;--
2019;Sudeste;SP;3509254;Cajati;Rural;Estadual;6;1,4;8,7;9,1;--;--
2019;Sudeste;SP;3509254;Cajati;Total;Municipal;--;--;--;--;--;--
2019;Sudeste;SP;3509254;Cajati;Urbana;Municipal;--;--;--;--;--;--
2019;Sudeste;SP;3509254;Cajati;Rural;Municipal;--;--;--;--;--;--
2019;Sudeste;SP;3509254;Cajati;Total;Privada;0;0;0;0;--;--
2019;Sudeste;SP;3509254;Cajati;Urbana;Privada;0;0;0;0;--;--
2019;Sudeste;SP;3509254;Cajati;Total;Pública;1,2;0,5;1,4;1,7;--;--
2019;Sudeste;SP;3509254;Cajati;Urbana;Pública;0,1;0,3;0;0;--;--
2019;Sudeste;SP;3509254;Cajati;Rural;Pública;6;1,4;8,7;9,1;--;--
2019;Sudeste;SP;3509304;Cajobi;Total;Total;0;0;0;0;--;--
2019;Sudeste;SP;3509304;Cajobi;Urbana;Total;0;0;0;0;--;--
2019;Sudeste;SP;3509304;Cajobi;Total;Estadual;0;0;0;0;--;--
2019;Sudeste;SP;3509304;Cajobi;Urbana;Estadual;0;0;0;0;--;--
2019;Sudeste;SP;3509304;Cajobi;Total;Municipal;--;--;--;--;--;--
2019;Sudeste;SP;3509304;Cajobi;Urbana;Municipal;--;--;--;--;--;--
2019;Sudeste;SP;3509304;Cajobi;Total;Pública;0;0;0;0;--;--
2019;Sudeste;SP;3509304;Cajobi;Urbana;Pública;0;0;0;0;--;--
2019;Sudeste;SP;3509403;Cajuru;Total;Total;2,2;0,9;4,8;0,8;--;--
2019;Sudeste;SP;3509403;Cajuru;Urbana;Total;2,2;0,9;4,8;0,8;--;--
2019;Sudeste;SP;3509403;Cajuru;Total;Estadual;2,4;1;5;0,9;--;--
2019;Sudeste;SP;3509403;Cajuru;Urbana;Estadual;2,4;1;5;0,9;--;--
2019;Sudeste;SP;3509403;Cajuru;Total;Municipal;--;--;--;--;--;--
2019;Sudeste;SP;3509403;Cajuru;Urbana;Municipal;--;--;--;--;--;--
2019;Sudeste;SP;3509403;Cajuru;Total;Privada;0;0;0;0;--;--
2019;Sudeste;SP;3509403;Cajuru;Urbana;Privada;0;0;0;0;--;--
2019;Sudeste;SP;3509403;Cajuru;Total;Pública;2,4;1;5;0,9;--;--
2019;Sudeste;SP;3509403;Cajuru;Urbana;Pública;2,4;1;5;0,9;--;--
2019;Sudeste;SP;3509452;Campina do Monte Alegre;Total;Total;0;0;0;0;--;--
2019;Sudeste;SP;3509452;Campina do Monte Alegre;Urbana;Total;0;0;0;0;--;--
2019;Sudeste;SP;3509452;Campina do Monte Alegre;Total;Estadual;0;0;0;0;--;--
2019;Sudeste;SP;3509452;Campina do Monte Alegre;Urbana;Estadual;0;0;0;0;--;--
2019;Sudeste;SP;3509452;Campina do Monte Alegre;Total;Municipal;--;--;--;--;--;--
2019;Sudeste;SP;3509452;Campina do Monte Alegre;Urbana;Municipal;--;--;--;--;--;--
2019;Sudeste;SP;3509452;Campina do Monte Alegre;Total;Pública;0;0;0;0;--;--
2019;Sudeste;SP;3509452;Campina do Monte Alegre;Urbana;Pública;0;0;0;0;--;--
2019;Sudeste;SP;3509502;Campinas;Total;Total;1,9;2,2;2,3;1,2;--;0
2019;Sudeste;SP;3509502;Campinas;Urbana;Total;2;2,2;2,3;1,2;--;0
2019;Sudeste;SP;3509502;Campinas;Rural;Total;0;0;0;0;--;--
2019;Sudeste;SP;3509502;Campinas;Total;Federal;0;0;0;0;--;--
2019;Sudeste;SP;3509502;Campinas;Urbana;Federal;0;0;0;0;--;--
2019;Sudeste;SP;3509502;Campinas;Total;Estadual;2,4;2,8;3;1,6;--;0
2019;Sudeste;SP;3509502;Campinas;Urbana;Estadual;2,4;2,8;3;1,6;--;0
2019;Sudeste;SP;3509502;Campinas;Total;Municipal;--;--;--;--;--;--
2019;Sudeste;SP;3509502;Campinas;Urbana;Municipal;--;--;--;--;--;--
2019;Sudeste;SP;3509502;Campinas;Rural;Municipal;--;--;--;--;--;--
2019;Sudeste;SP;3509502;Campinas;Total;Privada;0;0,1;0;0;--;--
2019;Sudeste;SP;3509502;Campinas;Urbana;Privada;0;0,1;0;0;--;--
2019;Sudeste;SP;3509502;Campinas;Rural;Privada;0;0;0;0;--;--
2019;Sudeste;SP;3509502;Campinas;Total;Pública;2,5;2,9;3;1,6;--;0
2019;Sudeste;SP;3509502;Campinas;Urbana;Pública;2,5;2,9;3;1,6;--;0
2019;Sudeste;SP;3509502;Campinas;Rural;Pública;--;--;--;--;--;--
2019;Sudeste;SP;3509601;Campo Limpo Paulista;Total;Total;2,1;2,9;1,7;1,6;--;--
2019;Sudeste;SP;3509601;Campo Limpo Paulista;Urbana;Total;2,1;2,9;1,7;1,6;--;--
2019;Sudeste;SP;3509601;Campo Limpo Paulista;Rural;Total;--;--;--;--;--;--
2019;Sudeste;SP;3509601;Campo Limpo Paulista;Total;Estadual;2,4;3,5;1,8;1,9;--;--
2019;Sudeste;SP;3509601;Campo Limpo Paulista;Urbana;Estadual;2,4;3,5;1,8;1,9;--;--
2019;Sudeste;SP;3509601;Campo Limpo Paulista;Total;Municipal;--;--;--;--;--;--
2019;Sudeste;SP;3509601;Campo Limpo Paulista;Urbana;Municipal;--;--;--;--;--;--
2019;Sudeste;SP;3509601;Campo Limpo Paulista;Rural;Municipal;--;--;--;--;--;--
2019;Sudeste;SP;3509601;Campo Limpo Paulista;Total;Privada;0,2;0;0,8;0;--;--
2019;Sudeste;SP;3509601;Campo Limpo Paulista;Urbana;Privada;0,2;0;0,8;0;--;--
2019;Sudeste;SP;3509601;Campo Limpo Paulista;Total;Pública;2,4;3,5;1,8;1,9;--;--
2019;Sudeste;SP;3509601;Campo Limpo Paulista;Urbana;Pública;2,4;3,5;1,8;1,9;--;--
2019;Sudeste;SP;3509601;Campo Limpo Paulista;Rural;Pública;--;--;--;--;--;--
2019;Sudeste;SP;3509700;Campos do Jordão;Total;Total;5,9;9,1;3,9;2,5;0;--
2019;Sudeste;SP;3509700;Campos do Jordão;Urbana;Total;5,9;9,1;3,9;2,5;0;--
2019;Sudeste;SP;3509700;Campos do Jordão;Rural;Total;--;--;--;--;--;--
2019;Sudeste;SP;3509700;Campos do Jordão;Total;Federal;0;0;0;0;0;--
2019;Sudeste;SP;3509700;Campos do Jordão;Urbana;Federal;0;0;0;0;0;--
2019;Sudeste;SP;3509700;Campos do Jordão;Total;Estadual;8,1;12;5,6;3,5;--;--
2019;Sudeste;SP;3509700;Campos do Jordão;Urbana;Estadual;8,1;12;5,6;3,5;--;--
2019;Sudeste;SP;3509700;Campos do Jordão;Total;Municipal;--;--;--;--;--;--
2019;Sudeste;SP;3509700;Campos do Jordão;Urbana;Municipal;--;--;--;--;--;--
2019;Sudeste;SP;3509700;Campos do Jordão;Rural;Municipal;--;--;--;--;--;--
2019;Sudeste;SP;3509700;Campos do Jordão;Total;Privada;0;0;0;0;--;--
2019;Sudeste;SP;3509700;Campos do Jordão;Urbana;Privada;0;0;0;0;--;--
2019;Sudeste;SP;3509700;Campos do Jordão;Total;Pública;7;10,7;4,7;3;0;--
2019;Sudeste;SP;3509700;Campos do Jordão;Urbana;Pública;7;10,7;4,7;3;0;--
2019;Sudeste;SP;3509700;Campos do Jordão;Rural;Pública;--;--;--;--;--;--
2019;Sudeste;SP;3509809;Campos Novos Paulista;Total;Total;1,7;2,6;0;1,9;--;--
2019;Sudeste;SP;3509809;Campos Novos Paulista;Urbana;Total;1,7;2,6;0;1,9;--;--
2019;Sudeste;SP;3509809;Campos Novos Paulista;Total;Estadual;1,7;2,6;0;1,9;--;--
2019;Sudeste;SP;3509809;Campos Novos Paulista;Urbana;Estadual;1,7;2,6;0;1,9;--;--
2019;Sudeste;SP;3509809;Campos Novos Paulista;Total;Municipal;--;--;--;--;--;--
2019;Sudeste;SP;3509809;Campos Novos Paulista;Urbana;Municipal;--;--;--;--;--;--
2019;Sudeste;SP;3509809;Campos Novos Paulista;Total;Pública;1,7;2,6;0;1,9;--;--
2019;Sudeste;SP;3509809;Campos Novos Paulista;Urbana;Pública;1,7;2,6;0;1,9;--;--
2019;Sudeste;SP;3509908;Cananéia;Total;Total;6,7;8;9,4;2,1;--;--
2019;Sudeste;SP;3509908;Cananéia;Urbana;Total;7,1;8,4;10;2,3;--;--
2019;Sudeste;SP;3509908;Cananéia;Rural;Total;0;0;0;0;--;--
2019;Sudeste;SP;3509908;Cananéia;Total;Estadual;6,9;8,7;9,6;2,1;--;--
2019;Sudeste;SP;3509908;Cananéia;Urbana;Estadual;7,4;9,1;10,3;2,3;--;--
2019;Sudeste;SP;3509908;Cananéia;Rural;Estadual;0;0;0;0;--;--
2019;Sudeste;SP;3509908;Cananéia;Total;Municipal;--;--;--;--;--;--
2019;Sudeste;SP;3509908;Cananéia;Urbana;Municipal;--;--;--;--;--;--
2019;Sudeste;SP;3509908;Cananéia;Rural;Municipal;--;--;--;--;--;--
2019;Sudeste;SP;3509908;Cananéia;Total;Privada;0;0;0;--;--;--
2019;Sudeste;SP;3509908;Cananéia;Urbana;Privada;0;0;0;--;--;--
2019;Sudeste;SP;3509908;Cananéia;Total;Pública;6,9;8,7;9,6;2,1;--;--
2019;Sudeste;SP;3509908;Cananéia;Urbana;Pública;7,4;9,1;10,3;2,3;--;--
2019;Sudeste;SP;3509908;Cananéia;Rural;Pública;0;0;0;0;--;--
2019;Sudeste;SP;3509957;Canas;Total;Total;2,6;2,1;2,7;3,3;--;--
2019;Sudeste;SP;3509957;Canas;Urbana;Total;2,6;2,1;2,7;3,3;--;--
2019;Sudeste;SP;3509957;Canas;Total;Estadual;2,6;2,1;2,7;3,3;--;--
2019;Sudeste;SP;3509957;Canas;Urbana;Estadual;2,6;2,1;2,7;3,3;--;--
2019;Sudeste;SP;3509957;Canas;Total;Municipal;--;--;--;--;--;--
2019;Sudeste;SP;3509957;Canas;Urbana;Municipal;--;--;--;--;--;--
2019;Sudeste;SP;3509957;Canas;Total;Pública;2,6;2,1;2,7;3,3;--;--
2019;Sudeste;SP;3509957;Canas;Urbana;Pública;2,6;2,1;2,7;3,3;--;--
2019;Sudeste;SP;3510005;Cândido Mota;Total;Total;1,7;1,4;2,5;1,3;--;--
2019;Sudeste;SP;3510005;Cândido Mota;Urbana;Total;2,5;2;3,9;1,9;--;--
2019;Sudeste;SP;3510005;Cândido Mota;Rural;Total;0;0;0;0;--;--
2019;Sudeste;SP;3510005;Cândido Mota;Total;Estadual;1,8;1,5;2,4;1,4;--;--
2019;Sudeste;SP;3510005;Cândido Mota;Urbana;Estadual;2,6;2,1;4;2,1;--;--
2019;Sudeste;SP;3510005;Cândido Mota;Rural;Estadual;0;0;0;0;--;--
2019;Sudeste;SP;3510005;Cândido Mota;Total;Municipal;--;--;--;--;--;--
2019;Sudeste;SP;3510005;Cândido Mota;Urbana;Municipal;--;--;--;--;--;--
2019;Sudeste;SP;3510005;Cândido Mota;Total;Privada;0;0;0;0;--;--
2019;Sudeste;SP;3510005;Cândido Mota;Urbana;Privada;0;0;0;0;--;--
2019;Sudeste;SP;3510005;Cândido Mota;Total;Pública;1,8;1,5;2,4;1,4;--;--
2019;Sudeste;SP;3510005;Cândido Mota;Urbana;Pública;2,6;2,1;4;2,1;--;--
2019;Sudeste;SP;3510005;Cândido Mota;Rural;Pública;0;0;0;0;--;--
2019;Sudeste;SP;3510104;Cândido Rodrigues;Total;Total;0;0;0;0;--;--
2019;Sudeste;SP;3510104;Cândido Rodrigues;Urbana;Total;0;0;0;0;--;--
2019;Sudeste;SP;3510104;Cândido Rodrigues;Total;Estadual;0;0;0;0;--;--
2019;Sudeste;SP;3510104;Cândido Rodrigues;Urbana;Estadual;0;0;0;0;--;--
2019;Sudeste;SP;3510104;Cândido Rodrigues;Total;Municipal;--;--;--;--;--;--
2019;Sudeste;SP;3510104;Cândido Rodrigues;Urbana;Municipal;--;--;--;--;--;--
2019;Sudeste;SP;3510104;Cândido Rodrigues;Total;Pública;0;0;0;0;--;--
2019;Sudeste;SP;3510104;Cândido Rodrigues;Urbana;Pública;0;0;0;0;--;--
2019;Sudeste;SP;3510153;Canitar;Total;Total;2,4;5,8;1,6;0;--;--
2019;Sudeste;SP;3510153;Canitar;Urbana;Total;2,4;5,8;1,6;0;--;--
2019;Sudeste;SP;3510153;Canitar;Total;Estadual;2,4;5,8;1,6;0;--;--
2019;Sudeste;SP;3510153;Canitar;Urbana;Estadual;2,4;5,8;1,6;0;--;--
2019;Sudeste;SP;3510153;Canitar;Total;Municipal;--;--;--;--;--;--
2019;Sudeste;SP;3510153;Canitar;Urbana;Municipal;--;--;--;--;--;--
2019;Sudeste;SP;3510153;Canitar;Total;Pública;2,4;5,8;1,6;0;--;--
2019;Sudeste;SP;3510153;Canitar;Urbana;Pública;2,4;5,8;1,6;0;--;--
2019;Sudeste;SP;3510203;Capão Bonito;Total;Total;0,1;0,2;0,3;0;--;--
2019;Sudeste;SP;3510203;Capão Bonito;Urbana;Total;0,2;0,2;0,3;0;--;--
2019;Sudeste;SP;3510203;Capão Bonito;Rural;Total;0;0;0;0;--;--
2019;Sudeste;SP;3510203;Capão Bonito;Total;Estadual;0,1;0,2;0,3;0;--;--
2019;Sudeste;SP;3510203;Capão Bonito;Urbana;Estadual;0,2;0,3;0,3;0;--;--
2019;Sudeste;SP;3510203;Capão Bonito;Rural;Estadual;0;0;0;0;--;--
2019;Sudeste;SP;3510203;Capão Bonito;Total;Municipal;--;--;--;--;--;--
2019;Sudeste;SP;3510203;Capão Bonito;Urbana;Municipal;--;--;--;--;--;--
2019;Sudeste;SP;3510203;Capão Bonito;Rural;Municipal;--;--;--;--;--;--
2019;Sudeste;SP;3510203;Capão Bonito;Total;Privada;0;0;0;0;--;--
2019;Sudeste;SP;3510203;Capão Bonito;Urbana;Privada;0;0;0;0;--;--
2019;Sudeste;SP;3510203;Capão Bonito;Total;Pública;0,1;0,2;0,3;0;--;--
2019;Sudeste;SP;3510203;Capão Bonito;Urbana;Pública;0,2;0,3;0,3;0;--;--
2019;Sudeste;SP;3510203;Capão Bonito;Rural;Pública;0;0;0;0;--;--
2019;Sudeste;SP;3510302;Capela do Alto;Total;Total;5,9;7,6;6,7;3,1;--;--
2019;Sudeste;SP;3510302;Capela do Alto;Urbana;Total;5,9;7,6;6,7;3,1;--;--
2019;Sudeste;SP;3510302;Capela do Alto;Rural;Total;--;--;--;--;--;--
2019;Sudeste;SP;3510302;Capela do Alto;Total;Estadual;5,9;7,6;6,7;3,1;--;--
2019;Sudeste;SP;3510302;Capela do Alto;Urbana;Estadual;5,9;7,6;6,7;3,1;--;--
2019;Sudeste;SP;3510302;Capela do Alto;Total;Municipal;--;--;--;--;--;--
2019;Sudeste;SP;3510302;Capela do Alto;Urbana;Municipal;--;--;--;--;--;--
2019;Sudeste;SP;3510302;Capela do Alto;Rural;Municipal;--;--;--;--;--;--
2019;Sudeste;SP;3510302;Capela do Alto;Total;Privada;--;--;--;--;--;--
2019;Sudeste;SP;3510302;Capela do Alto;Urbana;Privada;--;--;--;--;--;--
2019;Sudeste;SP;3510302;Capela do Alto;Total;Pública;5,9;7,6;6,7;3,1;--;--
2019;Sudeste;SP;3510302;Capela do Alto;Urbana;Pública;5,9;7,6;6,7;3,1;--;--
2019;Sudeste;SP;3510302;Capela do Alto;Rural;Pública;--;--;--;--;--;--
2019;Sudeste;SP;3510401;Capivari;Total;Total;1,7;1,7;2,1;0,9;--;--
2019;Sudeste;SP;3510401;Capivari;Urbana;Total;1,7;1,7;2,1;0,9;--;--
2019;Sudeste;SP;3510401;Capivari;Total;Federal;0;0;0;0;--;--
2019;Sudeste;SP;3510401;Capivari;Urbana;Federal;0;0;0;0;--;--
2019;Sudeste;SP;3510401;Capivari;Total;Estadual;2,1;2,2;2,8;1,2;--;--
2019;Sudeste;SP;3510401;Capivari;Urbana;Estadual;2,1;2,2;2,8;1,2;--;--
2019;Sudeste;SP;3510401;Capivari;Total;Municipal;--;--;--;--;--;--
2019;Sudeste;SP;3510401;Capivari;Urbana;Municipal;--;--;--;--;--;--
2019;Sudeste;SP;3510401;Capivari;Total;Privada;0;0;0;0;--;--
2019;Sudeste;SP;3510401;Capivari;Urbana;Privada;0;0;0;0;--;--
2019;Sudeste;SP;3510401;Capivari;Total;Pública;1,8;1,8;2,3;1;--;--
2019;Sudeste;SP;3510401;Capivari;Urbana;Pública;1,8;1,8;2,3;1;--;--
2019;Sudeste;SP;3510500;Caraguatatuba;Total;Total;0,2;0,2;0,1;0,1;--;0
2019;Sudeste;SP;3510500;Caraguatatuba;Urbana;Total;0,2;0,2;0,1;0,1;--;--
2019;Sudeste;SP;3510500;Caraguatatuba;Rural;Total;0;0;--;--;--;0
2019;Sudeste;SP;3510500;Caraguatatuba;Total;Federal;0;0;0;0;--;--
2019;Sudeste;SP;3510500;Caraguatatuba;Urbana;Federal;0;0;0;0;--;--
2019;Sudeste;SP;3510500;Caraguatatuba;Total;Estadual;0,2;0,3;0,1;0,1;--;0
2019;Sudeste;SP;3510500;Caraguatatuba;Urbana;Estadual;0,2;0,3;0,1;0,1;--;--
2019;Sudeste;SP;3510500;Caraguatatuba;Rural;Estadual;0;0;--;--;--;0
2019;Sudeste;SP;3510500;Caraguatatuba;Total;Municipal;--;--;--;--;--;--
2019;Sudeste;SP;3510500;Caraguatatuba;Urbana;Municipal;--;--;--;--;--;--
2019;Sudeste;SP;3510500;Caraguatatuba;Total;Privada;0;0;0;0;--;--
2019;Sudeste;SP;3510500;Caraguatatuba;Urbana;Privada;0;0;0;0;--;--
2019;Sudeste;SP;3510500;Caraguatatuba;Total;Pública;0,1;0,2;0,1;0,2;--;0
2019;Sudeste;SP;3510500;Caraguatatuba;Urbana;Pública;0,1;0,2;0,1;0,2;--;--
2019;Sudeste;SP;3510500;Caraguatatuba;Rural;Pública;0;0;--;--;--;0
2019;Sudeste;SP;3510609;Carapicuíba;Total;Total;3,1;3,9;4,2;1,5;--;--
2019;Sudeste;SP;3510609;Carapicuíba;Urbana;Total;3,1;3,9;4,2;1,5;--;--
2019;Sudeste;SP;3510609;Carapicuíba;Total;Estadual;3,2;4,1;4,2;1,5;--;--
2019;Sudeste;SP;3510609;Carapicuíba;Urbana;Estadual;3,2;4,1;4,2;1,5;--;--
2019;Sudeste;SP;3510609;Carapicuíba;Total;Municipal;--;--;--;--;--;--
2019;Sudeste;SP;3510609;Carapicuíba;Urbana;Municipal;--;--;--;--;--;--
2019;Sudeste;SP;3510609;Carapicuíba;Total;Privada;0;0;0;0;--;--
2019;Sudeste;SP;3510609;Carapicuíba;Urbana;Privada;0;0;0;0;--;--
2019;Sudeste;SP;3510609;Carapicuíba;Total;Pública;3,2;4,1;4,2;1,5;--;--
2019;Sudeste;SP;3510609;Carapicuíba;Urbana;Pública;3,2;4,1;4,2;1,5;--;--
2019;Sudeste;SP;3510708;Cardoso;Total;Total;0,7;0,9;0;1;--;--
2019;Sudeste;SP;3510708;Cardoso;Urbana;Total;0,7;0,9;0;1;--;--
2019;Sudeste;SP;3510708;Cardoso;Total;Estadual;0,7;1;0;1,1;--;--
2019;Sudeste;SP;3510708;Cardoso;Urbana;Estadual;0,7;1;0;1,1;--;--
2019;Sudeste;SP;3510708;Cardoso;Total;Municipal;--;--;--;--;--;--
2019;Sudeste;SP;3510708;Cardoso;Urbana;Municipal;--;--;--;--;--;--
2019;Sudeste;SP;3510708;Cardoso;Total;Privada;0;0;0;0;--;--
2019;Sudeste;SP;3510708;Cardoso;Urbana;Privada;0;0;0;0;--;--
2019;Sudeste;SP;3510708;Cardoso;Total;Pública;0,7;1;0;1,1;--;--
2019;Sudeste;SP;3510708;Cardoso;Urbana;Pública;0,7;1;0;1,1;--;--
2019;Sudeste;SP;3510807;Casa Branca;Total;Total;1,5;2,1;1,5;1,1;--;--
2019;Sudeste;SP;3510807;Casa Branca;Urbana;Total;1,5;2,1;1,5;1,1;--;--
2019;Sudeste;SP;3510807;Casa Branca;Total;Estadual;1,8;2,4;1,7;1,3;--;--
2019;Sudeste;SP;3510807;Casa Branca;Urbana;Estadual;1,8;2,4;1,7;1,3;--;--
2019;Sudeste;SP;3510807;Casa Branca;Total;Municipal;--;--;--;--;--;--
2019;Sudeste;SP;3510807;Casa Branca;Urbana;Municipal;--;--;--;--;--;--
2019;Sudeste;SP;3510807;Casa Branca;Total;Privada;0;0;0;0;--;--
2019;Sudeste;SP;3510807;Casa Branca;Urbana;Privada;0;0;0;0;--;--
2019;Sudeste;SP;3510807;Casa Branca;Total;Pública;1,8;2,4;1,7;1,3;--;--
2019;Sudeste;SP;3510807;Casa Branca;Urbana;Pública;1,8;2,4;1,7;1,3;--;--
2019;Sudeste;SP;3510906;Cássia dos Coqueiros;Total;Total;2,1;4,5;2,8;0;--;--
2019;Sudeste;SP;3510906;Cássia dos Coqueiros;Urbana;Total;2,1;4,5;2,8;0;--;--
2019;Sudeste;SP;3510906;Cássia dos Coqueiros;Total;Estadual;2,1;4,5;2,8;0;--;--
2019;Sudeste;SP;3510906;Cássia dos Coqueiros;Urbana;Estadual;2,1;4,5;2,8;0;--;--
2019;Sudeste;SP;3510906;Cássia dos Coqueiros;Total;Municipal;--;--;--;--;--;--
2019;Sudeste;SP;3510906;Cássia dos Coqueiros;Urbana;Municipal;--;--;--;--;--;--
2019;Sudeste;SP;3510906;Cássia dos Coqueiros;Total;Pública;2,1;4,5;2,8;0;--;--
2019;Sudeste;SP;3510906;Cássia dos Coqueiros;Urbana;Pública;2,1;4,5;2,8;0;--;--
2019;Sudeste;SP;3511003;Castilho;Total;Total;0,2;0,4;0;0;--;--
2019;Sudeste;SP;3511003;Castilho;Urbana;Total;0,2;0,4;0;0;--;--
2019;Sudeste;SP;3511003;Castilho;Rural;Total;--;--;--;--;--;--
2019;Sudeste;SP;3511003;Castilho;Total;Estadual;0,2;0,4;0;0;--;--
2019;Sudeste;SP;3511003;Castilho;Urbana;Estadual;0,2;0,4;0;0;--;--
2019;Sudeste;SP;3511003;Castilho;Total;Municipal;--;--;--;--;--;--
2019;Sudeste;SP;3511003;Castilho;Urbana;Municipal;--;--;--;--;--;--
2019;Sudeste;SP;3511003;Castilho;Rural;Municipal;--;--;--;--;--;--
2019;Sudeste;SP;3511003;Castilho;Total;Pública;0,2;0,4;0;0;--;--
2019;Sudeste;SP;3511003;Castilho;Urbana;Pública;0,2;0,4;0;0;--;--
2019;Sudeste;SP;3511003;Castilho;Rural;Pública;--;--;--;--;--;--
2019;Sudeste;SP;3511102;Catanduva;Total;Total;0,4;0,4;0,3;0,3;--;--
2019;Sudeste;SP;3511102;Catanduva;Urbana;Total;0,4;0,4;0,3;0,3;--;--
2019;Sudeste;SP;3511102;Catanduva;Total;Federal;0;0;0;0;--;--
2019;Sudeste;SP;3511102;Catanduva;Urbana;Federal;0;0;0;0;--;--
2019;Sudeste;SP;3511102;Catanduva;Total;Estadual;0,5;0,5;0,5;0,5;--;--
2019;Sudeste;SP;3511102;Catanduva;Urbana;Estadual;0,5;0,5;0,5;0,5;--;--
2019;Sudeste;SP;3511102;Catanduva;Total;Municipal;--;--;--;--;--;--
2019;Sudeste;SP;3511102;Catanduva;Urbana;Municipal;--;--;--;--;--;--
2019;Sudeste;SP;3511102;Catanduva;Total;Privada;0;0;0;0;--;--
2019;Sudeste;SP;3511102;Catanduva;Urbana;Privada;0;0;0;0;--;--
2019;Sudeste;SP;3511102;Catanduva;Total;Pública;0,4;0,5;0,4;0,3;--;--
2019;Sudeste;SP;3511102;Catanduva;Urbana;Pública;0,4;0,5;0,4;0,3;--;--
2019;Sudeste;SP;3511201;Catiguá;Total;Total;0,5;0;0;2,1;--;--
2019;Sudeste;SP;3511201;Catiguá;Urbana;Total;0,5;0;0;2,1;--;--
2019;Sudeste;SP;3511201;Catiguá;Total;Estadual;0,5;0;0;2,1;--;--
2019;Sudeste;SP;3511201;Catiguá;Urbana;Estadual;0,5;0;0;2,1;--;--
2019;Sudeste;SP;3511201;Catiguá;Total;Municipal;--;--;--;--;--;--
2019;Sudeste;SP;3511201;Catiguá;Urbana;Municipal;--;--;--;--;--;--
2019;Sudeste;SP;3511201;Catiguá;Total;Pública;0,5;0;0;2,1;--;--
2019;Sudeste;SP;3511201;Catiguá;Urbana;Pública;0,5;0;0;2,1;--;--
2019;Sudeste;SP;3511300;Cedral;Total;Total;1,6;1,1;3,6;0;--;--
2019;Sudeste;SP;3511300;Cedral;Urbana;Total;1,6;1,1;3,6;0;--;--
2019;Sudeste;SP;3511300;Cedral;Total;Estadual;1,6;1,1;3,6;0;--;--
2019;Sudeste;SP;3511300;Cedral;Urbana;Estadual;1,6;1,1;3,6;0;--;--
2019;Sudeste;SP;3511300;Cedral;Total;Municipal;--;--;--;--;--;--
2019;Sudeste;SP;3511300;Cedral;Urbana;Municipal;--;--;--;--;--;--
2019;Sudeste;SP;3511300;Cedral;Total;Pública;1,6;1,1;3,6;0;--;--
2019;Sudeste;SP;3511300;Cedral;Urbana;Pública;1,6;1,1;3,6;0;--;--
2019;Sudeste;SP;3511409;Cerqueira César;Total;Total;2,7;2,6;5,1;1,2;--;0
2019;Sudeste;SP;3511409;Cerqueira César;Urbana;Total;3,5;3,4;6;1,4;--;--
2019;Sudeste;SP;3511409;Cerqueira César;Rural;Total;0,5;0;1,9;0;--;0
2019;Sudeste;SP;3511409;Cerqueira César;Total;Estadual;2,9;2,7;5,8;1,3;--;0
2019;Sudeste;SP;3511409;Cerqueira César;Urbana;Estadual;3,9;3,5;6,9;1,6;--;--
2019;Sudeste;SP;3511409;Cerqueira César;Rural;Estadual;0,5;0;1,9;0;--;0
2019;Sudeste;SP;3511409;Cerqueira César;Total;Municipal;--;--;--;--;--;--
2019;Sudeste;SP;3511409;Cerqueira César;Urbana;Municipal;--;--;--;--;--;--
2019;Sudeste;SP;3511409;Cerqueira César;Total;Privada;0;0;0;0;--;--
2019;Sudeste;SP;3511409;Cerqueira César;Urbana;Privada;0;0;0;0;--;--
2019;Sudeste;SP;3511409;Cerqueira César;Total;Pública;2,9;2,7;5,8;1,3;--;0
2019;Sudeste;SP;3511409;Cerqueira César;Urbana;Pública;3,9;3,5;6,9;1,6;--;--
2019;Sudeste;SP;3511409;Cerqueira César;Rural;Pública;0,5;0;1,9;0;--;0
2019;Sudeste;SP;3511508;Cerquilho;Total;Total;0,2;0;0,3;0,3;--;--
2019;Sudeste;SP;3511508;Cerquilho;Urbana;Total;0,2;0;0,3;0,3;--;--
2019;Sudeste;SP;3511508;Cerquilho;Total;Estadual;0,2;0;0,3;0,3;--;--
2019;Sudeste;SP;3511508;Cerquilho;Urbana;Estadual;0,2;0;0,3;0,3;--;--
2019;Sudeste;SP;3511508;Cerquilho;Total;Municipal;--;--;--;--;--;--
2019;Sudeste;SP;3511508;Cerquilho;Urbana;Municipal;--;--;--;--;--;--
2019;Sudeste;SP;3511508;Cerquilho;Total;Privada;0;0;0;0;--;--
2019;Sudeste;SP;3511508;Cerquilho;Urbana;Privada;0;0;0;0;--;--
2019;Sudeste;SP;3511508;Cerquilho;Total;Pública;0,2;0;0,3;0,3;--;--
2019;Sudeste;SP;3511508;Cerquilho;Urbana;Pública;0,2;0;0,3;0,3;--;--
2019;Sudeste;SP;3511607;Cesário Lange;Total;Total;3,3;5,7;3,6;0;--;--
2019;Sudeste;SP;3511607;Cesário Lange;Urbana;Total;3,3;5,7;3,6;0;--;--
2019;Sudeste;SP;3511607;Cesário Lange;Rural;Total;--;--;--;--;--;--
2019;Sudeste;SP;3511607;Cesário Lange;Total;Estadual;3,2;5,9;3,6;0;--;--
2019;Sudeste;SP;3511607;Cesário Lange;Urbana;Estadual;3,2;5,9;3,6;0;--;--
2019;Sudeste;SP;3511607;Cesário Lange;Total;Municipal;--;--;--;--;--;--
2019;Sudeste;SP;3511607;Cesário Lange;Urbana;Municipal;--;--;--;--;--;--
2019;Sudeste;SP;3511607;Cesário Lange;Rural;Municipal;--;--;--;--;--;--
2019;Sudeste;SP;3511607;Cesário Lange;Total;Privada;0;0;--;--;--;--
2019;Sudeste;SP;3511607;Cesário Lange;Urbana;Privada;0;0;--;--;--;--
2019;Sudeste;SP;3511607;Cesário Lange;Total;Pública;3,2;5,9;3,6;0;--;--
2019;Sudeste;SP;3511607;Cesário Lange;Urbana;Pública;3,2;5,9;3,6;0;--;--
2019;Sudeste;SP;3511607;Cesário Lange;Rural;Pública;--;--;--;--;--;--
2019;Sudeste;SP;3511706;Charqueada;Total;Total;1;1,7;1,3;0;--;--
2019;Sudeste;SP;3511706;Charqueada;Urbana;Total;1,5;2,4;1,8;0;--;--
2019;Sudeste;SP;3511706;Charqueada;Rural;Total;0;0;0;0;--;--
2019;Sudeste;SP;3511706;Charqueada;Total;Estadual;1;1,7;1,3;0;--;--
2019;Sudeste;SP;3511706;Charqueada;Urbana;Estadual;1,5;2,4;1,8;0;--;--
2019;Sudeste;SP;3511706;Charqueada;Rural;Estadual;0;0;0;0;--;--
2019;Sudeste;SP;3511706;Charqueada;Total;Municipal;--;--;--;--;--;--
2019;Sudeste;SP;3511706;Charqueada;Urbana;Municipal;--;--;--;--;--;--
2019;Sudeste;SP;3511706;Charqueada;Total;Pública;1;1,7;1,3;0;--;--
2019;Sudeste;SP;3511706;Charqueada;Urbana;Pública;1,5;2,4;1,8;0;--;--
2019;Sudeste;SP;3511706;Charqueada;Rural;Pública;0;0;0;0;--;--
2019;Sudeste;SP;3511904;Clementina;Total;Total;0;0;0;0;--;--
2019;Sudeste;SP;3511904;Clementina;Urbana;Total;0;0;0;0;--;--
2019;Sudeste;SP;3511904;Clementina;Total;Estadual;0;0;0;0;--;--
2019;Sudeste;SP;3511904;Clementina;Urbana;Estadual;0;0;0;0;--;--
2019;Sudeste;SP;3511904;Clementina;Total;Municipal;--;--;--;--;--;--
2019;Sudeste;SP;3511904;Clementina;Urbana;Municipal;--;--;--;--;--;--
2019;Sudeste;SP;3511904;Clementina;Total;Pública;0;0;0;0;--;--
2019;Sudeste;SP;3511904;Clementina;Urbana;Pública;0;0;0;0;--;--
2019;Sudeste;SP;3512001;Colina;Total;Total;0,8;1,1;1,1;0;--;--
2019;Sudeste;SP;3512001;Colina;Urbana;Total;1;1,4;1,3;0;--;--
2019;Sudeste;SP;3512001;Colina;Rural;Total;0;0;0;0;--;--
2019;Sudeste;SP;3512001;Colina;Total;Estadual;1;1,5;1,4;0;--;--
2019;Sudeste;SP;3512001;Colina;Urbana;Estadual;1;1,5;1,4;0;--;--
2019;Sudeste;SP;3512001;Colina;Total;Municipal;0;0;0;0;--;--
2019;Sudeste;SP;3512001;Colina;Urbana;Municipal;--;--;--;--;--;--
2019;Sudeste;SP;3512001;Colina;Rural;Municipal;0;0;0;0;--;--
2019;Sudeste;SP;3512001;Colina;Total;Privada;0;0;0;0;--;--
2019;Sudeste;SP;3512001;Colina;Urbana;Privada;0;0;0;0;--;--
2019;Sudeste;SP;3512001;Colina;Total;Pública;0,8;1,2;1,1;0;--;--
2019;Sudeste;SP;3512001;Colina;Urbana;Pública;1;1,5;1,4;0;--;--
2019;Sudeste;SP;3512001;Colina;Rural;Pública;0;0;0;0;--;--
2019;Sudeste;SP;3512100;Colômbia;Total;Total;0;0;0;0;--;--
2019;Sudeste;SP;3512100;Colômbia;Urbana;Total;0;0;0;0;--;--
2019;Sudeste;SP;3512100;Colômbia;Rural;Total;--;--;--;--;--;--
2019;Sudeste;SP;3512100;Colômbia;Total;Estadual;0;0;0;0;--;--
2019;Sudeste;SP;3512100;Colômbia;Urbana;Estadual;0;0;0;0;--;--
2019;Sudeste;SP;3512100;Colômbia;Total;Municipal;--;--;--;--;--;--
2019;Sudeste;SP;3512100;Colômbia;Urbana;Municipal;--;--;--;--;--;--
2019;Sudeste;SP;3512100;Colômbia;Rural;Municipal;--;--;--;--;--;--
2019;Sudeste;SP;3512100;Colômbia;Total;Pública;0;0;0;0;--;--
2019;Sudeste;SP;3512100;Colômbia;Urbana;Pública;0;0;0;0;--;--
2019;Sudeste;SP;3512100;Colômbia;Rural;Pública;--;--;--;--;--;--
2019;Sudeste;SP;3512209;Conchal;Total;Total;3,1;3,4;2,7;3,2;--;--
2019;Sudeste;SP;3512209;Conchal;Urbana;Total;3,1;3,4;2,7;3,2;--;--
2019;Sudeste;SP;3512209;Conchal;Total;Estadual;3,1;3,4;2,7;3,2;--;--
2019;Sudeste;SP;3512209;Conchal;Urbana;Estadual;3,1;3,4;2,7;3,2;--;--
2019;Sudeste;SP;3512209;Conchal;Total;Municipal;--;--;--;--;--;--
2019;Sudeste;SP;3512209;Conchal;Urbana;Municipal;--;--;--;--;--;--
2019;Sudeste;SP;3512209;Conchal;Total;Privada;--;--;--;--;--;--
2019;Sudeste;SP;3512209;Conchal;Urbana;Privada;--;--;--;--;--;--
2019;Sudeste;SP;3512209;Conchal;Total;Pública;3,1;3,4;2,7;3,2;--;--
2019;Sudeste;SP;3512209;Conchal;Urbana;Pública;3,1;3,4;2,7;3,2;--;--
2019;Sudeste;SP;3512308;Conchas;Total;Total;5,5;7;5;4,1;--;--
2019;Sudeste;SP;3512308;Conchas;Urbana;Total;5,5;7;5;4,1;--;--
2019;Sudeste;SP;3512308;Conchas;Rural;Total;--;--;--;--;--;--
2019;Sudeste;SP;3512308;Conchas;Total;Estadual;7,1;8,6;7;5,2;--;--
2019;Sudeste;SP;3512308;Conchas;Urbana;Estadual;7,1;8,6;7;5,2;--;--
2019;Sudeste;SP;3512308;Conchas;Total;Municipal;--;--;--;--;--;--
2019;Sudeste;SP;3512308;Conchas;Urbana;Municipal;--;--;--;--;--;--
2019;Sudeste;SP;3512308;Conchas;Rural;Municipal;--;--;--;--;--;--
2019;Sudeste;SP;3512308;Conchas;Total;Privada;0;0;0;0;--;--
2019;Sudeste;SP;3512308;Conchas;Urbana;Privada;0;0;0;0;--;--
2019;Sudeste;SP;3512308;Conchas;Total;Pública;7,1;8,6;7;5,2;--;--
2019;Sudeste;SP;3512308;Conchas;Urbana;Pública;7,1;8,6;7;5,2;--;--
2019;Sudeste;SP;3512308;Conchas;Rural;Pública;--;--;--;--;--;--
2019;Sudeste;SP;3512407;Cordeirópolis;Total;Total;2,2;2,3;2,1;1,9;--;--
2019;Sudeste;SP;3512407;Cordeirópolis;Urbana;Total;2,2;2,3;2,1;1,9;--;--
2019;Sudeste;SP;3512407;Cordeirópolis;Rural;Total;--;--;--;--;--;--
2019;Sudeste;SP;3512407;Cordeirópolis;Total;Estadual;2,2;2,3;2,1;1,9;--;--
2019;Sudeste;SP;3512407;Cordeirópolis;Urbana;Estadual;2,2;2,3;2,1;1,9;--;--
2019;Sudeste;SP;3512407;Cordeirópolis;Total;Municipal;--;--;--;--;--;--
2019;Sudeste;SP;3512407;Cordeirópolis;Urbana;Municipal;--;--;--;--;--;--
2019;Sudeste;SP;3512407;Cordeirópolis;Rural;Municipal;--;--;--;--;--;--
2019;Sudeste;SP;3512407;Cordeirópolis;Total;Privada;--;--;--;--;--;--
2019;Sudeste;SP;3512407;Cordeirópolis;Urbana;Privada;--;--;--;--;--;--
2019;Sudeste;SP;3512407;Cordeirópolis;Total;Pública;2,2;2,3;2,1;1,9;--;--
2019;Sudeste;SP;3512407;Cordeirópolis;Urbana;Pública;2,2;2,3;2,1;1,9;--;--
2019;Sudeste;SP;3512407;Cordeirópolis;Rural;Pública;--;--;--;--;--;--
2019;Sudeste;SP;3512506;Coroados;Total;Total;0,8;0;0;2,7;--;--
2019;Sudeste;SP;3512506;Coroados;Urbana;Total;0,8;0;0;2,7;--;--
2019;Sudeste;SP;3512506;Coroados;Total;Estadual;0,8;0;0;2,7;--;--
2019;Sudeste;SP;3512506;Coroados;Urbana;Estadual;0,8;0;0;2,7;--;--
2019;Sudeste;SP;3512506;Coroados;Total;Municipal;--;--;--;--;--;--
2019;Sudeste;SP;3512506;Coroados;Urbana;Municipal;--;--;--;--;--;--
2019;Sudeste;SP;3512506;Coroados;Total;Pública;0,8;0;0;2,7;--;--
2019;Sudeste;SP;3512506;Coroados;Urbana;Pública;0,8;0;0;2,7;--;--
2019;Sudeste;SP;3512605;Coronel Macedo;Total;Total;4,9;12,2;3,5;1,8;--;--
2019;Sudeste;SP;3512605;Coronel Macedo;Urbana;Total;4,9;12,2;3,5;1,8;--;--
2019;Sudeste;SP;3512605;Coronel Macedo;Total;Estadual;4,9;12,2;3,5;1,8;--;--
2019;Sudeste;SP;3512605;Coronel Macedo;Urbana;Estadual;4,9;12,2;3,5;1,8;--;--
2019;Sudeste;SP;3512605;Coronel Macedo;Total;Municipal;--;--;--;--;--;--
2019;Sudeste;SP;3512605;Coronel Macedo;Urbana;Municipal;--;--;--;--;--;--
2019;Sudeste;SP;3512605;Coronel Macedo;Total;Pública;4,9;12,2;3,5;1,8;--;--
2019;Sudeste;SP;3512605;Coronel Macedo;Urbana;Pública;4,9;12,2;3,5;1,8;--;--
2019;Sudeste;SP;3512704;Corumbataí;Total;Total;0;0;0;0;--;--
2019;Sudeste;SP;3512704;Corumbataí;Urbana;Total;0;0;0;0;--;--
2019;Sudeste;SP;3512704;Corumbataí;Total;Estadual;0;0;0;0;--;--
2019;Sudeste;SP;3512704;Corumbataí;Urbana;Estadual;0;0;0;0;--;--
2019;Sudeste;SP;3512704;Corumbataí;Total;Municipal;--;--;--;--;--;--
2019;Sudeste;SP;3512704;Corumbataí;Urbana;Municipal;--;--;--;--;--;--
2019;Sudeste;SP;3512704;Corumbataí;Total;Pública;0;0;0;0;--;--
2019;Sudeste;SP;3512704;Corumbataí;Urbana;Pública;0;0;0;0;--;--
2019;Sudeste;SP;3512803;Cosmópolis;Total;Total;2,1;3,1;2,1;0,7;--;--
2019;Sudeste;SP;3512803;Cosmópolis;Urbana;Total;2,1;3,1;2,1;0,7;--;--
2019;Sudeste;SP;3512803;Cosmópolis;Rural;Total;--;--;--;--;--;--
2019;Sudeste;SP;3512803;Cosmópolis;Total;Estadual;2,1;3,3;2,3;0,7;--;--
2019;Sudeste;SP;3512803;Cosmópolis;Urbana;Estadual;2,1;3,3;2,3;0,7;--;--
2019;Sudeste;SP;3512803;Cosmópolis;Total;Municipal;--;--;--;--;--;--
2019;Sudeste;SP;3512803;Cosmópolis;Urbana;Municipal;--;--;--;--;--;--
2019;Sudeste;SP;3512803;Cosmópolis;Rural;Municipal;--;--;--;--;--;--
2019;Sudeste;SP;3512803;Cosmópolis;Total;Privada;0;0;0;0;--;--
2019;Sudeste;SP;3512803;Cosmópolis;Urbana;Privada;0;0;0;0;--;--
2019;Sudeste;SP;3512803;Cosmópolis;Total;Pública;2,1;3,3;2,3;0,7;--;--
2019;Sudeste;SP;3512803;Cosmópolis;Urbana;Pública;2,1;3,3;2,3;0,7;--;--
2019;Sudeste;SP;3512803;Cosmópolis;Rural;Pública;--;--;--;--;--;--
2019;Sudeste;SP;3512902;Cosmorama;Total;Total;0,8;1,2;1,4;0;--;--
2019;Sudeste;SP;3512902;Cosmorama;Urbana;Total;0,8;1,2;1,4;0;--;--
2019;Sudeste;SP;3512902;Cosmorama;Total;Estadual;0,8;1,2;1,4;0;--;--
2019;Sudeste;SP;3512902;Cosmorama;Urbana;Estadual;0,8;1,2;1,4;0;--;--
2019;Sudeste;SP;3512902;Cosmorama;Total;Municipal;--;--;--;--;--;--
2019;Sudeste;SP;3512902;Cosmorama;Urbana;Municipal;--;--;--;--;--;--
2019;Sudeste;SP;3512902;Cosmorama;Total;Pública;0,8;1,2;1,4;0;--;--
2019;Sudeste;SP;3512902;Cosmorama;Urbana;Pública;0,8;1,2;1,4;0;--;--
2019;Sudeste;SP;3513009;Cotia;Total;Total;2,6;3,4;3,1;1,3;--;--
2019;Sudeste;SP;3513009;Cotia;Urbana;Total;2,6;3,4;3,1;1,3;--;--
2019;Sudeste;SP;3513009;Cotia;Total;Estadual;3,4;4,2;4;1,7;--;--
2019;Sudeste;SP;3513009;Cotia;Urbana;Estadual;3,4;4,2;4;1,7;--;--
2019;Sudeste;SP;3513009;Cotia;Total;Municipal;--;--;--;--;--;--
2019;Sudeste;SP;3513009;Cotia;Urbana;Municipal;--;--;--;--;--;--
2019;Sudeste;SP;3513009;Cotia;Total;Privada;0;0,1;0;0;--;--
2019;Sudeste;SP;3513009;Cotia;Urbana;Privada;0;0,1;0;0;--;--
2019;Sudeste;SP;3513009;Cotia;Total;Pública;3,4;4,2;4;1,7;--;--
2019;Sudeste;SP;3513009;Cotia;Urbana;Pública;3,4;4,2;4;1,7;--;--
2019;Sudeste;SP;3513108;Cravinhos;Total;Total;0,6;0,9;0,4;0,6;--;--
2019;Sudeste;SP;3513108;Cravinhos;Urbana;Total;0,6;0,9;0,4;0,6;--;--
2019;Sudeste;SP;3513108;Cravinhos;Total;Estadual;0,6;1;0,4;0,7;--;--
2019;Sudeste;SP;3513108;Cravinhos;Urbana;Estadual;0,6;1;0,4;0,7;--;--
2019;Sudeste;SP;3513108;Cravinhos;Total;Municipal;--;--;--;--;--;--
2019;Sudeste;SP;3513108;Cravinhos;Urbana;Municipal;--;--;--;--;--;--
2019;Sudeste;SP;3513108;Cravinhos;Total;Privada;0;0;0;0;--;--
2019;Sudeste;SP;3513108;Cravinhos;Urbana;Privada;0;0;0;0;--;--
2019;Sudeste;SP;3513108;Cravinhos;Total;Pública;0,6;1;0,4;0,7;--;--
2019;Sudeste;SP;3513108;Cravinhos;Urbana;Pública;0,6;1;0,4;0,7;--;--
2019;Sudeste;SP;3513207;Cristais Paulista;Total;Total;1,9;1,9;3,4;0;--;--
2019;Sudeste;SP;3513207;Cristais Paulista;Urbana;Total;1,9;1,9;3,4;0;--;--
2019;Sudeste;SP;3513207;Cristais Paulista;Total;Estadual;1,9;1,9;3,4;0;--;--
2019;Sudeste;SP;3513207;Cristais Paulista;Urbana;Estadual;1,9;1,9;3,4;0;--;--
2019;Sudeste;SP;3513207;Cristais Paulista;Total;Municipal;--;--;--;--;--;--
2019;Sudeste;SP;3513207;Cristais Paulista;Urbana;Municipal;--;--;--;--;--;--
2019;Sudeste;SP;3513207;Cristais Paulista;Total;Pública;1,9;1,9;3,4;0;--;--
2019;Sudeste;SP;3513207;Cristais Paulista;Urbana;Pública;1,9;1,9;3,4;0;--;--
2019;Sudeste;SP;3513306;Cruzália;Total;Total;0;0;0;0;--;--
2019;Sudeste;SP;3513306;Cruzália;Urbana;Total;0;0;0;0;--;--
2019;Sudeste;SP;3513306;Cruzália;Total;Estadual;0;0;0;0;--;--
2019;Sudeste;SP;3513306;Cruzália;Urbana;Estadual;0;0;0;0;--;--
2019;Sudeste;SP;3513306;Cruzália;Total;Municipal;--;--;--;--;--;--
2019;Sudeste;SP;3513306;Cruzália;Urbana;Municipal;--;--;--;--;--;--
2019;Sudeste;SP;3513306;Cruzália;Total;Pública;0;0;0;0;--;--
2019;Sudeste;SP;3513306;Cruzália;Urbana;Pública;0;0;0;0;--;--
2019;Sudeste;SP;3513405;Cruzeiro;Total;Total;1,3;1,8;1,2;0,8;--;--
2019;Sudeste;SP;3513405;Cruzeiro;Urbana;Total;1,3;1,8;1,2;0,8;--;--
2019;Sudeste;SP;3513405;Cruzeiro;Rural;Total;--;--;--;--;--;--
2019;Sudeste;SP;3513405;Cruzeiro;Total;Estadual;1,6;2,2;1,7;1,1;--;--
2019;Sudeste;SP;3513405;Cruzeiro;Urbana;Estadual;1,6;2,2;1,7;1,1;--;--
2019;Sudeste;SP;3513405;Cruzeiro;Total;Municipal;--;--;--;--;--;--
2019;Sudeste;SP;3513405;Cruzeiro;Urbana;Municipal;--;--;--;--;--;--
2019;Sudeste;SP;3513405;Cruzeiro;Rural;Municipal;--;--;--;--;--;--
2019;Sudeste;SP;3513405;Cruzeiro;Total;Privada;0,1;0,5;0;0;--;--
2019;Sudeste;SP;3513405;Cruzeiro;Urbana;Privada;0,1;0,5;0;0;--;--
2019;Sudeste;SP;3513405;Cruzeiro;Total;Pública;1,6;2,2;1,7;1,1;--;--
2019;Sudeste;SP;3513405;Cruzeiro;Urbana;Pública;1,6;2,2;1,7;1,1;--;--
2019;Sudeste;SP;3513405;Cruzeiro;Rural;Pública;--;--;--;--;--;--
2019;Sudeste;SP;3513504;Cubatão;Total;Total;2,3;3,7;2,3;0,7;1,1;--
2019;Sudeste;SP;3513504;Cubatão;Urbana;Total;2,3;3,7;2,3;0,7;1,1;--
2019;Sudeste;SP;3513504;Cubatão;Total;Federal;0,7;0;1,8;0;1,1;--
2019;Sudeste;SP;3513504;Cubatão;Urbana;Federal;0,7;0;1,8;0;1,1;--
2019;Sudeste;SP;3513504;Cubatão;Total;Estadual;2,6;4,2;2,4;0,8;--;--
2019;Sudeste;SP;3513504;Cubatão;Urbana;Estadual;2,6;4,2;2,4;0,8;--;--
2019;Sudeste;SP;3513504;Cubatão;Total;Municipal;--;--;--;--;--;--
2019;Sudeste;SP;3513504;Cubatão;Urbana;Municipal;--;--;--;--;--;--
2019;Sudeste;SP;3513504;Cubatão;Total;Privada;0;0;0;0;--;--
2019;Sudeste;SP;3513504;Cubatão;Urbana;Privada;0;0;0;0;--;--
2019;Sudeste;SP;3513504;Cubatão;Total;Pública;2,3;3,8;2,4;0,7;1,1;--
2019;Sudeste;SP;3513504;Cubatão;Urbana;Pública;2,3;3,8;2,4;0,7;1,1;--
2019;Sudeste;SP;3513603;Cunha;Total;Total;2,6;3,4;3,4;0,5;--;--
2019;Sudeste;SP;3513603;Cunha;Urbana;Total;2,7;3,4;3,8;0,6;--;--
2019;Sudeste;SP;3513603;Cunha;Rural;Total;1,4;3,3;0;0;--;--
2019;Sudeste;SP;3513603;Cunha;Total;Estadual;2,7;3,6;3,6;0,6;--;--
2019;Sudeste;SP;3513603;Cunha;Urbana;Estadual;2,9;3,6;4;0,6;--;--
2019;Sudeste;SP;3513603;Cunha;Rural;Estadual;1,4;3,3;0;0;--;--
2019;Sudeste;SP;3513603;Cunha;Total;Municipal;--;--;--;--;--;--
2019;Sudeste;SP;3513603;Cunha;Urbana;Municipal;--;--;--;--;--;--
2019;Sudeste;SP;3513603;Cunha;Rural;Municipal;--;--;--;--;--;--
2019;Sudeste;SP;3513603;Cunha;Total;Privada;0;0;0;0;--;--
2019;Sudeste;SP;3513603;Cunha;Urbana;Privada;0;0;0;0;--;--
2019;Sudeste;SP;3513603;Cunha;Total;Pública;2,7;3,6;3,6;0,6;--;--
2019;Sudeste;SP;3513603;Cunha;Urbana;Pública;2,9;3,6;4;0,6;--;--
2019;Sudeste;SP;3513603;Cunha;Rural;Pública;1,4;3,3;0;0;--;--
2019;Sudeste;SP;3513702;Descalvado;Total;Total;0;0;0;0;--;--
2019;Sudeste;SP;3513702;Descalvado;Urbana;Total;0;0;0;0;--;--
2019;Sudeste;SP;3513702;Descalvado;Total;Estadual;0;0;0;0;--;--
2019;Sudeste;SP;3513702;Descalvado;Urbana;Estadual;0;0;0;0;--;--
2019;Sudeste;SP;3513702;Descalvado;Total;Municipal;--;--;--;--;--;--
2019;Sudeste;SP;3513702;Descalvado;Urbana;Municipal;--;--;--;--;--;--
2019;Sudeste;SP;3513702;Descalvado;Total;Privada;0;0;0;0;--;--
2019;Sudeste;SP;3513702;Descalvado;Urbana;Privada;0;0;0;0;--;--
2019;Sudeste;SP;3513702;Descalvado;Total;Pública;0;0;0;0;--;--
2019;Sudeste;SP;3513702;Descalvado;Urbana;Pública;0;0;0;0;--;--
2019;Sudeste;SP;3513801;Diadema;Total;Total;0,9;1;1,2;0,6;--;--
2019;Sudeste;SP;3513801;Diadema;Urbana;Total;0,9;1;1,2;0,6;--;--
2019;Sudeste;SP;3513801;Diadema;Total;Estadual;1;1,1;1,4;0,7;--;--
2019;Sudeste;SP;3513801;Diadema;Urbana;Estadual;1;1,1;1,4;0,7;--;--
2019;Sudeste;SP;3513801;Diadema;Total;Municipal;--;--;--;--;--;--
2019;Sudeste;SP;3513801;Diadema;Urbana;Municipal;--;--;--;--;--;--
2019;Sudeste;SP;3513801;Diadema;Total;Privada;0,1;0,2;0;0;--;--
2019;Sudeste;SP;3513801;Diadema;Urbana;Privada;0,1;0,2;0;0;--;--
2019;Sudeste;SP;3513801;Diadema;Total;Pública;1;1,1;1,4;0,7;--;--
2019;Sudeste;SP;3513801;Diadema;Urbana;Pública;1;1,1;1,4;0,7;--;--
2019;Sudeste;SP;3513850;Dirce Reis;Total;Total;0;0;0;0;--;--
2019;Sudeste;SP;3513850;Dirce Reis;Urbana;Total;0;0;0;0;--;--
2019;Sudeste;SP;3513850;Dirce Reis;Total;Estadual;0;0;0;0;--;--
2019;Sudeste;SP;3513850;Dirce Reis;Urbana;Estadual;0;0;0;0;--;--
2019;Sudeste;SP;3513850;Dirce Reis;Total;Municipal;--;--;--;--;--;--
2019;Sudeste;SP;3513850;Dirce Reis;Urbana;Municipal;--;--;--;--;--;--
2019;Sudeste;SP;3513850;Dirce Reis;Total;Pública;0;0;0;0;--;--
2019;Sudeste;SP;3513850;Dirce Reis;Urbana;Pública;0;0;0;0;--;--
2019;Sudeste;SP;3513900;Divinolândia;Total;Total;5,7;6,2;7,9;2,9;--;--
2019;Sudeste;SP;3513900;Divinolândia;Urbana;Total;5,7;6,2;7,9;2,9;--;--
2019;Sudeste;SP;3513900;Divinolândia;Rural;Total;--;--;--;--;--;--
2019;Sudeste;SP;3513900;Divinolândia;Total;Estadual;5,7;6,2;7,9;2,9;--;--
2019;Sudeste;SP;3513900;Divinolândia;Urbana;Estadual;5,7;6,2;7,9;2,9;--;--
2019;Sudeste;SP;3513900;Divinolândia;Total;Municipal;--;--;--;--;--;--
2019;Sudeste;SP;3513900;Divinolândia;Urbana;Municipal;--;--;--;--;--;--
2019;Sudeste;SP;3513900;Divinolândia;Rural;Municipal;--;--;--;--;--;--
2019;Sudeste;SP;3513900;Divinolândia;Total;Privada;--;--;--;--;--;--
2019;Sudeste;SP;3513900;Divinolândia;Urbana;Privada;--;--;--;--;--;--
2019;Sudeste;SP;3513900;Divinolândia;Total;Pública;5,7;6,2;7,9;2,9;--;--
2019;Sudeste;SP;3513900;Divinolândia;Urbana;Pública;5,7;6,2;7,9;2,9;--;--
2019;Sudeste;SP;3513900;Divinolândia;Rural;Pública;--;--;--;--;--;--
2019;Sudeste;SP;3514007;Dobrada;Total;Total;0;0;0;0;--;--
2019;Sudeste;SP;3514007;Dobrada;Urbana;Total;0;0;0;0;--;--
2019;Sudeste;SP;3514007;Dobrada;Total;Estadual;0;0;0;0;--;--
2019;Sudeste;SP;3514007;Dobrada;Urbana;Estadual;0;0;0;0;--;--
2019;Sudeste;SP;3514007;Dobrada;Total;Municipal;--;--;--;--;--;--
2019;Sudeste;SP;3514007;Dobrada;Urbana;Municipal;--;--;--;--;--;--
2019;Sudeste;SP;3514007;Dobrada;Total;Pública;0;0;0;0;--;--
2019;Sudeste;SP;3514007;Dobrada;Urbana;Pública;0;0;0;0;--;--
2019;Sudeste;SP;3514106;Dois Córregos;Total;Total;0;0;0;0;--;--
2019;Sudeste;SP;3514106;Dois Córregos;Urbana;Total;0;0;0;0;--;--
2019;Sudeste;SP;3514106;Dois Córregos;Total;Estadual;0;0;0;0;--;--
2019;Sudeste;SP;3514106;Dois Córregos;Urbana;Estadual;0;0;0;0;--;--
2019;Sudeste;SP;3514106;Dois Córregos;Total;Municipal;--;--;--;--;--;--
2019;Sudeste;SP;3514106;Dois Córregos;Urbana;Municipal;--;--;--;--;--;--
2019;Sudeste;SP;3514106;Dois Córregos;Total;Privada;0;0;0;0;--;--
2019;Sudeste;SP;3514106;Dois Córregos;Urbana;Privada;0;0;0;0;--;--
2019;Sudeste;SP;3514106;Dois Córregos;Total;Pública;0;0;0;0;--;--
2019;Sudeste;SP;3514106;Dois Córregos;Urbana;Pública;0;0;0;0;--;--
2019;Sudeste;SP;3514205;Dolcinópolis;Total;Total;0;0;0;0;--;--
2019;Sudeste;SP;3514205;Dolcinópolis;Urbana;Total;0;0;0;0;--;--
2019;Sudeste;SP;3514205;Dolcinópolis;Total;Estadual;0;0;0;0;--;--
2019;Sudeste;SP;3514205;Dolcinópolis;Urbana;Estadual;0;0;0;0;--;--
2019;Sudeste;SP;3514205;Dolcinópolis;Total;Municipal;--;--;--;--;--;--
2019;Sudeste;SP;3514205;Dolcinópolis;Urbana;Municipal;--;--;--;--;--;--
2019;Sudeste;SP;3514205;Dolcinópolis;Total;Pública;0;0;0;0;--;--
2019;Sudeste;SP;3514205;Dolcinópolis;Urbana;Pública;0;0;0;0;--;--
2019;Sudeste;SP;3514304;Dourado;Total;Total;0;0;0;0;--;--
2019;Sudeste;SP;3514304;Dourado;Urbana;Total;0;0;0;0;--;--
2019;Sudeste;SP;3514304;Dourado;Total;Estadual;0;0;0;0;--;--
2019;Sudeste;SP;3514304;Dourado;Urbana;Estadual;0;0;0;0;--;--
2019;Sudeste;SP;3514304;Dourado;Total;Municipal;--;--;--;--;--;--
2019;Sudeste;SP;3514304;Dourado;Urbana;Municipal;--;--;--;--;--;--
2019;Sudeste;SP;3514304;Dourado;Total;Pública;0;0;0;0;--;--
2019;Sudeste;SP;3514304;Dourado;Urbana;Pública;0;0;0;0;--;--
2019;Sudeste;SP;3514403;Dracena;Total;Total;1,3;1,2;2,1;0,7;--;--
2019;Sudeste;SP;3514403;Dracena;Urbana;Total;1,6;1,3;2,5;0,7;--;--
2019;Sudeste;SP;3514403;Dracena;Rural;Total;0;0;0;0;--;--
2019;Sudeste;SP;3514403;Dracena;Total;Estadual;1,7;1,4;2,8;0,8;--;--
2019;Sudeste;SP;3514403;Dracena;Urbana;Estadual;1,9;1,7;3,3;1;--;--
2019;Sudeste;SP;3514403;Dracena;Rural;Estadual;0;0;0;0;--;--
2019;Sudeste;SP;3514403;Dracena;Total;Municipal;--;--;--;--;--;--
2019;Sudeste;SP;3514403;Dracena;Urbana;Municipal;--;--;--;--;--;--
2019;Sudeste;SP;3514403;Dracena;Total;Privada;0;0;0;0;--;--
2019;Sudeste;SP;3514403;Dracena;Urbana;Privada;0;0;0;0;--;--
2019;Sudeste;SP;3514403;Dracena;Total;Pública;1,7;1,4;2,8;0,8;--;--
2019;Sudeste;SP;3514403;Dracena;Urbana;Pública;1,9;1,7;3,3;1;--;--
2019;Sudeste;SP;3514403;Dracena;Rural;Pública;0;0;0;0;--;--
2019;Sudeste;SP;3514502;Duartina;Total;Total;4,3;10,3;4,3;0;--;--
2019;Sudeste;SP;3514502;Duartina;Urbana;Total;4,3;10,3;4,3;0;--;--
2019;Sudeste;SP;3514502;Duartina;Total;Estadual;5,1;11,9;5,2;0;--;--
2019;Sudeste;SP;3514502;Duartina;Urbana;Estadual;5,1;11,9;5,2;0;--;--
2019;Sudeste;SP;3514502;Duartina;Total;Municipal;--;--;--;--;--;--
2019;Sudeste;SP;3514502;Duartina;Urbana;Municipal;--;--;--;--;--;--
2019;Sudeste;SP;3514502;Duartina;Total;Privada;0;0;0;0;--;--
2019;Sudeste;SP;3514502;Duartina;Urbana;Privada;0;0;0;0;--;--
2019;Sudeste;SP;3514502;Duartina;Total;Pública;5,1;11,9;5,2;0;--;--
2019;Sudeste;SP;3514502;Duartina;Urbana;Pública;5,1;11,9;5,2;0;--;--
2019;Sudeste;SP;3514601;Dumont;Total;Total;0;0;0;0;--;--
2019;Sudeste;SP;3514601;Dumont;Urbana;Total;0;0;0;0;--;--
2019;Sudeste;SP;3514601;Dumont;Total;Estadual;0;0;0;0;--;--
2019;Sudeste;SP;3514601;Dumont;Urbana;Estadual;0;0;0;0;--;--
2019;Sudeste;SP;3514601;Dumont;Total;Municipal;--;--;--;--;--;--
2019;Sudeste;SP;3514601;Dumont;Urbana;Municipal;--;--;--;--;--;--
2019;Sudeste;SP;3514601;Dumont;Total;Privada;--;--;--;--;--;--
2019;Sudeste;SP;3514601;Dumont;Urbana;Privada;--;--;--;--;--;--
2019;Sudeste;SP;3514601;Dumont;Total;Pública;0;0;0;0;--;--
2019;Sudeste;SP;3514601;Dumont;Urbana;Pública;0;0;0;0;--;--
2019;Sudeste;SP;3514700;Echaporã;Total;Total;0,5;0;1,8;0;--;--
2019;Sudeste;SP;3514700;Echaporã;Urbana;Total;0,5;0;1,8;0;--;--
2019;Sudeste;SP;3514700;Echaporã;Total;Estadual;0,5;0;1,8;0;--;--
2019;Sudeste;SP;3514700;Echaporã;Urbana;Estadual;0,5;0;1,8;0;--;--
2019;Sudeste;SP;3514700;Echaporã;Total;Municipal;--;--;--;--;--;--
2019;Sudeste;SP;3514700;Echaporã;Urbana;Municipal;--;--;--;--;--;--
2019;Sudeste;SP;3514700;Echaporã;Total;Pública;0,5;0;1,8;0;--;--
2019;Sudeste;SP;3514700;Echaporã;Urbana;Pública;0,5;0;1,8;0;--;--
2019;Sudeste;SP;3514809;Eldorado;Total;Total;1,2;0,9;2,6;0;--;0
2019;Sudeste;SP;3514809;Eldorado;Urbana;Total;0,6;0,7;0,8;0;--;--
2019;Sudeste;SP;3514809;Eldorado;Rural;Total;2,4;1,3;5,6;0;--;0
2019;Sudeste;SP;3514809;Eldorado;Total;Estadual;1,2;0,9;2,6;0;--;0
2019;Sudeste;SP;3514809;Eldorado;Urbana;Estadual;0,6;0,7;0,8;0;--;--
2019;Sudeste;SP;3514809;Eldorado;Rural;Estadual;2,4;1,3;5,6;0;--;0
2019;Sudeste;SP;3514809;Eldorado;Total;Municipal;--;--;--;--;--;--
2019;Sudeste;SP;3514809;Eldorado;Urbana;Municipal;--;--;--;--;--;--
2019;Sudeste;SP;3514809;Eldorado;Rural;Municipal;--;--;--;--;--;--
2019;Sudeste;SP;3514809;Eldorado;Total;Pública;1,2;0,9;2,6;0;--;0
2019;Sudeste;SP;3514809;Eldorado;Urbana;Pública;0,6;0,7;0,8;0;--;--
2019;Sudeste;SP;3514809;Eldorado;Rural;Pública;2,4;1,3;5,6;0;--;0
2019;Sudeste;SP;3514908;Elias Fausto;Total;Total;2,3;3,8;1,6;1,7;--;--
2019;Sudeste;SP;3514908;Elias Fausto;Urbana;Total;2,3;3,8;1,6;1,7;--;--
2019;Sudeste;SP;3514908;Elias Fausto;Total;Estadual;2,3;3,8;1,6;1,7;--;--
2019;Sudeste;SP;3514908;Elias Fausto;Urbana;Estadual;2,3;3,8;1,6;1,7;--;--
2019;Sudeste;SP;3514908;Elias Fausto;Total;Municipal;--;--;--;--;--;--
2019;Sudeste;SP;3514908;Elias Fausto;Urbana;Municipal;--;--;--;--;--;--
2019;Sudeste;SP;3514908;Elias Fausto;Total;Pública;2,3;3,8;1,6;1,7;--;--
2019;Sudeste;SP;3514908;Elias Fausto;Urbana;Pública;2,3;3,8;1,6;1,7;--;--
2019;Sudeste;SP;3514924;Elisiário;Total;Total;0;0;0;0;--;--
2019;Sudeste;SP;3514924;Elisiário;Urbana;Total;0;0;0;0;--;--
2019;Sudeste;SP;3514924;Elisiário;Total;Estadual;0;0;0;0;--;--
2019;Sudeste;SP;3514924;Elisiário;Urbana;Estadual;0;0;0;0;--;--
2019;Sudeste;SP;3514924;Elisiário;Total;Municipal;--;--;--;--;--;--
2019;Sudeste;SP;3514924;Elisiário;Urbana;Municipal;--;--;--;--;--;--
2019;Sudeste;SP;3514924;Elisiário;Total;Pública;0;0;0;0;--;--
2019;Sudeste;SP;3514924;Elisiário;Urbana;Pública;0;0;0;0;--;--
2019;Sudeste;SP;3514957;Embaúba;Total;Total;0;0;0;0;--;--
2019;Sudeste;SP;3514957;Embaúba;Urbana;Total;0;0;0;0;--;--
2019;Sudeste;SP;3514957;Embaúba;Total;Estadual;0;0;0;0;--;--
2019;Sudeste;SP;3514957;Embaúba;Urbana;Estadual;0;0;0;0;--;--
2019;Sudeste;SP;3514957;Embaúba;Total;Municipal;--;--;--;--;--;--
2019;Sudeste;SP;3514957;Embaúba;Urbana;Municipal;--;--;--;--;--;--
2019;Sudeste;SP;3514957;Embaúba;Total;Pública;0;0;0;0;--;--
2019;Sudeste;SP;3514957;Embaúba;Urbana;Pública;0;0;0;0;--;--
2019;Sudeste;SP;3515004;Embu das Artes;Total;Total;1,8;2,5;1,8;1;--;--
2019;Sudeste;SP;3515004;Embu das Artes;Urbana;Total;1,8;2,5;1,8;1;--;--
2019;Sudeste;SP;3515004;Embu das Artes;Total;Estadual;1,8;2,5;1,9;1;--;--
2019;Sudeste;SP;3515004;Embu das Artes;Urbana;Estadual;1,8;2,5;1,9;1;--;--
2019;Sudeste;SP;3515004;Embu das Artes;Total;Municipal;--;--;--;--;--;--
2019;Sudeste;SP;3515004;Embu das Artes;Urbana;Municipal;--;--;--;--;--;--
2019;Sudeste;SP;3515004;Embu das Artes;Total;Privada;0;0;0;0;--;--
2019;Sudeste;SP;3515004;Embu das Artes;Urbana;Privada;0;0;0;0;--;--
2019;Sudeste;SP;3515004;Embu das Artes;Total;Pública;1,8;2,5;1,9;1;--;--
2019;Sudeste;SP;3515004;Embu das Artes;Urbana;Pública;1,8;2,5;1,9;1;--;--
2019;Sudeste;SP;3515103;Embu-Guaçu;Total;Total;2,2;2,3;2,6;1,7;--;--
2019;Sudeste;SP;3515103;Embu-Guaçu;Urbana;Total;2,2;2,3;2,6;1,7;--;--
2019;Sudeste;SP;3515103;Embu-Guaçu;Rural;Total;--;--;--;--;--;--
2019;Sudeste;SP;3515103;Embu-Guaçu;Total;Estadual;2,4;2,7;2,9;1,9;--;--
2019;Sudeste;SP;3515103;Embu-Guaçu;Urbana;Estadual;2,4;2,7;2,9;1,9;--;--
2019;Sudeste;SP;3515103;Embu-Guaçu;Total;Municipal;--;--;--;--;--;--
2019;Sudeste;SP;3515103;Embu-Guaçu;Urbana;Municipal;--;--;--;--;--;--
2019;Sudeste;SP;3515103;Embu-Guaçu;Rural;Municipal;--;--;--;--;--;--
2019;Sudeste;SP;3515103;Embu-Guaçu;Total;Privada;0;0;0;0;--;--
2019;Sudeste;SP;3515103;Embu-Guaçu;Urbana;Privada;0;0;0;0;--;--
2019;Sudeste;SP;3515103;Embu-Guaçu;Rural;Privada;--;--;--;--;--;--
2019;Sudeste;SP;3515103;Embu-Guaçu;Total;Pública;2,4;2,7;2,9;1,9;--;--
2019;Sudeste;SP;3515103;Embu-Guaçu;Urbana;Pública;2,4;2,7;2,9;1,9;--;--
2019;Sudeste;SP;3515103;Embu-Guaçu;Rural;Pública;--;--;--;--;--;--
2019;Sudeste;SP;3515129;Emilianópolis;Total;Total;0;0;0;0;--;--
2019;Sudeste;SP;3515129;Emilianópolis;Urbana;Total;0;0;0;0;--;--
2019;Sudeste;SP;3515129;Emilianópolis;Total;Estadual;0;0;0;0;--;--
2019;Sudeste;SP;3515129;Emilianópolis;Urbana;Estadual;0;0;0;0;--;--
2019;Sudeste;SP;3515129;Emilianópolis;Total;Municipal;--;--;--;--;--;--
2019;Sudeste;SP;3515129;Emilianópolis;Urbana;Municipal;--;--;--;--;--;--
2019;Sudeste;SP;3515129;Emilianópolis;Total;Pública;0;0;0;0;--;--
2019;Sudeste;SP;3515129;Emilianópolis;Urbana;Pública;0;0;0;0;--;--
2019;Sudeste;SP;3515152;Engenheiro Coelho;Total;Total;2,8;5,2;1,5;1,3;--;--
2019;Sudeste;SP;3515152;Engenheiro Coelho;Urbana;Total;3,8;6,6;1,8;2,1;--;--
2019;Sudeste;SP;3515152;Engenheiro Coelho;Rural;Total;1;2,2;1;0;--;--
2019;Sudeste;SP;3515152;Engenheiro Coelho;Total;Estadual;3,8;6,6;1,8;2,1;--;--
2019;Sudeste;SP;3515152;Engenheiro Coelho;Urbana;Estadual;3,8;6,6;1,8;2,1;--;--
2019;Sudeste;SP;3515152;Engenheiro Coelho;Total;Municipal;--;--;--;--;--;--
2019;Sudeste;SP;3515152;Engenheiro Coelho;Urbana;Municipal;--;--;--;--;--;--
2019;Sudeste;SP;3515152;Engenheiro Coelho;Total;Privada;1;2,2;1;0;--;--
2019;Sudeste;SP;3515152;Engenheiro Coelho;Rural;Privada;1;2,2;1;0;--;--
2019;Sudeste;SP;3515152;Engenheiro Coelho;Total;Pública;3,8;6,6;1,8;2,1;--;--
2019;Sudeste;SP;3515152;Engenheiro Coelho;Urbana;Pública;3,8;6,6;1,8;2,1;--;--
2019;Sudeste;SP;3515186;Espírito Santo do Pinhal;Total;Total;1,9;2,9;2;0,4;--;--
2019;Sudeste;SP;3515186;Espírito Santo do Pinhal;Urbana;Total;2,6;4;3;0,5;--;--
2019;Sudeste;SP;3515186;Espírito Santo do Pinhal;Rural;Total;0;0;0;0;--;--
2019;Sudeste;SP;3515186;Espírito Santo do Pinhal;Total;Estadual;2;3,1;2;0,5;--;--
2019;Sudeste;SP;3515186;Espírito Santo do Pinhal;Urbana;Estadual;2,9;4,3;3;0,7;--;--
2019;Sudeste;SP;3515186;Espírito Santo do Pinhal;Rural;Estadual;0;0;0;0;--;--
2019;Sudeste;SP;3515186;Espírito Santo do Pinhal;Total;Municipal;--;--;--;--;--;--
2019;Sudeste;SP;3515186;Espírito Santo do Pinhal;Urbana;Municipal;--;--;--;--;--;--
2019;Sudeste;SP;3515186;Espírito Santo do Pinhal;Rural;Municipal;--;--;--;--;--;--
2019;Sudeste;SP;3515186;Espírito Santo do Pinhal;Total;Privada;0,7;0;2,3;0;--;--
2019;Sudeste;SP;3515186;Espírito Santo do Pinhal;Urbana;Privada;0,7;0;2,3;0;--;--
2019;Sudeste;SP;3515186;Espírito Santo do Pinhal;Rural;Privada;--;--;--;--;--;--
2019;Sudeste;SP;3515186;Espírito Santo do Pinhal;Total;Pública;2;3,1;2;0,5;--;--
2019;Sudeste;SP;3515186;Espírito Santo do Pinhal;Urbana;Pública;2,9;4,3;3;0,7;--;--
2019;Sudeste;SP;3515186;Espírito Santo do Pinhal;Rural;Pública;0;0;0;0;--;--
2019;Sudeste;SP;3515194;Espírito Santo do Turvo;Total;Total;0,7;0;0;2,6;--;--
2019;Sudeste;SP;3515194;Espírito Santo do Turvo;Urbana;Total;0,7;0;0;2,6;--;--
2019;Sudeste;SP;3515194;Espírito Santo do Turvo;Total;Estadual;0,7;0;0;2,6;--;--
2019;Sudeste;SP;3515194;Espírito Santo do Turvo;Urbana;Estadual;0,7;0;0;2,6;--;--
2019;Sudeste;SP;3515194;Espírito Santo do Turvo;Total;Municipal;--;--;--;--;--;--
2019;Sudeste;SP;3515194;Espírito Santo do Turvo;Urbana;Municipal;--;--;--;--;--;--
2019;Sudeste;SP;3515194;Espírito Santo do Turvo;Total;Pública;0,7;0;0;2,6;--;--
2019;Sudeste;SP;3515194;Espírito Santo do Turvo;Urbana;Pública;0,7;0;0;2,6;--;--
2019;Sudeste;SP;3515202;Estrela d'Oeste;Total;Total;0;0;0;0;--;--
2019;Sudeste;SP;3515202;Estrela d'Oeste;Urbana;Total;0;0;0;0;--;--
2019;Sudeste;SP;3515202;Estrela d'Oeste;Total;Estadual;0;0;0;0;--;--
2019;Sudeste;SP;3515202;Estrela d'Oeste;Urbana;Estadual;0;0;0;0;--;--
2019;Sudeste;SP;3515202;Estrela d'Oeste;Total;Municipal;--;--;--;--;--;--
2019;Sudeste;SP;3515202;Estrela d'Oeste;Urbana;Municipal;--;--;--;--;--;--
2019;Sudeste;SP;3515202;Estrela d'Oeste;Total;Privada;0;0;0;0;--;--
2019;Sudeste;SP;3515202;Estrela d'Oeste;Urbana;Privada;0;0;0;0;--;--
2019;Sudeste;SP;3515202;Estrela d'Oeste;Total;Pública;0;0;0;0;--;--
2019;Sudeste;SP;3515202;Estrela d'Oeste;Urbana;Pública;0;0;0;0;--;--
2019;Sudeste;SP;3515301;Estrela do Norte;Total;Total;1;0;3,1;0;--;--
2019;Sudeste;SP;3515301;Estrela do Norte;Urbana;Total;1;0;3,1;0;--;--
2019;Sudeste;SP;3515301;Estrela do Norte;Total;Estadual;1;0;3,1;0;--;--
2019;Sudeste;SP;3515301;Estrela do Norte;Urbana;Estadual;1;0;3,1;0;--;--
2019;Sudeste;SP;3515301;Estrela do Norte;Total;Municipal;--;--;--;--;--;--
2019;Sudeste;SP;3515301;Estrela do Norte;Urbana;Municipal;--;--;--;--;--;--
2019;Sudeste;SP;3515301;Estrela do Norte;Total;Pública;1;0;3,1;0;--;--
2019;Sudeste;SP;3515301;Estrela do Norte;Urbana;Pública;1;0;3,1;0;--;--
2019;Sudeste;SP;3515350;Euclides da Cunha Paulista;Total;Total;0;0;0;0;--;--
2019;Sudeste;SP;3515350;Euclides da Cunha Paulista;Urbana;Total;0;0;0;0;--;--
2019;Sudeste;SP;3515350;Euclides da Cunha Paulista;Rural;Total;0;0;0;0;--;--
2019;Sudeste;SP;3515350;Euclides da Cunha Paulista;Total;Estadual;0;0;0;0;--;--
2019;Sudeste;SP;3515350;Euclides da Cunha Paulista;Urbana;Estadual;0;0;0;0;--;--
2019;Sudeste;SP;3515350;Euclides da Cunha Paulista;Rural;Estadual;0;0;0;0;--;--
2019;Sudeste;SP;3515350;Euclides da Cunha Paulista;Total;Municipal;--;--;--;--;--;--
2019;Sudeste;SP;3515350;Euclides da Cunha Paulista;Urbana;Municipal;--;--;--;--;--;--
2019;Sudeste;SP;3515350;Euclides da Cunha Paulista;Rural;Municipal;--;--;--;--;--;--
2019;Sudeste;SP;3515350;Euclides da Cunha Paulista;Total;Pública;0;0;0;0;--;--
2019;Sudeste;SP;3515350;Euclides da Cunha Paulista;Urbana;Pública;0;0;0;0;--;--
2019;Sudeste;SP;3515350;Euclides da Cunha Paulista;Rural;Pública;0;0;0;0;--;--
2019;Sudeste;SP;3515400;Fartura;Total;Total;1;1;2,4;0;--;--
2019;Sudeste;SP;3515400;Fartura;Urbana;Total;1;1;2,4;0;--;--
2019;Sudeste;SP;3515400;Fartura;Total;Estadual;1,3;1,1;2,8;0;--;--
2019;Sudeste;SP;3515400;Fartura;Urbana;Estadual;1,3;1,1;2,8;0;--;--
2019;Sudeste;SP;3515400;Fartura;Total;Municipal;--;--;--;--;--;--
2019;Sudeste;SP;3515400;Fartura;Urbana;Municipal;--;--;--;--;--;--
2019;Sudeste;SP;3515400;Fartura;Total;Privada;0;0;0;0;--;--
2019;Sudeste;SP;3515400;Fartura;Urbana;Privada;0;0;0;0;--;--
2019;Sudeste;SP;3515400;Fartura;Total;Pública;1,3;1,1;2,8;0;--;--
2019;Sudeste;SP;3515400;Fartura;Urbana;Pública;1,3;1,1;2,8;0;--;--
2019;Sudeste;SP;3515509;Fernandópolis;Total;Total;0,1;0,1;0,3;0;--;--
2019;Sudeste;SP;3515509;Fernandópolis;Urbana;Total;0,1;0,1;0,3;0;--;--
2019;Sudeste;SP;3515509;Fernandópolis;Total;Estadual;0,2;0,2;0,3;0;--;--
2019;Sudeste;SP;3515509;Fernandópolis;Urbana;Estadual;0,2;0,2;0,3;0;--;--
2019;Sudeste;SP;3515509;Fernandópolis;Total;Municipal;--;--;--;--;--;--
2019;Sudeste;SP;3515509;Fernandópolis;Urbana;Municipal;--;--;--;--;--;--
2019;Sudeste;SP;3515509;Fernandópolis;Total;Privada;0;0;0;0;--;--
2019;Sudeste;SP;3515509;Fernandópolis;Urbana;Privada;0;0;0;0;--;--
2019;Sudeste;SP;3515509;Fernandópolis;Total;Pública;0,2;0,2;0,3;0;--;--
2019;Sudeste;SP;3515509;Fernandópolis;Urbana;Pública;0,2;0,2;0,3;0;--;--
2019;Sudeste;SP;3515608;Fernando Prestes;Total;Total;1,8;3,1;2,2;0;--;--
2019;Sudeste;SP;3515608;Fernando Prestes;Urbana;Total;1,8;3,1;2,2;0;--;--
2019;Sudeste;SP;3515608;Fernando Prestes;Total;Estadual;1,8;3,1;2,2;0;--;--
2019;Sudeste;SP;3515608;Fernando Prestes;Urbana;Estadual;1,8;3,1;2,2;0;--;--
2019;Sudeste;SP;3515608;Fernando Prestes;Total;Municipal;--;--;--;--;--;--
2019;Sudeste;SP;3515608;Fernando Prestes;Urbana;Municipal;--;--;--;--;--;--
2019;Sudeste;SP;3515608;Fernando Prestes;Total;Pública;1,8;3,1;2,2;0;--;--
2019;Sudeste;SP;3515608;Fernando Prestes;Urbana;Pública;1,8;3,1;2,2;0;--;--
2019;Sudeste;SP;3515657;Fernão;Total;Total;0;0;0;0;--;--
2019;Sudeste;SP;3515657;Fernão;Urbana;Total;0;0;0;0;--;--
2019;Sudeste;SP;3515657;Fernão;Total;Estadual;0;0;0;0;--;--
2019;Sudeste;SP;3515657;Fernão;Urbana;Estadual;0;0;0;0;--;--
2019;Sudeste;SP;3515657;Fernão;Total;Municipal;--;--;--;--;--;--
2019;Sudeste;SP;3515657;Fernão;Urbana;Municipal;--;--;--;--;--;--
2019;Sudeste;SP;3515657;Fernão;Total;Pública;0;0;0;0;--;--
2019;Sudeste;SP;3515657;Fernão;Urbana;Pública;0;0;0;0;--;--
2019;Sudeste;SP;3515707;Ferraz de Vasconcelos;Total;Total;3,4;4,2;3,4;2,6;--;--
2019;Sudeste;SP;3515707;Ferraz de Vasconcelos;Urbana;Total;3,4;4,2;3,4;2,6;--;--
2019;Sudeste;SP;3515707;Ferraz de Vasconcelos;Rural;Total;--;--;--;--;--;--
2019;Sudeste;SP;3515707;Ferraz de Vasconcelos;Total;Estadual;3,7;4,5;3,6;2,9;--;--
2019;Sudeste;SP;3515707;Ferraz de Vasconcelos;Urbana;Estadual;3,7;4,5;3,6;2,9;--;--
2019;Sudeste;SP;3515707;Ferraz de Vasconcelos;Total;Municipal;--;--;--;--;--;--
2019;Sudeste;SP;3515707;Ferraz de Vasconcelos;Urbana;Municipal;--;--;--;--;--;--
2019;Sudeste;SP;3515707;Ferraz de Vasconcelos;Rural;Municipal;--;--;--;--;--;--
2019;Sudeste;SP;3515707;Ferraz de Vasconcelos;Total;Privada;0;0;0;0;--;--
2019;Sudeste;SP;3515707;Ferraz de Vasconcelos;Urbana;Privada;0;0;0;0;--;--
2019;Sudeste;SP;3515707;Ferraz de Vasconcelos;Total;Pública;3,7;4,5;3,6;2,9;--;--
2019;Sudeste;SP;3515707;Ferraz de Vasconcelos;Urbana;Pública;3,7;4,5;3,6;2,9;--;--
2019;Sudeste;SP;3515707;Ferraz de Vasconcelos;Rural;Pública;--;--;--;--;--;--
2019;Sudeste;SP;3515806;Flora Rica;Total;Total;2,2;0;5,5;0;--;--
2019;Sudeste;SP;3515806;Flora Rica;Urbana;Total;2,2;0;5,5;0;--;--
2019;Sudeste;SP;3515806;Flora Rica;Total;Estadual;2,2;0;5,5;0;--;--
2019;Sudeste;SP;3515806;Flora Rica;Urbana;Estadual;2,2;0;5,5;0;--;--
2019;Sudeste;SP;3515806;Flora Rica;Total;Municipal;--;--;--;--;--;--
2019;Sudeste;SP;3515806;Flora Rica;Urbana;Municipal;--;--;--;--;--;--
2019;Sudeste;SP;3515806;Flora Rica;Total;Pública;2,2;0;5,5;0;--;--
2019;Sudeste;SP;3515806;Flora Rica;Urbana;Pública;2,2;0;5,5;0;--;--
2019;Sudeste;SP;3515905;Floreal;Total;Total;0;0;0;0;--;--
2019;Sudeste;SP;3515905;Floreal;Urbana;Total;0;0;0;0;--;--
2019;Sudeste;SP;3515905;Floreal;Total;Estadual;0;0;0;0;--;--
2019;Sudeste;SP;3515905;Floreal;Urbana;Estadual;0;0;0;0;--;--
2019;Sudeste;SP;3515905;Floreal;Total;Municipal;--;--;--;--;--;--
2019;Sudeste;SP;3515905;Floreal;Urbana;Municipal;--;--;--;--;--;--
2019;Sudeste;SP;3515905;Floreal;Total;Pública;0;0;0;0;--;--
2019;Sudeste;SP;3515905;Floreal;Urbana;Pública;0;0;0;0;--;--
2019;Sudeste;SP;3516002;Flórida Paulista;Total;Total;0,3;1,4;0;0;--;--
2019;Sudeste;SP;3516002;Flórida Paulista;Urbana;Total;0,3;1,4;0;0;--;--
2019;Sudeste;SP;3516002;Flórida Paulista;Total;Estadual;0,3;1,4;0;0;--;--
2019;Sudeste;SP;3516002;Flórida Paulista;Urbana;Estadual;0,3;1,4;0;0;--;--
2019;Sudeste;SP;3516002;Flórida Paulista;Total;Municipal;--;--;--;--;--;--
2019;Sudeste;SP;3516002;Flórida Paulista;Urbana;Municipal;--;--;--;--;--;--
2019;Sudeste;SP;3516002;Flórida Paulista;Total;Pública;0,3;1,4;0;0;--;--
2019;Sudeste;SP;3516002;Flórida Paulista;Urbana;Pública;0,3;1,4;0;0;--;--
2019;Sudeste;SP;3516101;Florínea;Total;Total;2,1;2,6;5;0;--;--
2019;Sudeste;SP;3516101;Florínea;Urbana;Total;2,1;2,6;5;0;--;--
2019;Sudeste;SP;3516101;Florínea;Total;Estadual;2,1;2,6;5;0;--;--
2019;Sudeste;SP;3516101;Florínea;Urbana;Estadual;2,1;2,6;5;0;--;--
2019;Sudeste;SP;3516101;Florínea;Total;Municipal;--;--;--;--;--;--
2019;Sudeste;SP;3516101;Florínea;Urbana;Municipal;--;--;--;--;--;--
2019;Sudeste;SP;3516101;Florínea;Total;Pública;2,1;2,6;5;0;--;--
2019;Sudeste;SP;3516101;Florínea;Urbana;Pública;2,1;2,6;5;0;--;--
2019;Sudeste;SP;3516200;Franca;Total;Total;2,6;3,5;2,9;1,6;--;0
2019;Sudeste;SP;3516200;Franca;Urbana;Total;2,6;3,5;2,9;1,6;--;0
2019;Sudeste;SP;3516200;Franca;Total;Estadual;3;4,3;3,3;1,8;--;0
2019;Sudeste;SP;3516200;Franca;Urbana;Estadual;3;4,3;3,3;1,8;--;0
2019;Sudeste;SP;3516200;Franca;Total;Municipal;--;--;--;--;--;--
2019;Sudeste;SP;3516200;Franca;Urbana;Municipal;--;--;--;--;--;--
2019;Sudeste;SP;3516200;Franca;Total;Privada;0,1;0;0,2;0,2;--;--
2019;Sudeste;SP;3516200;Franca;Urbana;Privada;0,1;0;0,2;0,2;--;--
2019;Sudeste;SP;3516200;Franca;Total;Pública;3;4,3;3,3;1,8;--;0
2019;Sudeste;SP;3516200;Franca;Urbana;Pública;3;4,3;3,3;1,8;--;0
2019;Sudeste;SP;3516309;Francisco Morato;Total;Total;2,8;2,7;4,1;2,1;--;--
2019;Sudeste;SP;3516309;Francisco Morato;Urbana;Total;2,8;2,7;4,1;2,1;--;--
2019;Sudeste;SP;3516309;Francisco Morato;Total;Estadual;2,9;2,7;4,2;2,2;--;--
2019;Sudeste;SP;3516309;Francisco Morato;Urbana;Estadual;2,9;2,7;4,2;2,2;--;--
2019;Sudeste;SP;3516309;Francisco Morato;Total;Municipal;--;--;--;--;--;--
2019;Sudeste;SP;3516309;Francisco Morato;Urbana;Municipal;--;--;--;--;--;--
2019;Sudeste;SP;3516309;Francisco Morato;Total;Privada;0;0;0;0;--;--
2019;Sudeste;SP;3516309;Francisco Morato;Urbana;Privada;0;0;0;0;--;--
2019;Sudeste;SP;3516309;Francisco Morato;Total;Pública;2,9;2,7;4,2;2,2;--;--
2019;Sudeste;SP;3516309;Francisco Morato;Urbana;Pública;2,9;2,7;4,2;2,2;--;--
2019;Sudeste;SP;3516408;Franco da Rocha;Total;Total;1,2;1;1,5;1;--;0
2019;Sudeste;SP;3516408;Franco da Rocha;Urbana;Total;1,2;1;1,5;1;--;0
2019;Sudeste;SP;3516408;Franco da Rocha;Rural;Total;--;--;--;--;--;--
2019;Sudeste;SP;3516408;Franco da Rocha;Total;Estadual;1,2;1;1,6;1;--;0
2019;Sudeste;SP;3516408;Franco da Rocha;Urbana;Estadual;1,2;1;1,6;1;--;0
2019;Sudeste;SP;3516408;Franco da Rocha;Total;Municipal;--;--;--;--;--;--
2019;Sudeste;SP;3516408;Franco da Rocha;Urbana;Municipal;--;--;--;--;--;--
2019;Sudeste;SP;3516408;Franco da Rocha;Rural;Municipal;--;--;--;--;--;--
2019;Sudeste;SP;3516408;Franco da Rocha;Total;Privada;0;0;0;0;--;--
2019;Sudeste;SP;3516408;Franco da Rocha;Urbana;Privada;0;0;0;0;--;--
2019;Sudeste;SP;3516408;Franco da Rocha;Total;Pública;1,2;1;1,6;1;--;0
2019;Sudeste;SP;3516408;Franco da Rocha;Urbana;Pública;1,2;1;1,6;1;--;0
2019;Sudeste;SP;3516408;Franco da Rocha;Rural;Pública;--;--;--;--;--;--
2019;Sudeste;SP;3516507;Gabriel Monteiro;Total;Total;0;0;0;0;--;--
2019;Sudeste;SP;3516507;Gabriel Monteiro;Urbana;Total;0;0;0;0;--;--
2019;Sudeste;SP;3516507;Gabriel Monteiro;Total;Estadual;0;0;0;0;--;--
2019;Sudeste;SP;3516507;Gabriel Monteiro;Urbana;Estadual;0;0;0;0;--;--
2019;Sudeste;SP;3516507;Gabriel Monteiro;Total;Municipal;--;--;--;--;--;--
2019;Sudeste;SP;3516507;Gabriel Monteiro;Urbana;Municipal;--;--;--;--;--;--
2019;Sudeste;SP;3516507;Gabriel Monteiro;Total;Pública;0;0;0;0;--;--
2019;Sudeste;SP;3516507;Gabriel Monteiro;Urbana;Pública;0;0;0;0;--;--
2019;Sudeste;SP;3516606;Gália;Total;Total;0,8;0;2,3;0;--;--
2019;Sudeste;SP;3516606;Gália;Urbana;Total;0,8;0;2,3;0;--;--
2019;Sudeste;SP;3516606;Gália;Total;Estadual;0,8;0;2,3;0;--;--
2019;Sudeste;SP;3516606;Gália;Urbana;Estadual;0,8;0;2,3;0;--;--
2019;Sudeste;SP;3516606;Gália;Total;Municipal;--;--;--;--;--;--
2019;Sudeste;SP;3516606;Gália;Urbana;Municipal;--;--;--;--;--;--
2019;Sudeste;SP;3516606;Gália;Total;Pública;0,8;0;2,3;0;--;--
2019;Sudeste;SP;3516606;Gália;Urbana;Pública;0,8;0;2,3;0;--;--
2019;Sudeste;SP;3516705;Garça;Total;Total;1,5;1,9;1,8;0,8;--;--
2019;Sudeste;SP;3516705;Garça;Urbana;Total;1,5;1,9;1,8;0,8;--;--
2019;Sudeste;SP;3516705;Garça;Rural;Total;--;--;--;--;--;--
2019;Sudeste;SP;3516705;Garça;Total;Estadual;1,9;2,4;2,1;1;--;--
2019;Sudeste;SP;3516705;Garça;Urbana;Estadual;1,9;2,4;2,1;1;--;--
2019;Sudeste;SP;3516705;Garça;Total;Municipal;--;--;--;--;--;--
2019;Sudeste;SP;3516705;Garça;Urbana;Municipal;--;--;--;--;--;--
2019;Sudeste;SP;3516705;Garça;Rural;Municipal;--;--;--;--;--;--
2019;Sudeste;SP;3516705;Garça;Total;Privada;0;0;0;0;--;--
2019;Sudeste;SP;3516705;Garça;Urbana;Privada;0;0;0;0;--;--
2019;Sudeste;SP;3516705;Garça;Total;Pública;1,9;2,4;2,1;1;--;--
2019;Sudeste;SP;3516705;Garça;Urbana;Pública;1,9;2,4;2,1;1;--;--
2019;Sudeste;SP;3516705;Garça;Rural;Pública;--;--;--;--;--;--
2019;Sudeste;SP;3516804;Gastão Vidigal;Total;Total;0;0;0;0;--;--
2019;Sudeste;SP;3516804;Gastão Vidigal;Urbana;Total;0;0;0;0;--;--
2019;Sudeste;SP;3516804;Gastão Vidigal;Total;Estadual;0;0;0;0;--;--
2019;Sudeste;SP;3516804;Gastão Vidigal;Urbana;Estadual;0;0;0;0;--;--
2019;Sudeste;SP;3516804;Gastão Vidigal;Total;Municipal;--;--;--;--;--;--
2019;Sudeste;SP;3516804;Gastão Vidigal;Urbana;Municipal;--;--;--;--;--;--
2019;Sudeste;SP;3516804;Gastão Vidigal;Total;Pública;0;0;0;0;--;--
2019;Sudeste;SP;3516804;Gastão Vidigal;Urbana;Pública;0;0;0;0;--;--
2019;Sudeste;SP;3516853;Gavião Peixoto;Total;Total;0;0;0;0;--;--
2019;Sudeste;SP;3516853;Gavião Peixoto;Urbana;Total;0;0;0;0;--;--
2019;Sudeste;SP;3516853;Gavião Peixoto;Total;Estadual;0;0;0;0;--;--
2019;Sudeste;SP;3516853;Gavião Peixoto;Urbana;Estadual;0;0;0;0;--;--
2019;Sudeste;SP;3516853;Gavião Peixoto;Total;Municipal;--;--;--;--;--;--
2019;Sudeste;SP;3516853;Gavião Peixoto;Urbana;Municipal;--;--;--;--;--;--
2019;Sudeste;SP;3516853;Gavião Peixoto;Total;Pública;0;0;0;0;--;--
2019;Sudeste;SP;3516853;Gavião Peixoto;Urbana;Pública;0;0;0;0;--;--
2019;Sudeste;SP;3516903;General Salgado;Total;Total;0,5;0,9;0,8;0;--;--
2019;Sudeste;SP;3516903;General Salgado;Urbana;Total;0,5;0,9;0,8;0;--;--
2019;Sudeste;SP;3516903;General Salgado;Total;Estadual;0,6;0,9;0,9;0;--;--
2019;Sudeste;SP;3516903;General Salgado;Urbana;Estadual;0,6;0,9;0,9;0;--;--
2019;Sudeste;SP;3516903;General Salgado;Total;Municipal;--;--;--;--;--;--
2019;Sudeste;SP;3516903;General Salgado;Urbana;Municipal;--;--;--;--;--;--
2019;Sudeste;SP;3516903;General Salgado;Total;Privada;0;0;0;0;--;--
2019;Sudeste;SP;3516903;General Salgado;Urbana;Privada;0;0;0;0;--;--
2019;Sudeste;SP;3516903;General Salgado;Total;Pública;0,6;0,9;0,9;0;--;--
2019;Sudeste;SP;3516903;General Salgado;Urbana;Pública;0,6;0,9;0,9;0;--;--
2019;Sudeste;SP;3517000;Getulina;Total;Total;2,7;4,3;2,3;0;--;--
2019;Sudeste;SP;3517000;Getulina;Urbana;Total;2,7;4,3;2,3;0;--;--
2019;Sudeste;SP;3517000;Getulina;Total;Estadual;2,7;4,3;2,3;0;--;--
2019;Sudeste;SP;3517000;Getulina;Urbana;Estadual;2,7;4,3;2,3;0;--;--
2019;Sudeste;SP;3517000;Getulina;Total;Municipal;--;--;--;--;--;--
2019;Sudeste;SP;3517000;Getulina;Urbana;Municipal;--;--;--;--;--;--
2019;Sudeste;SP;3517000;Getulina;Total;Privada;--;--;--;--;--;--
2019;Sudeste;SP;3517000;Getulina;Urbana;Privada;--;--;--;--;--;--
2019;Sudeste;SP;3517000;Getulina;Total;Pública;2,7;4,3;2,3;0;--;--
2019;Sudeste;SP;3517000;Getulina;Urbana;Pública;2,7;4,3;2,3;0;--;--
2019;Sudeste;SP;3517109;Glicério;Total;Total;0;0;0;0;--;--
2019;Sudeste;SP;3517109;Glicério;Urbana;Total;0;0;0;0;--;--
2019;Sudeste;SP;3517109;Glicério;Total;Estadual;0;0;0;0;--;--
2019;Sudeste;SP;3517109;Glicério;Urbana;Estadual;0;0;0;0;--;--
2019;Sudeste;SP;3517109;Glicério;Total;Municipal;--;--;--;--;--;--
2019;Sudeste;SP;3517109;Glicério;Urbana;Municipal;--;--;--;--;--;--
2019;Sudeste;SP;3517109;Glicério;Total;Pública;0;0;0;0;--;--
2019;Sudeste;SP;3517109;Glicério;Urbana;Pública;0;0;0;0;--;--
2019;Sudeste;SP;3517208;Guaiçara;Total;Total;2,8;4,9;1;1,3;--;--
2019;Sudeste;SP;3517208;Guaiçara;Urbana;Total;2,8;4,9;1;1,3;--;--
2019;Sudeste;SP;3517208;Guaiçara;Total;Estadual;2,8;4,9;1;1,3;--;--
2019;Sudeste;SP;3517208;Guaiçara;Urbana;Estadual;2,8;4,9;1;1,3;--;--
2019;Sudeste;SP;3517208;Guaiçara;Total;Municipal;--;--;--;--;--;--
2019;Sudeste;SP;3517208;Guaiçara;Urbana;Municipal;--;--;--;--;--;--
2019;Sudeste;SP;3517208;Guaiçara;Total;Pública;2,8;4,9;1;1,3;--;--
2019;Sudeste;SP;3517208;Guaiçara;Urbana;Pública;2,8;4,9;1;1,3;--;--
2019;Sudeste;SP;3517307;Guaimbê;Total;Total;6,8;6,2;11,8;0;--;--
2019;Sudeste;SP;3517307;Guaimbê;Urbana;Total;6,8;6,2;11,8;0;--;--
2019;Sudeste;SP;3517307;Guaimbê;Total;Estadual;6,8;6,2;11,8;0;--;--
2019;Sudeste;SP;3517307;Guaimbê;Urbana;Estadual;6,8;6,2;11,8;0;--;--
2019;Sudeste;SP;3517307;Guaimbê;Total;Municipal;--;--;--;--;--;--
2019;Sudeste;SP;3517307;Guaimbê;Urbana;Municipal;--;--;--;--;--;--
2019;Sudeste;SP;3517307;Guaimbê;Total;Pública;6,8;6,2;11,8;0;--;--
2019;Sudeste;SP;3517307;Guaimbê;Urbana;Pública;6,8;6,2;11,8;0;--;--
2019;Sudeste;SP;3517406;Guaíra;Total;Total;0,3;0,7;0;0,3;--;--
2019;Sudeste;SP;3517406;Guaíra;Urbana;Total;0,3;0,7;0;0,3;--;--
2019;Sudeste;SP;3517406;Guaíra;Total;Estadual;0,4;0,7;0;0,4;--;--
2019;Sudeste;SP;3517406;Guaíra;Urbana;Estadual;0,4;0,7;0;0,4;--;--
2019;Sudeste;SP;3517406;Guaíra;Total;Municipal;--;--;--;--;--;--
2019;Sudeste;SP;3517406;Guaíra;Urbana;Municipal;--;--;--;--;--;--
2019;Sudeste;SP;3517406;Guaíra;Total;Privada;0;0;0;0;--;--
2019;Sudeste;SP;3517406;Guaíra;Urbana;Privada;0;0;0;0;--;--
2019;Sudeste;SP;3517406;Guaíra;Total;Pública;0,4;0,7;0;0,4;--;--
2019;Sudeste;SP;3517406;Guaíra;Urbana;Pública;0,4;0,7;0;0,4;--;--
2019;Sudeste;SP;3517505;Guapiaçu;Total;Total;0,7;1,2;0,5;0;--;--
2019;Sudeste;SP;3517505;Guapiaçu;Urbana;Total;0,7;1,2;0,5;0;--;--
2019;Sudeste;SP;3517505;Guapiaçu;Total;Estadual;0,7;1,2;0,5;0;--;--
2019;Sudeste;SP;3517505;Guapiaçu;Urbana;Estadual;0,7;1,2;0,5;0;--;--
2019;Sudeste;SP;3517505;Guapiaçu;Total;Municipal;--;--;--;--;--;--
2019;Sudeste;SP;3517505;Guapiaçu;Urbana;Municipal;--;--;--;--;--;--
2019;Sudeste;SP;3517505;Guapiaçu;Total;Pública;0,7;1,2;0,5;0;--;--
2019;Sudeste;SP;3517505;Guapiaçu;Urbana;Pública;0,7;1,2;0,5;0;--;--
2019;Sudeste;SP;3517604;Guapiara;Total;Total;0,5;0;0,9;0,6;--;--
2019;Sudeste;SP;3517604;Guapiara;Urbana;Total;0,4;0;0;0,9;--;--
2019;Sudeste;SP;3517604;Guapiara;Rural;Total;0,7;0;1,5;0,5;--;--
2019;Sudeste;SP;3517604;Guapiara;Total;Estadual;0,5;0;0,9;0,6;--;--
2019;Sudeste;SP;3517604;Guapiara;Urbana;Estadual;0,4;0;0;0,9;--;--
2019;Sudeste;SP;3517604;Guapiara;Rural;Estadual;0,7;0;1,5;0,5;--;--
2019;Sudeste;SP;3517604;Guapiara;Total;Municipal;--;--;--;--;--;--
2019;Sudeste;SP;3517604;Guapiara;Urbana;Municipal;--;--;--;--;--;--
2019;Sudeste;SP;3517604;Guapiara;Rural;Municipal;--;--;--;--;--;--
2019;Sudeste;SP;3517604;Guapiara;Total;Privada;--;--;--;--;--;--
2019;Sudeste;SP;3517604;Guapiara;Urbana;Privada;--;--;--;--;--;--
2019;Sudeste;SP;3517604;Guapiara;Total;Pública;0,5;0;0,9;0,6;--;--
2019;Sudeste;SP;3517604;Guapiara;Urbana;Pública;0,4;0;0;0,9;--;--
2019;Sudeste;SP;3517604;Guapiara;Rural;Pública;0,7;0;1,5;0,5;--;--
2019;Sudeste;SP;3517703;Guará;Total;Total;3,4;6;3,6;0,6;--;--
2019;Sudeste;SP;3517703;Guará;Urbana;Total;3,4;6;3,6;0,6;--;--
2019;Sudeste;SP;3517703;Guará;Total;Estadual;3,8;6,5;3,9;0,6;--;--
2019;Sudeste;SP;3517703;Guará;Urbana;Estadual;3,8;6,5;3,9;0,6;--;--
2019;Sudeste;SP;3517703;Guará;Total;Municipal;--;--;--;--;--;--
2019;Sudeste;SP;3517703;Guará;Urbana;Municipal;--;--;--;--;--;--
2019;Sudeste;SP;3517703;Guará;Total;Privada;0;0;0;0;--;--
2019;Sudeste;SP;3517703;Guará;Urbana;Privada;0;0;0;0;--;--
2019;Sudeste;SP;3517703;Guará;Total;Pública;3,8;6,5;3,9;0,6;--;--
2019;Sudeste;SP;3517703;Guará;Urbana;Pública;3,8;6,5;3,9;0,6;--;--
2019;Sudeste;SP;3517802;Guaraçaí;Total;Total;3,9;6,9;3,9;0;--;--
2019;Sudeste;SP;3517802;Guaraçaí;Urbana;Total;3,9;6,9;3,9;0;--;--
2019;Sudeste;SP;3517802;Guaraçaí;Total;Estadual;3,9;6,9;3,9;0;--;--
2019;Sudeste;SP;3517802;Guaraçaí;Urbana;Estadual;3,9;6,9;3,9;0;--;--
2019;Sudeste;SP;3517802;Guaraçaí;Total;Municipal;--;--;--;--;--;--
2019;Sudeste;SP;3517802;Guaraçaí;Urbana;Municipal;--;--;--;--;--;--
2019;Sudeste;SP;3517802;Guaraçaí;Total;Privada;--;--;--;--;--;--
2019;Sudeste;SP;3517802;Guaraçaí;Urbana;Privada;--;--;--;--;--;--
2019;Sudeste;SP;3517802;Guaraçaí;Total;Pública;3,9;6,9;3,9;0;--;--
2019;Sudeste;SP;3517802;Guaraçaí;Urbana;Pública;3,9;6,9;3,9;0;--;--
2019;Sudeste;SP;3517901;Guaraci;Total;Total;0;0;0;0;--;--
2019;Sudeste;SP;3517901;Guaraci;Urbana;Total;0;0;0;0;--;--
2019;Sudeste;SP;3517901;Guaraci;Total;Estadual;0;0;0;0;--;--
2019;Sudeste;SP;3517901;Guaraci;Urbana;Estadual;0;0;0;0;--;--
2019;Sudeste;SP;3517901;Guaraci;Total;Municipal;--;--;--;--;--;--
2019;Sudeste;SP;3517901;Guaraci;Urbana;Municipal;--;--;--;--;--;--
2019;Sudeste;SP;3517901;Guaraci;Total;Pública;0;0;0;0;--;--
2019;Sudeste;SP;3517901;Guaraci;Urbana;Pública;0;0;0;0;--;--
2019;Sudeste;SP;3518008;Guarani d'Oeste;Total;Total;0;0;0;0;--;--
2019;Sudeste;SP;3518008;Guarani d'Oeste;Urbana;Total;0;0;0;0;--;--
2019;Sudeste;SP;3518008;Guarani d'Oeste;Total;Estadual;0;0;0;0;--;--
2019;Sudeste;SP;3518008;Guarani d'Oeste;Urbana;Estadual;0;0;0;0;--;--
2019;Sudeste;SP;3518008;Guarani d'Oeste;Total;Municipal;--;--;--;--;--;--
2019;Sudeste;SP;3518008;Guarani d'Oeste;Urbana;Municipal;--;--;--;--;--;--
2019;Sudeste;SP;3518008;Guarani d'Oeste;Total;Pública;0;0;0;0;--;--
2019;Sudeste;SP;3518008;Guarani d'Oeste;Urbana;Pública;0;0;0;0;--;--
2019;Sudeste;SP;3518107;Guarantã;Total;Total;7,8;7,7;7,6;8,3;--;--
2019;Sudeste;SP;3518107;Guarantã;Urbana;Total;7,8;7,7;7,6;8,3;--;--
2019;Sudeste;SP;3518107;Guarantã;Total;Estadual;7,8;7,7;7,6;8,3;--;--
2019;Sudeste;SP;3518107;Guarantã;Urbana;Estadual;7,8;7,7;7,6;8,3;--;--
2019;Sudeste;SP;3518107;Guarantã;Total;Municipal;--;--;--;--;--;--
2019;Sudeste;SP;3518107;Guarantã;Urbana;Municipal;--;--;--;--;--;--
2019;Sudeste;SP;3518107;Guarantã;Total;Pública;7,8;7,7;7,6;8,3;--;--
2019;Sudeste;SP;3518107;Guarantã;Urbana;Pública;7,8;7,7;7,6;8,3;--;--
2019;Sudeste;SP;3518206;Guararapes;Total;Total;0,2;0,6;0;0;--;--
2019;Sudeste;SP;3518206;Guararapes;Urbana;Total;0,2;0,6;0;0;--;--
2019;Sudeste;SP;3518206;Guararapes;Total;Estadual;0,3;0,8;0;0;--;--
2019;Sudeste;SP;3518206;Guararapes;Urbana;Estadual;0,3;0,8;0;0;--;--
2019;Sudeste;SP;3518206;Guararapes;Total;Municipal;--;--;--;--;--;--
2019;Sudeste;SP;3518206;Guararapes;Urbana;Municipal;--;--;--;--;--;--
2019;Sudeste;SP;3518206;Guararapes;Total;Privada;0;0;0;0;--;--
2019;Sudeste;SP;3518206;Guararapes;Urbana;Privada;0;0;0;0;--;--
2019;Sudeste;SP;3518206;Guararapes;Total;Pública;0,3;0,8;0;0;--;--
2019;Sudeste;SP;3518206;Guararapes;Urbana;Pública;0,3;0,8;0;0;--;--
2019;Sudeste;SP;3518305;Guararema;Total;Total;2,9;3,3;2,4;3,1;--;--
2019;Sudeste;SP;3518305;Guararema;Urbana;Total;3,2;3,6;2,7;3,2;--;--
2019;Sudeste;SP;3518305;Guararema;Rural;Total;1,4;1,7;0;2,2;--;--
2019;Sudeste;SP;3518305;Guararema;Total;Estadual;3,1;3,5;2,5;3,2;--;--
2019;Sudeste;SP;3518305;Guararema;Urbana;Estadual;3,4;3,8;2,9;3,4;--;--
2019;Sudeste;SP;3518305;Guararema;Rural;Estadual;1,4;1,7;0;2,2;--;--
2019;Sudeste;SP;3518305;Guararema;Total;Municipal;--;--;--;--;--;--
2019;Sudeste;SP;3518305;Guararema;Urbana;Municipal;--;--;--;--;--;--
2019;Sudeste;SP;3518305;Guararema;Rural;Municipal;--;--;--;--;--;--
2019;Sudeste;SP;3518305;Guararema;Total;Privada;0;0;0;0;--;--
2019;Sudeste;SP;3518305;Guararema;Urbana;Privada;0;0;0;0;--;--
2019;Sudeste;SP;3518305;Guararema;Total;Pública;3,1;3,5;2,5;3,2;--;--
2019;Sudeste;SP;3518305;Guararema;Urbana;Pública;3,4;3,8;2,9;3,4;--;--
2019;Sudeste;SP;3518305;Guararema;Rural;Pública;1,4;1,7;0;2,2;--;--
2019;Sudeste;SP;3518404;Guaratinguetá;Total;Total;2;3,1;1,9;1,1;--;--
2019;Sudeste;SP;3518404;Guaratinguetá;Urbana;Total;2;3,1;1,9;1,1;--;--
2019;Sudeste;SP;3518404;Guaratinguetá;Rural;Total;--;--;--;--;--;--
2019;Sudeste;SP;3518404;Guaratinguetá;Total;Estadual;2,5;3,8;2,3;1,2;--;--
2019;Sudeste;SP;3518404;Guaratinguetá;Urbana;Estadual;2,5;3,8;2,3;1,2;--;--
2019;Sudeste;SP;3518404;Guaratinguetá;Total;Municipal;--;--;--;--;--;--
2019;Sudeste;SP;3518404;Guaratinguetá;Urbana;Municipal;--;--;--;--;--;--
2019;Sudeste;SP;3518404;Guaratinguetá;Rural;Municipal;--;--;--;--;--;--
2019;Sudeste;SP;3518404;Guaratinguetá;Total;Privada;0;0;0;0;--;--
2019;Sudeste;SP;3518404;Guaratinguetá;Urbana;Privada;0;0;0;0;--;--
2019;Sudeste;SP;3518404;Guaratinguetá;Total;Pública;2,5;3,8;2,3;1,2;--;--
2019;Sudeste;SP;3518404;Guaratinguetá;Urbana;Pública;2,5;3,8;2,3;1,2;--;--
2019;Sudeste;SP;3518404;Guaratinguetá;Rural;Pública;--;--;--;--;--;--
2019;Sudeste;SP;3518503;Guareí;Total;Total;4;7,8;3,1;2,3;--;--
2019;Sudeste;SP;3518503;Guareí;Urbana;Total;4;7,8;3,1;2,3;--;--
2019;Sudeste;SP;3518503;Guareí;Rural;Total;--;--;--;--;--;--
2019;Sudeste;SP;3518503;Guareí;Total;Estadual;4;7,8;3,1;2,3;--;--
2019;Sudeste;SP;3518503;Guareí;Urbana;Estadual;4;7,8;3,1;2,3;--;--
2019;Sudeste;SP;3518503;Guareí;Total;Municipal;--;--;--;--;--;--
2019;Sudeste;SP;3518503;Guareí;Urbana;Municipal;--;--;--;--;--;--
2019;Sudeste;SP;3518503;Guareí;Rural;Municipal;--;--;--;--;--;--
2019;Sudeste;SP;3518503;Guareí;Total;Pública;4;7,8;3,1;2,3;--;--
2019;Sudeste;SP;3518503;Guareí;Urbana;Pública;4;7,8;3,1;2,3;--;--
2019;Sudeste;SP;3518503;Guareí;Rural;Pública;--;--;--;--;--;--
2019;Sudeste;SP;3518602;Guariba;Total;Total;1,5;1,2;2,1;1;--;--
2019;Sudeste;SP;3518602;Guariba;Urbana;Total;1,5;1,2;2,1;1;--;--
2019;Sudeste;SP;3518602;Guariba;Total;Estadual;1,5;1,3;2,4;1,1;--;--
2019;Sudeste;SP;3518602;Guariba;Urbana;Estadual;1,5;1,3;2,4;1,1;--;--
2019;Sudeste;SP;3518602;Guariba;Total;Municipal;--;--;--;--;--;--
2019;Sudeste;SP;3518602;Guariba;Urbana;Municipal;--;--;--;--;--;--
2019;Sudeste;SP;3518602;Guariba;Total;Privada;0;0;0;0;--;--
2019;Sudeste;SP;3518602;Guariba;Urbana;Privada;0;0;0;0;--;--
2019;Sudeste;SP;3518602;Guariba;Total;Pública;1,5;1,3;2,4;1,1;--;--
2019;Sudeste;SP;3518602;Guariba;Urbana;Pública;1,5;1,3;2,4;1,1;--;--
2019;Sudeste;SP;3518701;Guarujá;Total;Total;3,5;4,8;3,3;2,1;--;--
2019;Sudeste;SP;3518701;Guarujá;Urbana;Total;3,5;4,8;3,3;2,1;--;--
2019;Sudeste;SP;3518701;Guarujá;Total;Estadual;3,8;5,4;3,5;2,3;--;--
2019;Sudeste;SP;3518701;Guarujá;Urbana;Estadual;3,8;5,4;3,5;2,3;--;--
2019;Sudeste;SP;3518701;Guarujá;Total;Municipal;--;--;--;--;--;--
2019;Sudeste;SP;3518701;Guarujá;Urbana;Municipal;--;--;--;--;--;--
2019;Sudeste;SP;3518701;Guarujá;Total;Privada;0;0;0;0;--;--
2019;Sudeste;SP;3518701;Guarujá;Urbana;Privada;0;0;0;0;--;--
2019;Sudeste;SP;3518701;Guarujá;Total;Pública;3,8;5,4;3,5;2,3;--;--
2019;Sudeste;SP;3518701;Guarujá;Urbana;Pública;3,8;5,4;3,5;2,3;--;--
2019;Sudeste;SP;3518800;Guarulhos;Total;Total;1,5;1,8;1,8;1;--;0
2019;Sudeste;SP;3518800;Guarulhos;Urbana;Total;1,5;1,8;1,8;1;--;0
2019;Sudeste;SP;3518800;Guarulhos;Rural;Total;--;--;--;--;--;--
2019;Sudeste;SP;3518800;Guarulhos;Total;Federal;0;0;0;0;--;0
2019;Sudeste;SP;3518800;Guarulhos;Urbana;Federal;0;0;0;0;--;0
2019;Sudeste;SP;3518800;Guarulhos;Total;Estadual;1,8;2;2,1;1,2;--;0
2019;Sudeste;SP;3518800;Guarulhos;Urbana;Estadual;1,8;2;2,1;1,2;--;0
2019;Sudeste;SP;3518800;Guarulhos;Rural;Estadual;--;--;--;--;--;--
2019;Sudeste;SP;3518800;Guarulhos;Total;Municipal;--;--;--;--;--;--
2019;Sudeste;SP;3518800;Guarulhos;Urbana;Municipal;--;--;--;--;--;--
2019;Sudeste;SP;3518800;Guarulhos;Total;Privada;0;0;0,1;0;--;--
2019;Sudeste;SP;3518800;Guarulhos;Urbana;Privada;0;0;0,1;0;--;--
2019;Sudeste;SP;3518800;Guarulhos;Total;Pública;1,8;2,1;2,1;1,1;--;0
2019;Sudeste;SP;3518800;Guarulhos;Urbana;Pública;1,8;2,1;2,1;1,1;--;0
2019;Sudeste;SP;3518800;Guarulhos;Rural;Pública;--;--;--;--;--;--
2019;Sudeste;SP;3518859;Guatapará;Total;Total;7,4;12,2;5,2;1,6;--;--
2019;Sudeste;SP;3518859;Guatapará;Urbana;Total;7,4;12,2;5,2;1,6;--;--
2019;Sudeste;SP;3518859;Guatapará;Rural;Total;--;--;--;--;--;--
2019;Sudeste;SP;3518859;Guatapará;Total;Estadual;7,4;12,2;5,2;1,6;--;--
2019;Sudeste;SP;3518859;Guatapará;Urbana;Estadual;7,4;12,2;5,2;1,6;--;--
2019;Sudeste;SP;3518859;Guatapará;Total;Municipal;--;--;--;--;--;--
2019;Sudeste;SP;3518859;Guatapará;Urbana;Municipal;--;--;--;--;--;--
2019;Sudeste;SP;3518859;Guatapará;Rural;Municipal;--;--;--;--;--;--
2019;Sudeste;SP;3518859;Guatapará;Total;Pública;7,4;12,2;5,2;1,6;--;--
2019;Sudeste;SP;3518859;Guatapará;Urbana;Pública;7,4;12,2;5,2;1,6;--;--
2019;Sudeste;SP;3518859;Guatapará;Rural;Pública;--;--;--;--;--;--
2019;Sudeste;SP;3518909;Guzolândia;Total;Total;0;0;0;0;--;--
2019;Sudeste;SP;3518909;Guzolândia;Urbana;Total;0;0;0;0;--;--
2019;Sudeste;SP;3518909;Guzolândia;Total;Estadual;0;0;0;0;--;--
2019;Sudeste;SP;3518909;Guzolândia;Urbana;Estadual;0;0;0;0;--;--
2019;Sudeste;SP;3518909;Guzolândia;Total;Municipal;--;--;--;--;--;--
2019;Sudeste;SP;3518909;Guzolândia;Urbana;Municipal;--;--;--;--;--;--
2019;Sudeste;SP;3518909;Guzolândia;Total;Pública;0;0;0;0;--;--
2019;Sudeste;SP;3518909;Guzolândia;Urbana;Pública;0;0;0;0;--;--
2019;Sudeste;SP;3519006;Herculândia;Total;Total;2,1;2,9;1,9;1,4;--;--
2019;Sudeste;SP;3519006;Herculândia;Urbana;Total;2,1;2,9;1,9;1,4;--;--
2019;Sudeste;SP;3519006;Herculândia;Total;Estadual;2,1;2,9;1,9;1,4;--;--
2019;Sudeste;SP;3519006;Herculândia;Urbana;Estadual;2,1;2,9;1,9;1,4;--;--
2019;Sudeste;SP;3519006;Herculândia;Total;Municipal;--;--;--;--;--;--
2019;Sudeste;SP;3519006;Herculândia;Urbana;Municipal;--;--;--;--;--;--
2019;Sudeste;SP;3519006;Herculândia;Total;Pública;2,1;2,9;1,9;1,4;--;--
2019;Sudeste;SP;3519006;Herculândia;Urbana;Pública;2,1;2,9;1,9;1,4;--;--
2019;Sudeste;SP;3519055;Holambra;Total;Total;1;1,2;0,5;1,3;--;--
2019;Sudeste;SP;3519055;Holambra;Urbana;Total;1;1,2;0,5;1,3;--;--
2019;Sudeste;SP;3519055;Holambra;Rural;Total;--;--;--;--;--;--
2019;Sudeste;SP;3519055;Holambra;Total;Estadual;1,3;1,5;0,8;1,7;--;--
2019;Sudeste;SP;3519055;Holambra;Urbana;Estadual;1,3;1,5;0,8;1,7;--;--
2019;Sudeste;SP;3519055;Holambra;Total;Municipal;--;--;--;--;--;--
2019;Sudeste;SP;3519055;Holambra;Urbana;Municipal;--;--;--;--;--;--
2019;Sudeste;SP;3519055;Holambra;Rural;Municipal;--;--;--;--;--;--
2019;Sudeste;SP;3519055;Holambra;Total;Privada;0;0;0;0;--;--
2019;Sudeste;SP;3519055;Holambra;Urbana;Privada;0;0;0;0;--;--
2019;Sudeste;SP;3519055;Holambra;Rural;Privada;--;--;--;--;--;--
2019;Sudeste;SP;3519055;Holambra;Total;Pública;1,3;1,5;0,8;1,7;--;--
2019;Sudeste;SP;3519055;Holambra;Urbana;Pública;1,3;1,5;0,8;1,7;--;--
2019;Sudeste;SP;3519055;Holambra;Rural;Pública;--;--;--;--;--;--
2019;Sudeste;SP;3519071;Hortolândia;Total;Total;0,9;1,2;0,8;0,7;--;--
2019;Sudeste;SP;3519071;Hortolândia;Urbana;Total;0,9;1,2;0,9;0,6;--;--
2019;Sudeste;SP;3519071;Hortolândia;Rural;Total;0;0;0;0;--;--
2019;Sudeste;SP;3519071;Hortolândia;Total;Federal;0,3;0,9;0;0;--;--
2019;Sudeste;SP;3519071;Hortolândia;Urbana;Federal;0,3;0,9;0;0;--;--
2019;Sudeste;SP;3519071;Hortolândia;Total;Estadual;1;1,4;0,9;0,7;--;--
2019;Sudeste;SP;3519071;Hortolândia;Urbana;Estadual;1;1,4;0,9;0,7;--;--
2019;Sudeste;SP;3519071;Hortolândia;Total;Municipal;--;--;--;--;--;--
2019;Sudeste;SP;3519071;Hortolândia;Urbana;Municipal;--;--;--;--;--;--
2019;Sudeste;SP;3519071;Hortolândia;Total;Privada;0,2;0;0,5;0,2;--;--
2019;Sudeste;SP;3519071;Hortolândia;Urbana;Privada;0,5;0;1;0,6;--;--
2019;Sudeste;SP;3519071;Hortolândia;Rural;Privada;0;0;0;0;--;--
2019;Sudeste;SP;3519071;Hortolândia;Total;Pública;0,9;1,4;0,9;0,7;--;--
2019;Sudeste;SP;3519071;Hortolândia;Urbana;Pública;0,9;1,4;0,9;0,7;--;--
2019;Sudeste;SP;3519105;Iacanga;Total;Total;4,4;6,1;3,1;3,4;--;--
2019;Sudeste;SP;3519105;Iacanga;Urbana;Total;4,4;6,1;3,1;3,4;--;--
2019;Sudeste;SP;3519105;Iacanga;Total;Estadual;4,4;6,1;3,1;3,4;--;--
2019;Sudeste;SP;3519105;Iacanga;Urbana;Estadual;4,4;6,1;3,1;3,4;--;--
2019;Sudeste;SP;3519105;Iacanga;Total;Municipal;--;--;--;--;--;--
2019;Sudeste;SP;3519105;Iacanga;Urbana;Municipal;--;--;--;--;--;--
2019;Sudeste;SP;3519105;Iacanga;Total;Privada;--;--;--;--;--;--
2019;Sudeste;SP;3519105;Iacanga;Urbana;Privada;--;--;--;--;--;--
2019;Sudeste;SP;3519105;Iacanga;Total;Pública;4,4;6,1;3,1;3,4;--;--
2019;Sudeste;SP;3519105;Iacanga;Urbana;Pública;4,4;6,1;3,1;3,4;--;--
2019;Sudeste;SP;3519204;Iacri;Total;Total;2,2;3,7;2,7;0;--;--
2019;Sudeste;SP;3519204;Iacri;Urbana;Total;2,2;3,7;2,7;0;--;--
2019;Sudeste;SP;3519204;Iacri;Total;Estadual;2,2;3,7;2,7;0;--;--
2019;Sudeste;SP;3519204;Iacri;Urbana;Estadual;2,2;3,7;2,7;0;--;--
2019;Sudeste;SP;3519204;Iacri;Total;Municipal;--;--;--;--;--;--
2019;Sudeste;SP;3519204;Iacri;Urbana;Municipal;--;--;--;--;--;--
2019;Sudeste;SP;3519204;Iacri;Total;Pública;2,2;3,7;2,7;0;--;--
2019;Sudeste;SP;3519204;Iacri;Urbana;Pública;2,2;3,7;2,7;0;--;--
2019;Sudeste;SP;3519253;Iaras;Total;Total;0,7;4,1;0;0;--;0
2019;Sudeste;SP;3519253;Iaras;Urbana;Total;0;0;0;0;--;--
2019;Sudeste;SP;3519253;Iaras;Rural;Total;1,5;10;0;0;--;0
2019;Sudeste;SP;3519253;Iaras;Total;Estadual;0,7;4,1;0;0;--;0
2019;Sudeste;SP;3519253;Iaras;Urbana;Estadual;0;0;0;0;--;--
2019;Sudeste;SP;3519253;Iaras;Rural;Estadual;1,5;10;0;0;--;0
2019;Sudeste;SP;3519253;Iaras;Total;Municipal;--;--;--;--;--;--
2019;Sudeste;SP;3519253;Iaras;Urbana;Municipal;--;--;--;--;--;--
2019;Sudeste;SP;3519253;Iaras;Rural;Municipal;--;--;--;--;--;--
2019;Sudeste;SP;3519253;Iaras;Total;Pública;0,7;4,1;0;0;--;0
2019;Sudeste;SP;3519253;Iaras;Urbana;Pública;0;0;0;0;--;--
2019;Sudeste;SP;3519253;Iaras;Rural;Pública;1,5;10;0;0;--;0
2019;Sudeste;SP;3519303;Ibaté;Total;Total;0;0;0;0;--;--
2019;Sudeste;SP;3519303;Ibaté;Urbana;Total;0;0;0;0;--;--
2019;Sudeste;SP;3519303;Ibaté;Total;Estadual;0;0;0;0;--;--
2019;Sudeste;SP;3519303;Ibaté;Urbana;Estadual;0;0;0;0;--;--
2019;Sudeste;SP;3519303;Ibaté;Total;Municipal;--;--;--;--;--;--
2019;Sudeste;SP;3519303;Ibaté;Urbana;Municipal;--;--;--;--;--;--
2019;Sudeste;SP;3519303;Ibaté;Total;Privada;--;--;--;--;--;--
2019;Sudeste;SP;3519303;Ibaté;Urbana;Privada;--;--;--;--;--;--
2019;Sudeste;SP;3519303;Ibaté;Total;Pública;0;0;0;0;--;--
2019;Sudeste;SP;3519303;Ibaté;Urbana;Pública;0;0;0;0;--;--
2019;Sudeste;SP;3519402;Ibirá;Total;Total;0,4;0;1,2;0;--;--
2019;Sudeste;SP;3519402;Ibirá;Urbana;Total;0,4;0;1,2;0;--;--
2019;Sudeste;SP;3519402;Ibirá;Total;Estadual;0,4;0;1,2;0;--;--
2019;Sudeste;SP;3519402;Ibirá;Urbana;Estadual;0,4;0;1,2;0;--;--
2019;Sudeste;SP;3519402;Ibirá;Total;Municipal;--;--;--;--;--;--
2019;Sudeste;SP;3519402;Ibirá;Urbana;Municipal;--;--;--;--;--;--
2019;Sudeste;SP;3519402;Ibirá;Total;Privada;--;--;--;--;--;--
2019;Sudeste;SP;3519402;Ibirá;Urbana;Privada;--;--;--;--;--;--
2019;Sudeste;SP;3519402;Ibirá;Total;Pública;0,4;0;1,2;0;--;--
2019;Sudeste;SP;3519402;Ibirá;Urbana;Pública;0,4;0;1,2;0;--;--
2019;Sudeste;SP;3519501;Ibirarema;Total;Total;2,9;7,6;1,2;0;--;--
2019;Sudeste;SP;3519501;Ibirarema;Urbana;Total;2,9;7,6;1,2;0;--;--
2019;Sudeste;SP;3519501;Ibirarema;Total;Estadual;2,9;7,6;1,2;0;--;--
2019;Sudeste;SP;3519501;Ibirarema;Urbana;Estadual;2,9;7,6;1,2;0;--;--
2019;Sudeste;SP;3519501;Ibirarema;Total;Municipal;--;--;--;--;--;--
2019;Sudeste;SP;3519501;Ibirarema;Urbana;Municipal;--;--;--;--;--;--
2019;Sudeste;SP;3519501;Ibirarema;Total;Pública;2,9;7,6;1,2;0;--;--
2019;Sudeste;SP;3519501;Ibirarema;Urbana;Pública;2,9;7,6;1,2;0;--;--
2019;Sudeste;SP;3519600;Ibitinga;Total;Total;0,6;0,6;0,2;0,9;--;--
2019;Sudeste;SP;3519600;Ibitinga;Urbana;Total;0,6;0,6;0,2;0,9;--;--
2019;Sudeste;SP;3519600;Ibitinga;Rural;Total;--;--;--;--;--;--
2019;Sudeste;SP;3519600;Ibitinga;Total;Estadual;0,6;0,8;0,2;1,1;--;--
2019;Sudeste;SP;3519600;Ibitinga;Urbana;Estadual;0,6;0,8;0,2;1,1;--;--
2019;Sudeste;SP;3519600;Ibitinga;Total;Municipal;--;--;--;--;--;--
2019;Sudeste;SP;3519600;Ibitinga;Urbana;Municipal;--;--;--;--;--;--
2019;Sudeste;SP;3519600;Ibitinga;Rural;Municipal;--;--;--;--;--;--
2019;Sudeste;SP;3519600;Ibitinga;Total;Privada;0;0;0;0;--;--
2019;Sudeste;SP;3519600;Ibitinga;Urbana;Privada;0;0;0;0;--;--
2019;Sudeste;SP;3519600;Ibitinga;Total;Pública;0,6;0,8;0,2;1,1;--;--
2019;Sudeste;SP;3519600;Ibitinga;Urbana;Pública;0,6;0,8;0,2;1,1;--;--
2019;Sudeste;SP;3519600;Ibitinga;Rural;Pública;--;--;--;--;--;--
2019;Sudeste;SP;3519709;Ibiúna;Total;Total;2,4;3,6;2,3;1,4;--;--
2019;Sudeste;SP;3519709;Ibiúna;Urbana;Total;2,6;4,6;2,4;1;--;--
2019;Sudeste;SP;3519709;Ibiúna;Rural;Total;1,6;0,5;1,8;2,5;--;--
2019;Sudeste;SP;3519709;Ibiúna;Total;Estadual;2,8;4,1;2,6;1,6;--;--
2019;Sudeste;SP;3519709;Ibiúna;Urbana;Estadual;3,2;5,5;2,8;1,2;--;--
2019;Sudeste;SP;3519709;Ibiúna;Rural;Estadual;1,6;0,5;1,8;2,5;--;--
2019;Sudeste;SP;3519709;Ibiúna;Total;Municipal;--;--;--;--;--;--
2019;Sudeste;SP;3519709;Ibiúna;Urbana;Municipal;--;--;--;--;--;--
2019;Sudeste;SP;3519709;Ibiúna;Rural;Municipal;--;--;--;--;--;--
2019;Sudeste;SP;3519709;Ibiúna;Total;Privada;0;0;0;0;--;--
2019;Sudeste;SP;3519709;Ibiúna;Urbana;Privada;0;0;0;0;--;--
2019;Sudeste;SP;3519709;Ibiúna;Total;Pública;2,8;4,1;2,6;1,6;--;--
2019;Sudeste;SP;3519709;Ibiúna;Urbana;Pública;3,2;5,5;2,8;1,2;--;--
2019;Sudeste;SP;3519709;Ibiúna;Rural;Pública;1,6;0,5;1,8;2,5;--;--
2019;Sudeste;SP;3519808;Icém;Total;Total;0,5;1,2;0;0;--;--
2019;Sudeste;SP;3519808;Icém;Urbana;Total;0,5;1,2;0;0;--;--
2019;Sudeste;SP;3519808;Icém;Total;Estadual;0,5;1,2;0;0;--;--
2019;Sudeste;SP;3519808;Icém;Urbana;Estadual;0,5;1,2;0;0;--;--
2019;Sudeste;SP;3519808;Icém;Total;Municipal;--;--;--;--;--;--
2019;Sudeste;SP;3519808;Icém;Urbana;Municipal;--;--;--;--;--;--
2019;Sudeste;SP;3519808;Icém;Total;Privada;--;--;--;--;--;--
2019;Sudeste;SP;3519808;Icém;Urbana;Privada;--;--;--;--;--;--
2019;Sudeste;SP;3519808;Icém;Total;Pública;0,5;1,2;0;0;--;--
2019;Sudeste;SP;3519808;Icém;Urbana;Pública;0,5;1,2;0;0;--;--
2019;Sudeste;SP;3519907;Iepê;Total;Total;1,7;1,1;2,8;1,1;--;--
2019;Sudeste;SP;3519907;Iepê;Urbana;Total;1,7;1,1;2,8;1,1;--;--
2019;Sudeste;SP;3519907;Iepê;Total;Estadual;1,7;1,1;2,8;1,1;--;--
2019;Sudeste;SP;3519907;Iepê;Urbana;Estadual;1,7;1,1;2,8;1,1;--;--
2019;Sudeste;SP;3519907;Iepê;Total;Municipal;--;--;--;--;--;--
2019;Sudeste;SP;3519907;Iepê;Urbana;Municipal;--;--;--;--;--;--
2019;Sudeste;SP;3519907;Iepê;Total;Pública;1,7;1,1;2,8;1,1;--;--
2019;Sudeste;SP;3519907;Iepê;Urbana;Pública;1,7;1,1;2,8;1,1;--;--
2019;Sudeste;SP;3520004;Igaraçu do Tietê;Total;Total;1;2;1;0;--;--
2019;Sudeste;SP;3520004;Igaraçu do Tietê;Urbana;Total;1;2;1;0;--;--
2019;Sudeste;SP;3520004;Igaraçu do Tietê;Total;Estadual;1,1;2,2;1,2;0;--;--
2019;Sudeste;SP;3520004;Igaraçu do Tietê;Urbana;Estadual;1,1;2,2;1,2;0;--;--
2019;Sudeste;SP;3520004;Igaraçu do Tietê;Total;Municipal;--;--;--;--;--;--
2019;Sudeste;SP;3520004;Igaraçu do Tietê;Urbana;Municipal;--;--;--;--;--;--
2019;Sudeste;SP;3520004;Igaraçu do Tietê;Total;Privada;0;0;0;0;--;--
2019;Sudeste;SP;3520004;Igaraçu do Tietê;Urbana;Privada;0;0;0;0;--;--
2019;Sudeste;SP;3520004;Igaraçu do Tietê;Total;Pública;1,1;2,2;1,2;0;--;--
2019;Sudeste;SP;3520004;Igaraçu do Tietê;Urbana;Pública;1,1;2,2;1,2;0;--;--
2019;Sudeste;SP;3520103;Igarapava;Total;Total;0,4;0,5;0,4;0,4;--;--
2019;Sudeste;SP;3520103;Igarapava;Urbana;Total;0,2;0,4;0;0;--;--
2019;Sudeste;SP;3520103;Igarapava;Rural;Total;0,7;0,7;0,7;0,9;--;--
2019;Sudeste;SP;3520103;Igarapava;Total;Estadual;0,4;0,3;0,4;0,5;--;--
2019;Sudeste;SP;3520103;Igarapava;Urbana;Estadual;0;0;0;0;--;--
2019;Sudeste;SP;3520103;Igarapava;Rural;Estadual;0,7;0,7;0,7;0,9;--;--
2019;Sudeste;SP;3520103;Igarapava;Total;Municipal;1,2;3,1;0;0;--;--
2019;Sudeste;SP;3520103;Igarapava;Urbana;Municipal;1,2;3,1;0;0;--;--
2019;Sudeste;SP;3520103;Igarapava;Rural;Municipal;--;--;--;--;--;--
2019;Sudeste;SP;3520103;Igarapava;Total;Privada;0;0;0;0;--;--
2019;Sudeste;SP;3520103;Igarapava;Urbana;Privada;0;0;0;0;--;--
2019;Sudeste;SP;3520103;Igarapava;Rural;Privada;--;--;--;--;--;--
2019;Sudeste;SP;3520103;Igarapava;Total;Pública;0,5;0,6;0,4;0,4;--;--
2019;Sudeste;SP;3520103;Igarapava;Urbana;Pública;0,3;0,6;0;0;--;--
2019;Sudeste;SP;3520103;Igarapava;Rural;Pública;0,7;0,7;0,7;0,9;--;--
2019;Sudeste;SP;3520202;Igaratá;Total;Total;6,4;6,4;6,3;6,4;--;--
2019;Sudeste;SP;3520202;Igaratá;Urbana;Total;6,4;6,4;6,3;6,4;--;--
2019;Sudeste;SP;3520202;Igaratá;Rural;Total;--;--;--;--;--;--
2019;Sudeste;SP;3520202;Igaratá;Total;Estadual;6,4;6,4;6,3;6,4;--;--
2019;Sudeste;SP;3520202;Igaratá;Urbana;Estadual;6,4;6,4;6,3;6,4;--;--
2019;Sudeste;SP;3520202;Igaratá;Total;Municipal;--;--;--;--;--;--
2019;Sudeste;SP;3520202;Igaratá;Urbana;Municipal;--;--;--;--;--;--
2019;Sudeste;SP;3520202;Igaratá;Rural;Municipal;--;--;--;--;--;--
2019;Sudeste;SP;3520202;Igaratá;Total;Pública;6,4;6,4;6,3;6,4;--;--
2019;Sudeste;SP;3520202;Igaratá;Urbana;Pública;6,4;6,4;6,3;6,4;--;--
2019;Sudeste;SP;3520202;Igaratá;Rural;Pública;--;--;--;--;--;--
2019;Sudeste;SP;3520301;Iguape;Total;Total;0,2;0,3;0;0,3;--;--
2019;Sudeste;SP;3520301;Iguape;Urbana;Total;0,2;0,2;0;0,3;--;--
2019;Sudeste;SP;3520301;Iguape;Rural;Total;0;0;0;0;--;--
2019;Sudeste;SP;3520301;Iguape;Total;Estadual;0,1;0,3;0;0,3;--;--
2019;Sudeste;SP;3520301;Iguape;Urbana;Estadual;0,2;0,3;0;0,3;--;--
2019;Sudeste;SP;3520301;Iguape;Rural;Estadual;0;0;0;0;--;--
2019;Sudeste;SP;3520301;Iguape;Total;Municipal;--;--;--;--;--;--
2019;Sudeste;SP;3520301;Iguape;Urbana;Municipal;--;--;--;--;--;--
2019;Sudeste;SP;3520301;Iguape;Rural;Municipal;--;--;--;--;--;--
2019;Sudeste;SP;3520301;Iguape;Total;Privada;0;0;0;0;--;--
2019;Sudeste;SP;3520301;Iguape;Urbana;Privada;0;0;0;0;--;--
2019;Sudeste;SP;3520301;Iguape;Total;Pública;0,1;0,3;0;0,3;--;--
2019;Sudeste;SP;3520301;Iguape;Urbana;Pública;0,2;0,3;0;0,3;--;--
2019;Sudeste;SP;3520301;Iguape;Rural;Pública;0;0;0;0;--;--
2019;Sudeste;SP;3520400;Ilhabela;Total;Total;0;0;0;0;--;--
2019;Sudeste;SP;3520400;Ilhabela;Urbana;Total;0;0;0;0;--;--
2019;Sudeste;SP;3520400;Ilhabela;Total;Estadual;0;0;0;0;--;--
2019;Sudeste;SP;3520400;Ilhabela;Urbana;Estadual;0;0;0;0;--;--
2019;Sudeste;SP;3520400;Ilhabela;Total;Municipal;--;--;--;--;--;--
2019;Sudeste;SP;3520400;Ilhabela;Urbana;Municipal;--;--;--;--;--;--
2019;Sudeste;SP;3520400;Ilhabela;Total;Privada;0;0;0;0;--;--
2019;Sudeste;SP;3520400;Ilhabela;Urbana;Privada;0;0;0;0;--;--
2019;Sudeste;SP;3520400;Ilhabela;Total;Pública;0;0;0;0;--;--
2019;Sudeste;SP;3520400;Ilhabela;Urbana;Pública;0;0;0;0;--;--
2019;Sudeste;SP;3520426;Ilha Comprida;Total;Total;0;0;0;0;--;--
2019;Sudeste;SP;3520426;Ilha Comprida;Urbana;Total;0;0;0;0;--;--
2019;Sudeste;SP;3520426;Ilha Comprida;Total;Estadual;0;0;0;0;--;--
2019;Sudeste;SP;3520426;Ilha Comprida;Urbana;Estadual;0;0;0;0;--;--
2019;Sudeste;SP;3520426;Ilha Comprida;Total;Municipal;--;--;--;--;--;--
2019;Sudeste;SP;3520426;Ilha Comprida;Urbana;Municipal;--;--;--;--;--;--
2019;Sudeste;SP;3520426;Ilha Comprida;Total;Pública;0;0;0;0;--;--
2019;Sudeste;SP;3520426;Ilha Comprida;Urbana;Pública;0;0;0;0;--;--
2019;Sudeste;SP;3520442;Ilha Solteira;Total;Total;0,5;0,9;0,7;0;--;--
2019;Sudeste;SP;3520442;Ilha Solteira;Urbana;Total;0,5;0,9;0,7;0;--;--
2019;Sudeste;SP;3520442;Ilha Solteira;Total;Federal;0,8;0;1,8;--;--;--
2019;Sudeste;SP;3520442;Ilha Solteira;Urbana;Federal;0,8;0;1,8;--;--;--
2019;Sudeste;SP;3520442;Ilha Solteira;Total;Estadual;0,6;1,4;0,6;0;--;--
2019;Sudeste;SP;3520442;Ilha Solteira;Urbana;Estadual;0,6;1,4;0,6;0;--;--
2019;Sudeste;SP;3520442;Ilha Solteira;Total;Municipal;--;--;--;--;--;--
2019;Sudeste;SP;3520442;Ilha Solteira;Urbana;Municipal;--;--;--;--;--;--
2019;Sudeste;SP;3520442;Ilha Solteira;Total;Privada;0;0;0;0;--;--
2019;Sudeste;SP;3520442;Ilha Solteira;Urbana;Privada;0;0;0;0;--;--
2019;Sudeste;SP;3520442;Ilha Solteira;Total;Pública;0,6;1,1;0,9;0;--;--
2019;Sudeste;SP;3520442;Ilha Solteira;Urbana;Pública;0,6;1,1;0,9;0;--;--
2019;Sudeste;SP;3520509;Indaiatuba;Total;Total;1,8;2,1;2,1;1,4;--;--
2019;Sudeste;SP;3520509;Indaiatuba;Urbana;Total;1,8;2,1;2,1;1,4;--;--
2019;Sudeste;SP;3520509;Indaiatuba;Total;Estadual;2,2;2,6;2,6;1,8;--;--
2019;Sudeste;SP;3520509;Indaiatuba;Urbana;Estadual;2,2;2,6;2,6;1,8;--;--
2019;Sudeste;SP;3520509;Indaiatuba;Total;Municipal;--;--;--;--;--;--
2019;Sudeste;SP;3520509;Indaiatuba;Urbana;Municipal;--;--;--;--;--;--
2019;Sudeste;SP;3520509;Indaiatuba;Total;Privada;0;0;0;0;--;--
2019;Sudeste;SP;3520509;Indaiatuba;Urbana;Privada;0;0;0;0;--;--
2019;Sudeste;SP;3520509;Indaiatuba;Total;Pública;2,2;2,6;2,6;1,8;--;--
2019;Sudeste;SP;3520509;Indaiatuba;Urbana;Pública;2,2;2,6;2,6;1,8;--;--
2019;Sudeste;SP;3520608;Indiana;Total;Total;0,7;1,7;0;0;--;--
2019;Sudeste;SP;3520608;Indiana;Urbana;Total;0,7;1,7;0;0;--;--
2019;Sudeste;SP;3520608;Indiana;Total;Estadual;0,7;1,7;0;0;--;--
2019;Sudeste;SP;3520608;Indiana;Urbana;Estadual;0,7;1,7;0;0;--;--
2019;Sudeste;SP;3520608;Indiana;Total;Municipal;--;--;--;--;--;--
2019;Sudeste;SP;3520608;Indiana;Urbana;Municipal;--;--;--;--;--;--
2019;Sudeste;SP;3520608;Indiana;Total;Pública;0,7;1,7;0;0;--;--
2019;Sudeste;SP;3520608;Indiana;Urbana;Pública;0,7;1,7;0;0;--;--
2019;Sudeste;SP;3520707;Indiaporã;Total;Total;2,3;4,3;2,9;0;--;--
2019;Sudeste;SP;3520707;Indiaporã;Urbana;Total;2,3;4,3;2,9;0;--;--
2019;Sudeste;SP;3520707;Indiaporã;Total;Estadual;2,3;4,3;2,9;0;--;--
2019;Sudeste;SP;3520707;Indiaporã;Urbana;Estadual;2,3;4,3;2,9;0;--;--
2019;Sudeste;SP;3520707;Indiaporã;Total;Municipal;--;--;--;--;--;--
2019;Sudeste;SP;3520707;Indiaporã;Urbana;Municipal;--;--;--;--;--;--
2019;Sudeste;SP;3520707;Indiaporã;Total;Pública;2,3;4,3;2,9;0;--;--
2019;Sudeste;SP;3520707;Indiaporã;Urbana;Pública;2,3;4,3;2,9;0;--;--
2019;Sudeste;SP;3520806;Inúbia Paulista;Total;Total;0;0;0;0;--;--
2019;Sudeste;SP;3520806;Inúbia Paulista;Urbana;Total;0;0;0;0;--;--
2019;Sudeste;SP;3520806;Inúbia Paulista;Total;Estadual;0;0;0;0;--;--
2019;Sudeste;SP;3520806;Inúbia Paulista;Urbana;Estadual;0;0;0;0;--;--
2019;Sudeste;SP;3520806;Inúbia Paulista;Total;Municipal;--;--;--;--;--;--
2019;Sudeste;SP;3520806;Inúbia Paulista;Urbana;Municipal;--;--;--;--;--;--
2019;Sudeste;SP;3520806;Inúbia Paulista;Total;Pública;0;0;0;0;--;--
2019;Sudeste;SP;3520806;Inúbia Paulista;Urbana;Pública;0;0;0;0;--;--
2019;Sudeste;SP;3520905;Ipaussu;Total;Total;0,3;0,4;0,4;0;--;--
2019;Sudeste;SP;3520905;Ipaussu;Urbana;Total;0,3;0,4;0,4;0;--;--
2019;Sudeste;SP;3520905;Ipaussu;Total;Estadual;0,3;0,6;0,4;0;--;--
2019;Sudeste;SP;3520905;Ipaussu;Urbana;Estadual;0,3;0,6;0,4;0;--;--
2019;Sudeste;SP;3520905;Ipaussu;Total;Municipal;--;--;--;--;--;--
2019;Sudeste;SP;3520905;Ipaussu;Urbana;Municipal;--;--;--;--;--;--
2019;Sudeste;SP;3520905;Ipaussu;Total;Privada;0;0;0;0;--;--
2019;Sudeste;SP;3520905;Ipaussu;Urbana;Privada;0;0;0;0;--;--
2019;Sudeste;SP;3520905;Ipaussu;Total;Pública;0,3;0,6;0,4;0;--;--
2019;Sudeste;SP;3520905;Ipaussu;Urbana;Pública;0,3;0,6;0,4;0;--;--
2019;Sudeste;SP;3521002;Iperó;Total;Total;0,3;0,3;0,7;0;--;--
2019;Sudeste;SP;3521002;Iperó;Urbana;Total;0,3;0,3;0,7;0;--;--
2019;Sudeste;SP;3521002;Iperó;Total;Estadual;0,4;0,3;0,7;0;--;--
2019;Sudeste;SP;3521002;Iperó;Urbana;Estadual;0,4;0,3;0,7;0;--;--
2019;Sudeste;SP;3521002;Iperó;Total;Municipal;--;--;--;--;--;--
2019;Sudeste;SP;3521002;Iperó;Urbana;Municipal;--;--;--;--;--;--
2019;Sudeste;SP;3521002;Iperó;Total;Privada;0;0;0;0;--;--
2019;Sudeste;SP;3521002;Iperó;Urbana;Privada;0;0;0;0;--;--
2019;Sudeste;SP;3521002;Iperó;Total;Pública;0,4;0,3;0,7;0;--;--
2019;Sudeste;SP;3521002;Iperó;Urbana;Pública;0,4;0,3;0,7;0;--;--
2019;Sudeste;SP;3521101;Ipeúna;Total;Total;0;0;0;0;--;--
2019;Sudeste;SP;3521101;Ipeúna;Urbana;Total;0;0;0;0;--;--
2019;Sudeste;SP;3521101;Ipeúna;Total;Estadual;0;0;0;0;--;--
2019;Sudeste;SP;3521101;Ipeúna;Urbana;Estadual;0;0;0;0;--;--
2019;Sudeste;SP;3521101;Ipeúna;Total;Municipal;--;--;--;--;--;--
2019;Sudeste;SP;3521101;Ipeúna;Urbana;Municipal;--;--;--;--;--;--
2019;Sudeste;SP;3521101;Ipeúna;Total;Pública;0;0;0;0;--;--
2019;Sudeste;SP;3521101;Ipeúna;Urbana;Pública;0;0;0;0;--;--
2019;Sudeste;SP;3521150;Ipiguá;Total;Total;0;0;0;0;--;--
2019;Sudeste;SP;3521150;Ipiguá;Urbana;Total;0;0;0;0;--;--
2019;Sudeste;SP;3521150;Ipiguá;Total;Estadual;0;0;0;0;--;--
2019;Sudeste;SP;3521150;Ipiguá;Urbana;Estadual;0;0;0;0;--;--
2019;Sudeste;SP;3521150;Ipiguá;Total;Municipal;--;--;--;--;--;--
2019;Sudeste;SP;3521150;Ipiguá;Urbana;Municipal;--;--;--;--;--;--
2019;Sudeste;SP;3521150;Ipiguá;Total;Pública;0;0;0;0;--;--
2019;Sudeste;SP;3521150;Ipiguá;Urbana;Pública;0;0;0;0;--;--
2019;Sudeste;SP;3521200;Iporanga;Total;Total;0;0;0;0;--;--
2019;Sudeste;SP;3521200;Iporanga;Urbana;Total;0;0;0;0;--;--
2019;Sudeste;SP;3521200;Iporanga;Rural;Total;--;--;--;--;--;--
2019;Sudeste;SP;3521200;Iporanga;Total;Estadual;0;0;0;0;--;--
2019;Sudeste;SP;3521200;Iporanga;Urbana;Estadual;0;0;0;0;--;--
2019;Sudeste;SP;3521200;Iporanga;Rural;Estadual;--;--;--;--;--;--
2019;Sudeste;SP;3521200;Iporanga;Total;Municipal;--;--;--;--;--;--
2019;Sudeste;SP;3521200;Iporanga;Urbana;Municipal;--;--;--;--;--;--
2019;Sudeste;SP;3521200;Iporanga;Rural;Municipal;--;--;--;--;--;--
2019;Sudeste;SP;3521200;Iporanga;Total;Pública;0;0;0;0;--;--
2019;Sudeste;SP;3521200;Iporanga;Urbana;Pública;0;0;0;0;--;--
2019;Sudeste;SP;3521200;Iporanga;Rural;Pública;--;--;--;--;--;--
2019;Sudeste;SP;3521309;Ipuã;Total;Total;0,5;0,8;0,7;0;--;--
2019;Sudeste;SP;3521309;Ipuã;Urbana;Total;0,5;0,8;0,7;0;--;--
2019;Sudeste;SP;3521309;Ipuã;Total;Estadual;0,6;0,9;1;0;--;--
2019;Sudeste;SP;3521309;Ipuã;Urbana;Estadual;0,6;0,9;1;0;--;--
2019;Sudeste;SP;3521309;Ipuã;Total;Municipal;--;--;--;--;--;--
2019;Sudeste;SP;3521309;Ipuã;Urbana;Municipal;--;--;--;--;--;--
2019;Sudeste;SP;3521309;Ipuã;Total;Privada;0;0;0;0;--;--
2019;Sudeste;SP;3521309;Ipuã;Urbana;Privada;0;0;0;0;--;--
2019;Sudeste;SP;3521309;Ipuã;Total;Pública;0,6;0,9;1;0;--;--
2019;Sudeste;SP;3521309;Ipuã;Urbana;Pública;0,6;0,9;1;0;--;--
2019;Sudeste;SP;3521408;Iracemápolis;Total;Total;1,1;0;2;1,5;--;--
2019;Sudeste;SP;3521408;Iracemápolis;Urbana;Total;1,1;0;2;1,5;--;--
2019;Sudeste;SP;3521408;Iracemápolis;Total;Estadual;1,1;0;2;1,5;--;--
2019;Sudeste;SP;3521408;Iracemápolis;Urbana;Estadual;1,1;0;2;1,5;--;--
2019;Sudeste;SP;3521408;Iracemápolis;Total;Municipal;--;--;--;--;--;--
2019;Sudeste;SP;3521408;Iracemápolis;Urbana;Municipal;--;--;--;--;--;--
2019;Sudeste;SP;3521408;Iracemápolis;Total;Privada;--;--;--;--;--;--
2019;Sudeste;SP;3521408;Iracemápolis;Urbana;Privada;--;--;--;--;--;--
2019;Sudeste;SP;3521408;Iracemápolis;Total;Pública;1,1;0;2;1,5;--;--
2019;Sudeste;SP;3521408;Iracemápolis;Urbana;Pública;1,1;0;2;1,5;--;--
2019;Sudeste;SP;3521507;Irapuã;Total;Total;0;0;0;0;--;--
2019;Sudeste;SP;3521507;Irapuã;Urbana;Total;0;0;0;0;--;--
2019;Sudeste;SP;3521507;Irapuã;Total;Estadual;0;0;0;0;--;--
2019;Sudeste;SP;3521507;Irapuã;Urbana;Estadual;0;0;0;0;--;--
2019;Sudeste;SP;3521507;Irapuã;Total;Municipal;--;--;--;--;--;--
2019;Sudeste;SP;3521507;Irapuã;Urbana;Municipal;--;--;--;--;--;--
2019;Sudeste;SP;3521507;Irapuã;Total;Pública;0;0;0;0;--;--
2019;Sudeste;SP;3521507;Irapuã;Urbana;Pública;0;0;0;0;--;--
2019;Sudeste;SP;3521606;Irapuru;Total;Total;3,5;5,5;5,2;0;--;0
2019;Sudeste;SP;3521606;Irapuru;Urbana;Total;3,8;5,5;5,2;0;--;--
2019;Sudeste;SP;3521606;Irapuru;Rural;Total;0;--;--;--;--;0
2019;Sudeste;SP;3521606;Irapuru;Total;Estadual;3,5;5,5;5,2;0;--;0
2019;Sudeste;SP;3521606;Irapuru;Urbana;Estadual;3,8;5,5;5,2;0;--;--
2019;Sudeste;SP;3521606;Irapuru;Rural;Estadual;0;--;--;--;--;0
2019;Sudeste;SP;3521606;Irapuru;Total;Municipal;--;--;--;--;--;--
2019;Sudeste;SP;3521606;Irapuru;Urbana;Municipal;--;--;--;--;--;--
2019;Sudeste;SP;3521606;Irapuru;Total;Pública;3,5;5,5;5,2;0;--;0
2019;Sudeste;SP;3521606;Irapuru;Urbana;Pública;3,8;5,5;5,2;0;--;--
2019;Sudeste;SP;3521606;Irapuru;Rural;Pública;0;--;--;--;--;0
2019;Sudeste;SP;3521705;Itaberá;Total;Total;1,7;0,9;0,7;3,1;--;--
2019;Sudeste;SP;3521705;Itaberá;Urbana;Total;1,4;0;0;4,2;--;--
2019;Sudeste;SP;3521705;Itaberá;Rural;Total;1,9;3,4;2,3;0;--;--
2019;Sudeste;SP;3521705;Itaberá;Total;Estadual;1,7;1;0,7;3,1;--;--
2019;Sudeste;SP;3521705;Itaberá;Urbana;Estadual;1,6;0;0;4,2;--;--
2019;Sudeste;SP;3521705;Itaberá;Rural;Estadual;1,9;3,4;2,3;0;--;--
2019;Sudeste;SP;3521705;Itaberá;Total;Privada;0;0;0;--;--;--
2019;Sudeste;SP;3521705;Itaberá;Urbana;Privada;0;0;0;--;--;--
2019;Sudeste;SP;3521705;Itaberá;Total;Pública;1,7;1;0,7;3,1;--;--
2019;Sudeste;SP;3521705;Itaberá;Urbana;Pública;1,6;0;0;4,2;--;--
2019;Sudeste;SP;3521705;Itaberá;Rural;Pública;1,9;3,4;2,3;0;--;--
2019;Sudeste;SP;3521804;Itaí;Total;Total;2,9;3,1;3,2;2,4;--;--
2019;Sudeste;SP;3521804;Itaí;Urbana;Total;2,9;3,1;3,2;2,4;--;--
2019;Sudeste;SP;3521804;Itaí;Total;Estadual;3,2;3,3;3,6;2,7;--;--
2019;Sudeste;SP;3521804;Itaí;Urbana;Estadual;3,2;3,3;3,6;2,7;--;--
2019;Sudeste;SP;3521804;Itaí;Total;Municipal;--;--;--;--;--;--
2019;Sudeste;SP;3521804;Itaí;Urbana;Municipal;--;--;--;--;--;--
2019;Sudeste;SP;3521804;Itaí;Total;Privada;0;0;0;0;--;--
2019;Sudeste;SP;3521804;Itaí;Urbana;Privada;0;0;0;0;--;--
2019;Sudeste;SP;3521804;Itaí;Total;Pública;3,2;3,3;3,6;2,7;--;--
2019;Sudeste;SP;3521804;Itaí;Urbana;Pública;3,2;3,3;3,6;2,7;--;--
2019;Sudeste;SP;3521903;Itajobi;Total;Total;1,9;0,7;2,4;3;--;--
2019;Sudeste;SP;3521903;Itajobi;Urbana;Total;1,9;0,7;2,4;3;--;--
2019;Sudeste;SP;3521903;Itajobi;Total;Estadual;2;0,9;3,1;2,5;--;--
2019;Sudeste;SP;3521903;Itajobi;Urbana;Estadual;2;0,9;3,1;2,5;--;--
2019;Sudeste;SP;3521903;Itajobi;Total;Municipal;--;--;--;--;--;--
2019;Sudeste;SP;3521903;Itajobi;Urbana;Municipal;--;--;--;--;--;--
2019;Sudeste;SP;3521903;Itajobi;Total;Privada;1,4;0;0;4,8;--;--
2019;Sudeste;SP;3521903;Itajobi;Urbana;Privada;1,4;0;0;4,8;--;--
2019;Sudeste;SP;3521903;Itajobi;Total;Pública;2;0,9;3,1;2,5;--;--
2019;Sudeste;SP;3521903;Itajobi;Urbana;Pública;2;0,9;3,1;2,5;--;--
2019;Sudeste;SP;3522000;Itaju;Total;Total;0;0;0;0;--;--
2019;Sudeste;SP;3522000;Itaju;Urbana;Total;0;0;0;0;--;--
2019;Sudeste;SP;3522000;Itaju;Total;Estadual;0;0;0;0;--;--
2019;Sudeste;SP;3522000;Itaju;Urbana;Estadual;0;0;0;0;--;--
2019;Sudeste;SP;3522000;Itaju;Total;Municipal;--;--;--;--;--;--
2019;Sudeste;SP;3522000;Itaju;Urbana;Municipal;--;--;--;--;--;--
2019;Sudeste;SP;3522000;Itaju;Total;Pública;0;0;0;0;--;--
2019;Sudeste;SP;3522000;Itaju;Urbana;Pública;0;0;0;0;--;--
2019;Sudeste;SP;3522109;Itanhaém;Total;Total;3,1;3,9;3,4;1,9;--;0
2019;Sudeste;SP;3522109;Itanhaém;Urbana;Total;3,1;3,9;3,4;1,9;--;--
2019;Sudeste;SP;3522109;Itanhaém;Rural;Total;0;--;--;--;--;0
2019;Sudeste;SP;3522109;Itanhaém;Total;Estadual;3,2;4,1;3,6;1,9;--;0
2019;Sudeste;SP;3522109;Itanhaém;Urbana;Estadual;3,2;4,1;3,6;1,9;--;--
2019;Sudeste;SP;3522109;Itanhaém;Rural;Estadual;0;--;--;--;--;0
2019;Sudeste;SP;3522109;Itanhaém;Total;Municipal;--;--;--;--;--;--
2019;Sudeste;SP;3522109;Itanhaém;Urbana;Municipal;--;--;--;--;--;--
2019;Sudeste;SP;3522109;Itanhaém;Rural;Municipal;--;--;--;--;--;--
2019;Sudeste;SP;3522109;Itanhaém;Total;Privada;0;0;0;0;--;--
2019;Sudeste;SP;3522109;Itanhaém;Urbana;Privada;0;0;0;0;--;--
2019;Sudeste;SP;3522109;Itanhaém;Total;Pública;3,2;4,1;3,6;1,9;--;0
2019;Sudeste;SP;3522109;Itanhaém;Urbana;Pública;3,2;4,1;3,6;1,9;--;--
2019;Sudeste;SP;3522109;Itanhaém;Rural;Pública;0;--;--;--;--;0
2019;Sudeste;SP;3522158;Itaoca;Total;Total;0,7;0;2,2;0;--;--
2019;Sudeste;SP;3522158;Itaoca;Urbana;Total;0;0;0;0;--;--
2019;Sudeste;SP;3522158;Itaoca;Rural;Total;1,5;0;4,3;0;--;--
2019;Sudeste;SP;3522158;Itaoca;Total;Estadual;0,7;0;2,2;0;--;--
2019;Sudeste;SP;3522158;Itaoca;Urbana;Estadual;0;0;0;0;--;--
2019;Sudeste;SP;3522158;Itaoca;Rural;Estadual;1,5;0;4,3;0;--;--
2019;Sudeste;SP;3522158;Itaoca;Total;Municipal;--;--;--;--;--;--
2019;Sudeste;SP;3522158;Itaoca;Urbana;Municipal;--;--;--;--;--;--
2019;Sudeste;SP;3522158;Itaoca;Total;Pública;0,7;0;2,2;0;--;--
2019;Sudeste;SP;3522158;Itaoca;Urbana;Pública;0;0;0;0;--;--
2019;Sudeste;SP;3522158;Itaoca;Rural;Pública;1,5;0;4,3;0;--;--
2019;Sudeste;SP;3522208;Itapecerica da Serra;Total;Total;0,9;1,4;0,7;0,6;--;--
2019;Sudeste;SP;3522208;Itapecerica da Serra;Urbana;Total;0,9;1,4;0,7;0,6;--;--
2019;Sudeste;SP;3522208;Itapecerica da Serra;Total;Estadual;1,1;1,5;0,8;0,7;--;--
2019;Sudeste;SP;3522208;Itapecerica da Serra;Urbana;Estadual;1,1;1,5;0,8;0,7;--;--
2019;Sudeste;SP;3522208;Itapecerica da Serra;Total;Municipal;--;--;--;--;--;--
2019;Sudeste;SP;3522208;Itapecerica da Serra;Urbana;Municipal;--;--;--;--;--;--
2019;Sudeste;SP;3522208;Itapecerica da Serra;Total;Privada;0;0;0;0;--;--
2019;Sudeste;SP;3522208;Itapecerica da Serra;Urbana;Privada;0;0;0;0;--;--
2019;Sudeste;SP;3522208;Itapecerica da Serra;Total;Pública;1,1;1,5;0,8;0,7;--;--
2019;Sudeste;SP;3522208;Itapecerica da Serra;Urbana;Pública;1,1;1,5;0,8;0,7;--;--
2019;Sudeste;SP;3522307;Itapetininga;Total;Total;1,9;1,7;2,3;1,8;--;0
2019;Sudeste;SP;3522307;Itapetininga;Urbana;Total;1,8;1,5;2,2;1,7;--;--
2019;Sudeste;SP;3522307;Itapetininga;Rural;Total;2,7;3,5;2,7;1,9;--;0
2019;Sudeste;SP;3522307;Itapetininga;Total;Federal;0,4;0;1,3;0;--;--
2019;Sudeste;SP;3522307;Itapetininga;Urbana;Federal;0,4;0;1,3;0;--;--
2019;Sudeste;SP;3522307;Itapetininga;Total;Estadual;2,3;2,2;2,7;2,2;--;0
2019;Sudeste;SP;3522307;Itapetininga;Urbana;Estadual;2,3;2;2,8;2,2;--;--
2019;Sudeste;SP;3522307;Itapetininga;Rural;Estadual;2,7;3,5;2,7;1,9;--;0
2019;Sudeste;SP;3522307;Itapetininga;Total;Municipal;--;--;--;--;--;--
2019;Sudeste;SP;3522307;Itapetininga;Urbana;Municipal;--;--;--;--;--;--
2019;Sudeste;SP;3522307;Itapetininga;Rural;Municipal;--;--;--;--;--;--
2019;Sudeste;SP;3522307;Itapetininga;Total;Privada;0;0;0;0;--;--
2019;Sudeste;SP;3522307;Itapetininga;Urbana;Privada;0;0;0;0;--;--
2019;Sudeste;SP;3522307;Itapetininga;Rural;Privada;--;--;--;--;--;--
2019;Sudeste;SP;3522307;Itapetininga;Total;Pública;2,3;2,1;2,7;2,1;--;0
2019;Sudeste;SP;3522307;Itapetininga;Urbana;Pública;2,1;1,9;2,7;2,1;--;--
2019;Sudeste;SP;3522307;Itapetininga;Rural;Pública;2,7;3,5;2,7;1,9;--;0
2019;Sudeste;SP;3522406;Itapeva;Total;Total;0,1;0,1;0;0,1;--;--
2019;Sudeste;SP;3522406;Itapeva;Urbana;Total;0,1;0;0,1;0,1;--;--
2019;Sudeste;SP;3522406;Itapeva;Rural;Total;0,2;0,7;0;0;--;--
2019;Sudeste;SP;3522406;Itapeva;Total;Estadual;0,1;0,1;0;0,1;--;--
2019;Sudeste;SP;3522406;Itapeva;Urbana;Estadual;0;0;0;0,1;--;--
2019;Sudeste;SP;3522406;Itapeva;Rural;Estadual;0,2;0,7;0;0;--;--
2019;Sudeste;SP;3522406;Itapeva;Total;Municipal;--;--;--;--;--;--
2019;Sudeste;SP;3522406;Itapeva;Urbana;Municipal;--;--;--;--;--;--
2019;Sudeste;SP;3522406;Itapeva;Rural;Municipal;--;--;--;--;--;--
2019;Sudeste;SP;3522406;Itapeva;Total;Privada;0,3;0;0,8;0;--;--
2019;Sudeste;SP;3522406;Itapeva;Urbana;Privada;0,3;0;0,8;0;--;--
2019;Sudeste;SP;3522406;Itapeva;Total;Pública;0,1;0,1;0;0,1;--;--
2019;Sudeste;SP;3522406;Itapeva;Urbana;Pública;0;0;0;0,1;--;--
2019;Sudeste;SP;3522406;Itapeva;Rural;Pública;0,2;0,7;0;0;--;--
2019;Sudeste;SP;3522505;Itapevi;Total;Total;4,3;5,6;4,3;2,9;--;--
2019;Sudeste;SP;3522505;Itapevi;Urbana;Total;4,3;5,6;4,3;2,9;--;--
2019;Sudeste;SP;3522505;Itapevi;Total;Estadual;4,5;5,9;4,4;3;--;--
2019;Sudeste;SP;3522505;Itapevi;Urbana;Estadual;4,5;5,9;4,4;3;--;--
2019;Sudeste;SP;3522505;Itapevi;Total;Municipal;--;--;--;--;--;--
2019;Sudeste;SP;3522505;Itapevi;Urbana;Municipal;--;--;--;--;--;--
2019;Sudeste;SP;3522505;Itapevi;Total;Privada;0;0;0;0;--;--
2019;Sudeste;SP;3522505;Itapevi;Urbana;Privada;0;0;0;0;--;--
2019;Sudeste;SP;3522505;Itapevi;Total;Pública;4,5;5,9;4,4;3;--;--
2019;Sudeste;SP;3522505;Itapevi;Urbana;Pública;4,5;5,9;4,4;3;--;--
2019;Sudeste;SP;3522604;Itapira;Total;Total;3,8;4,7;4,7;1,6;--;--
2019;Sudeste;SP;3522604;Itapira;Urbana;Total;3,8;4,7;4,7;1,6;--;--
2019;Sudeste;SP;3522604;Itapira;Rural;Total;--;--;--;--;--;--
2019;Sudeste;SP;3522604;Itapira;Total;Estadual;4,5;5,3;5,6;1,9;--;--
2019;Sudeste;SP;3522604;Itapira;Urbana;Estadual;4,5;5,3;5,6;1,9;--;--
2019;Sudeste;SP;3522604;Itapira;Total;Municipal;--;--;--;--;--;--
2019;Sudeste;SP;3522604;Itapira;Urbana;Municipal;--;--;--;--;--;--
2019;Sudeste;SP;3522604;Itapira;Rural;Municipal;--;--;--;--;--;--
2019;Sudeste;SP;3522604;Itapira;Total;Privada;0,3;0,9;0;0;--;--
2019;Sudeste;SP;3522604;Itapira;Urbana;Privada;0,3;0,9;0;0;--;--
2019;Sudeste;SP;3522604;Itapira;Total;Pública;4,5;5,3;5,6;1,9;--;--
2019;Sudeste;SP;3522604;Itapira;Urbana;Pública;4,5;5,3;5,6;1,9;--;--
2019;Sudeste;SP;3522604;Itapira;Rural;Pública;--;--;--;--;--;--
2019;Sudeste;SP;3522653;Itapirapuã Paulista;Total;Total;0,6;0;1,8;0;--;--
2019;Sudeste;SP;3522653;Itapirapuã Paulista;Urbana;Total;0;0;0;0;--;--
2019;Sudeste;SP;3522653;Itapirapuã Paulista;Rural;Total;2,1;0;5,3;0;--;--
2019;Sudeste;SP;3522653;Itapirapuã Paulista;Total;Estadual;0,6;0;1,8;0;--;--
2019;Sudeste;SP;3522653;Itapirapuã Paulista;Urbana;Estadual;0;0;0;0;--;--
2019;Sudeste;SP;3522653;Itapirapuã Paulista;Rural;Estadual;2,1;0;5,3;0;--;--
2019;Sudeste;SP;3522653;Itapirapuã Paulista;Total;Municipal;--;--;--;--;--;--
2019;Sudeste;SP;3522653;Itapirapuã Paulista;Urbana;Municipal;--;--;--;--;--;--
2019;Sudeste;SP;3522653;Itapirapuã Paulista;Rural;Municipal;--;--;--;--;--;--
2019;Sudeste;SP;3522653;Itapirapuã Paulista;Total;Pública;0,6;0;1,8;0;--;--
2019;Sudeste;SP;3522653;Itapirapuã Paulista;Urbana;Pública;0;0;0;0;--;--
2019;Sudeste;SP;3522653;Itapirapuã Paulista;Rural;Pública;2,1;0;5,3;0;--;--
2019;Sudeste;SP;3522703;Itápolis;Total;Total;0,3;0,5;0;0,3;--;--
2019;Sudeste;SP;3522703;Itápolis;Urbana;Total;0,3;0,5;0;0,3;--;--
2019;Sudeste;SP;3522703;Itápolis;Total;Estadual;0,3;0,5;0;0,3;--;--
2019;Sudeste;SP;3522703;Itápolis;Urbana;Estadual;0,3;0,5;0;0,3;--;--
2019;Sudeste;SP;3522703;Itápolis;Total;Municipal;--;--;--;--;--;--
2019;Sudeste;SP;3522703;Itápolis;Urbana;Municipal;--;--;--;--;--;--
2019;Sudeste;SP;3522703;Itápolis;Total;Privada;0;0;0;0;--;--
2019;Sudeste;SP;3522703;Itápolis;Urbana;Privada;0;0;0;0;--;--
2019;Sudeste;SP;3522703;Itápolis;Total;Pública;0,3;0,5;0;0,3;--;--
2019;Sudeste;SP;3522703;Itápolis;Urbana;Pública;0,3;0,5;0;0,3;--;--
2019;Sudeste;SP;3522802;Itaporanga;Total;Total;1,7;2,6;2;0,6;--;--
2019;Sudeste;SP;3522802;Itaporanga;Urbana;Total;1,8;2,8;2;0,6;--;--
2019;Sudeste;SP;3522802;Itaporanga;Rural;Total;0;0;0;0;--;--
2019;Sudeste;SP;3522802;Itaporanga;Total;Estadual;1,9;3,1;2,2;0,7;--;--
2019;Sudeste;SP;3522802;Itaporanga;Urbana;Estadual;2,1;3,4;2,4;0,7;--;--
2019;Sudeste;SP;3522802;Itaporanga;Rural;Estadual;0;0;0;0;--;--
2019;Sudeste;SP;3522802;Itaporanga;Total;Municipal;--;--;--;--;--;--
2019;Sudeste;SP;3522802;Itaporanga;Urbana;Municipal;--;--;--;--;--;--
2019;Sudeste;SP;3522802;Itaporanga;Rural;Municipal;--;--;--;--;--;--
2019;Sudeste;SP;3522802;Itaporanga;Total;Privada;0;0;0;0;--;--
2019;Sudeste;SP;3522802;Itaporanga;Urbana;Privada;0;0;0;0;--;--
2019;Sudeste;SP;3522802;Itaporanga;Total;Pública;1,9;3,1;2,2;0,7;--;--
2019;Sudeste;SP;3522802;Itaporanga;Urbana;Pública;2,1;3,4;2,4;0,7;--;--
2019;Sudeste;SP;3522802;Itaporanga;Rural;Pública;0;0;0;0;--;--
2019;Sudeste;SP;3522901;Itapuí;Total;Total;1,7;2,3;2,8;0;--;--
2019;Sudeste;SP;3522901;Itapuí;Urbana;Total;1,7;2,3;2,8;0;--;--
2019;Sudeste;SP;3522901;Itapuí;Total;Estadual;1,7;2,3;2,8;0;--;--
2019;Sudeste;SP;3522901;Itapuí;Urbana;Estadual;1,7;2,3;2,8;0;--;--
2019;Sudeste;SP;3522901;Itapuí;Total;Municipal;--;--;--;--;--;--
2019;Sudeste;SP;3522901;Itapuí;Urbana;Municipal;--;--;--;--;--;--
2019;Sudeste;SP;3522901;Itapuí;Total;Privada;--;--;--;--;--;--
2019;Sudeste;SP;3522901;Itapuí;Urbana;Privada;--;--;--;--;--;--
2019;Sudeste;SP;3522901;Itapuí;Total;Pública;1,7;2,3;2,8;0;--;--
2019;Sudeste;SP;3522901;Itapuí;Urbana;Pública;1,7;2,3;2,8;0;--;--
2019;Sudeste;SP;3523008;Itapura;Total;Total;0;0;0;0;--;--
2019;Sudeste;SP;3523008;Itapura;Urbana;Total;0;0;0;0;--;--
2019;Sudeste;SP;3523008;Itapura;Total;Estadual;0;0;0;0;--;--
2019;Sudeste;SP;3523008;Itapura;Urbana;Estadual;0;0;0;0;--;--
2019;Sudeste;SP;3523008;Itapura;Total;Municipal;--;--;--;--;--;--
2019;Sudeste;SP;3523008;Itapura;Urbana;Municipal;--;--;--;--;--;--
2019;Sudeste;SP;3523008;Itapura;Total;Pública;0;0;0;0;--;--
2019;Sudeste;SP;3523008;Itapura;Urbana;Pública;0;0;0;0;--;--
2019;Sudeste;SP;3523107;Itaquaquecetuba;Total;Total;2,2;2,4;3,2;1,2;--;0
2019;Sudeste;SP;3523107;Itaquaquecetuba;Urbana;Total;2,2;2,4;3,2;1,2;--;0
2019;Sudeste;SP;3523107;Itaquaquecetuba;Total;Federal;0;0;0;0;--;--
2019;Sudeste;SP;3523107;Itaquaquecetuba;Urbana;Federal;0;0;0;0;--;--
2019;Sudeste;SP;3523107;Itaquaquecetuba;Total;Estadual;2,3;2,5;3,3;1,3;--;0
2019;Sudeste;SP;3523107;Itaquaquecetuba;Urbana;Estadual;2,3;2,5;3,3;1,3;--;0
2019;Sudeste;SP;3523107;Itaquaquecetuba;Total;Municipal;--;--;--;--;--;--
2019;Sudeste;SP;3523107;Itaquaquecetuba;Urbana;Municipal;--;--;--;--;--;--
2019;Sudeste;SP;3523107;Itaquaquecetuba;Total;Privada;0,3;0;0,9;0;--;--
2019;Sudeste;SP;3523107;Itaquaquecetuba;Urbana;Privada;0,3;0;0,9;0;--;--
2019;Sudeste;SP;3523107;Itaquaquecetuba;Total;Pública;2,2;2,6;3,3;1,3;--;0
2019;Sudeste;SP;3523107;Itaquaquecetuba;Urbana;Pública;2,2;2,6;3,3;1,3;--;0
2019;Sudeste;SP;3523206;Itararé;Total;Total;2,5;2,6;3,8;1,1;--;--
2019;Sudeste;SP;3523206;Itararé;Urbana;Total;2,7;2,8;3,8;1,1;--;--
2019;Sudeste;SP;3523206;Itararé;Rural;Total;0,7;0;2,7;0;--;--
2019;Sudeste;SP;3523206;Itararé;Total;Estadual;2,7;2,7;3,9;1,1;--;--
2019;Sudeste;SP;3523206;Itararé;Urbana;Estadual;2,9;3;4,1;1,2;--;--
2019;Sudeste;SP;3523206;Itararé;Rural;Estadual;0,7;0;2,7;0;--;--
2019;Sudeste;SP;3523206;Itararé;Total;Municipal;--;--;--;--;--;--
2019;Sudeste;SP;3523206;Itararé;Urbana;Municipal;--;--;--;--;--;--
2019;Sudeste;SP;3523206;Itararé;Rural;Municipal;--;--;--;--;--;--
2019;Sudeste;SP;3523206;Itararé;Total;Privada;0;0;0;0;--;--
2019;Sudeste;SP;3523206;Itararé;Urbana;Privada;0;0;0;0;--;--
2019;Sudeste;SP;3523206;Itararé;Total;Pública;2,7;2,7;3,9;1,1;--;--
2019;Sudeste;SP;3523206;Itararé;Urbana;Pública;2,9;3;4,1;1,2;--;--
2019;Sudeste;SP;3523206;Itararé;Rural;Pública;0,7;0;2,7;0;--;--
2019;Sudeste;SP;3523305;Itariri;Total;Total;0;0;0;0;--;--
2019;Sudeste;SP;3523305;Itariri;Urbana;Total;0;0;0;0;--;--
2019;Sudeste;SP;3523305;Itariri;Rural;Total;0;0;0;0;--;--
2019;Sudeste;SP;3523305;Itariri;Total;Estadual;0;0;0;0;--;--
2019;Sudeste;SP;3523305;Itariri;Urbana;Estadual;0;0;0;0;--;--
2019;Sudeste;SP;3523305;Itariri;Rural;Estadual;0;0;0;0;--;--
2019;Sudeste;SP;3523305;Itariri;Total;Municipal;--;--;--;--;--;--
2019;Sudeste;SP;3523305;Itariri;Urbana;Municipal;--;--;--;--;--;--
2019;Sudeste;SP;3523305;Itariri;Rural;Municipal;--;--;--;--;--;--
2019;Sudeste;SP;3523305;Itariri;Total;Pública;0;0;0;0;--;--
2019;Sudeste;SP;3523305;Itariri;Urbana;Pública;0;0;0;0;--;--
2019;Sudeste;SP;3523305;Itariri;Rural;Pública;0;0;0;0;--;--
2019;Sudeste;SP;3523404;Itatiba;Total;Total;1,7;2,4;2,1;0,7;--;--
2019;Sudeste;SP;3523404;Itatiba;Urbana;Total;1,7;2,4;2,1;0,7;--;--
2019;Sudeste;SP;3523404;Itatiba;Rural;Total;--;--;--;--;--;--
2019;Sudeste;SP;3523404;Itatiba;Total;Estadual;2,1;3;2,6;0,9;--;--
2019;Sudeste;SP;3523404;Itatiba;Urbana;Estadual;2,1;3;2,6;0,9;--;--
2019;Sudeste;SP;3523404;Itatiba;Total;Municipal;--;--;--;--;--;--
2019;Sudeste;SP;3523404;Itatiba;Urbana;Municipal;--;--;--;--;--;--
2019;Sudeste;SP;3523404;Itatiba;Rural;Municipal;--;--;--;--;--;--
2019;Sudeste;SP;3523404;Itatiba;Total;Privada;0;0;0;0;--;--
2019;Sudeste;SP;3523404;Itatiba;Urbana;Privada;0;0;0;0;--;--
2019;Sudeste;SP;3523404;Itatiba;Total;Pública;2,1;3;2,6;0,9;--;--
2019;Sudeste;SP;3523404;Itatiba;Urbana;Pública;2,1;3;2,6;0,9;--;--
2019;Sudeste;SP;3523404;Itatiba;Rural;Pública;--;--;--;--;--;--
2019;Sudeste;SP;3523503;Itatinga;Total;Total;4,3;5,8;4,4;1,6;--;--
2019;Sudeste;SP;3523503;Itatinga;Urbana;Total;4,3;5,8;4,4;1,6;--;--
2019;Sudeste;SP;3523503;Itatinga;Total;Estadual;4,3;5,8;4,4;1,6;--;--
2019;Sudeste;SP;3523503;Itatinga;Urbana;Estadual;4,3;5,8;4,4;1,6;--;--
2019;Sudeste;SP;3523503;Itatinga;Total;Municipal;--;--;--;--;--;--
2019;Sudeste;SP;3523503;Itatinga;Urbana;Municipal;--;--;--;--;--;--
2019;Sudeste;SP;3523503;Itatinga;Total;Privada;--;--;--;--;--;--
2019;Sudeste;SP;3523503;Itatinga;Urbana;Privada;--;--;--;--;--;--
2019;Sudeste;SP;3523503;Itatinga;Total;Pública;4,3;5,8;4,4;1,6;--;--
2019;Sudeste;SP;3523503;Itatinga;Urbana;Pública;4,3;5,8;4,4;1,6;--;--
2019;Sudeste;SP;3523602;Itirapina;Total;Total;0;0;0;0;--;--
2019;Sudeste;SP;3523602;Itirapina;Urbana;Total;0;0;0;0;--;--
2019;Sudeste;SP;3523602;Itirapina;Total;Estadual;0;0;0;0;--;--
2019;Sudeste;SP;3523602;Itirapina;Urbana;Estadual;0;0;0;0;--;--
2019;Sudeste;SP;3523602;Itirapina;Total;Municipal;--;--;--;--;--;--
2019;Sudeste;SP;3523602;Itirapina;Urbana;Municipal;--;--;--;--;--;--
2019;Sudeste;SP;3523602;Itirapina;Total;Pública;0;0;0;0;--;--
2019;Sudeste;SP;3523602;Itirapina;Urbana;Pública;0;0;0;0;--;--
2019;Sudeste;SP;3523701;Itirapuã;Total;Total;5,7;5,2;8,3;3,1;--;--
2019;Sudeste;SP;3523701;Itirapuã;Urbana;Total;5,7;5,2;8,3;3,1;--;--
2019;Sudeste;SP;3523701;Itirapuã;Total;Estadual;5,7;5,2;8,3;3,1;--;--
2019;Sudeste;SP;3523701;Itirapuã;Urbana;Estadual;5,7;5,2;8,3;3,1;--;--
2019;Sudeste;SP;3523701;Itirapuã;Total;Municipal;--;--;--;--;--;--
2019;Sudeste;SP;3523701;Itirapuã;Urbana;Municipal;--;--;--;--;--;--
2019;Sudeste;SP;3523701;Itirapuã;Total;Pública;5,7;5,2;8,3;3,1;--;--
2019;Sudeste;SP;3523701;Itirapuã;Urbana;Pública;5,7;5,2;8,3;3,1;--;--
2019;Sudeste;SP;3523800;Itobi;Total;Total;17,2;17,9;21,6;10,6;--;--
2019;Sudeste;SP;3523800;Itobi;Urbana;Total;17,2;17,9;21,6;10,6;--;--
2019;Sudeste;SP;3523800;Itobi;Total;Estadual;17,2;17,9;21,6;10,6;--;--
2019;Sudeste;SP;3523800;Itobi;Urbana;Estadual;17,2;17,9;21,6;10,6;--;--
2019;Sudeste;SP;3523800;Itobi;Total;Municipal;--;--;--;--;--;--
2019;Sudeste;SP;3523800;Itobi;Urbana;Municipal;--;--;--;--;--;--
2019;Sudeste;SP;3523800;Itobi;Total;Privada;--;--;--;--;--;--
2019;Sudeste;SP;3523800;Itobi;Urbana;Privada;--;--;--;--;--;--
2019;Sudeste;SP;3523800;Itobi;Total;Pública;17,2;17,9;21,6;10,6;--;--
2019;Sudeste;SP;3523800;Itobi;Urbana;Pública;17,2;17,9;21,6;10,6;--;--
2019;Sudeste;SP;3523909;Itu;Total;Total;0,4;0,2;0,9;0,2;--;--
2019;Sudeste;SP;3523909;Itu;Urbana;Total;0,4;0,2;0,9;0,2;--;--
2019;Sudeste;SP;3523909;Itu;Rural;Total;--;--;--;--;--;--
2019;Sudeste;SP;3523909;Itu;Total;Estadual;0,5;0,3;0,9;0,3;--;--
2019;Sudeste;SP;3523909;Itu;Urbana;Estadual;0,5;0,3;0,9;0,3;--;--
2019;Sudeste;SP;3523909;Itu;Total;Municipal;--;--;--;--;--;--
2019;Sudeste;SP;3523909;Itu;Urbana;Municipal;--;--;--;--;--;--
2019;Sudeste;SP;3523909;Itu;Rural;Municipal;--;--;--;--;--;--
2019;Sudeste;SP;3523909;Itu;Total;Privada;0,1;0;0,4;0;--;--
2019;Sudeste;SP;3523909;Itu;Urbana;Privada;0,1;0;0,4;0;--;--
2019;Sudeste;SP;3523909;Itu;Total;Pública;0,5;0,3;0,9;0,3;--;--
2019;Sudeste;SP;3523909;Itu;Urbana;Pública;0,5;0,3;0,9;0,3;--;--
2019;Sudeste;SP;3523909;Itu;Rural;Pública;--;--;--;--;--;--
2019;Sudeste;SP;3524006;Itupeva;Total;Total;1,7;1,4;1,9;2,1;--;--
2019;Sudeste;SP;3524006;Itupeva;Urbana;Total;1,7;1,4;1,9;2,1;--;--
2019;Sudeste;SP;3524006;Itupeva;Rural;Total;--;--;--;--;--;--
2019;Sudeste;SP;3524006;Itupeva;Total;Estadual;2,1;1,6;2,4;2,4;--;--
2019;Sudeste;SP;3524006;Itupeva;Urbana;Estadual;2,1;1,6;2,4;2,4;--;--
2019;Sudeste;SP;3524006;Itupeva;Total;Municipal;--;--;--;--;--;--
2019;Sudeste;SP;3524006;Itupeva;Urbana;Municipal;--;--;--;--;--;--
2019;Sudeste;SP;3524006;Itupeva;Rural;Municipal;--;--;--;--;--;--
2019;Sudeste;SP;3524006;Itupeva;Total;Privada;0;0;0;0;--;--
2019;Sudeste;SP;3524006;Itupeva;Urbana;Privada;0;0;0;0;--;--
2019;Sudeste;SP;3524006;Itupeva;Total;Pública;2,1;1,6;2,4;2,4;--;--
2019;Sudeste;SP;3524006;Itupeva;Urbana;Pública;2,1;1,6;2,4;2,4;--;--
2019;Sudeste;SP;3524006;Itupeva;Rural;Pública;--;--;--;--;--;--
2019;Sudeste;SP;3524105;Ituverava;Total;Total;0,4;1,1;0,2;0;--;--
2019;Sudeste;SP;3524105;Ituverava;Urbana;Total;0,4;1,1;0,2;0;--;--
2019;Sudeste;SP;3524105;Ituverava;Total;Estadual;0,6;1,4;0,3;0;--;--
2019;Sudeste;SP;3524105;Ituverava;Urbana;Estadual;0,6;1,4;0,3;0;--;--
2019;Sudeste;SP;3524105;Ituverava;Total;Municipal;--;--;--;--;--;--
2019;Sudeste;SP;3524105;Ituverava;Urbana;Municipal;--;--;--;--;--;--
2019;Sudeste;SP;3524105;Ituverava;Total;Privada;0;0;0;0;--;--
2019;Sudeste;SP;3524105;Ituverava;Urbana;Privada;0;0;0;0;--;--
2019;Sudeste;SP;3524105;Ituverava;Total;Pública;0,6;1,4;0,3;0;--;--
2019;Sudeste;SP;3524105;Ituverava;Urbana;Pública;0,6;1,4;0,3;0;--;--
2019;Sudeste;SP;3524204;Jaborandi;Total;Total;0;0;0;0;--;--
2019;Sudeste;SP;3524204;Jaborandi;Urbana;Total;0;0;0;0;--;--
2019;Sudeste;SP;3524204;Jaborandi;Total;Estadual;0;0;0;0;--;--
2019;Sudeste;SP;3524204;Jaborandi;Urbana;Estadual;0;0;0;0;--;--
2019;Sudeste;SP;3524204;Jaborandi;Total;Municipal;--;--;--;--;--;--
2019;Sudeste;SP;3524204;Jaborandi;Urbana;Municipal;--;--;--;--;--;--
2019;Sudeste;SP;3524204;Jaborandi;Total;Pública;0;0;0;0;--;--
2019;Sudeste;SP;3524204;Jaborandi;Urbana;Pública;0;0;0;0;--;--
2019;Sudeste;SP;3524303;Jaboticabal;Total;Total;3,7;4;4,3;2,8;--;--
2019;Sudeste;SP;3524303;Jaboticabal;Urbana;Total;4;4,1;4,6;3;--;--
2019;Sudeste;SP;3524303;Jaboticabal;Rural;Total;0;0;0;0;--;--
2019;Sudeste;SP;3524303;Jaboticabal;Total;Estadual;5,2;5,4;6;4;--;--
2019;Sudeste;SP;3524303;Jaboticabal;Urbana;Estadual;5,7;5,9;6,8;4,4;--;--
2019;Sudeste;SP;3524303;Jaboticabal;Rural;Estadual;0;0;0;0;--;--
2019;Sudeste;SP;3524303;Jaboticabal;Total;Municipal;--;--;--;--;--;--
2019;Sudeste;SP;3524303;Jaboticabal;Urbana;Municipal;--;--;--;--;--;--
2019;Sudeste;SP;3524303;Jaboticabal;Total;Privada;0,3;0,4;0,3;0,4;--;--
2019;Sudeste;SP;3524303;Jaboticabal;Urbana;Privada;0,3;0,4;0,3;0,4;--;--
2019;Sudeste;SP;3524303;Jaboticabal;Total;Pública;5,2;5,4;6;4;--;--
2019;Sudeste;SP;3524303;Jaboticabal;Urbana;Pública;5,7;5,9;6,8;4,4;--;--
2019;Sudeste;SP;3524303;Jaboticabal;Rural;Pública;0;0;0;0;--;--
2019;Sudeste;SP;3524402;Jacareí;Total;Total;1;0,8;1,1;0,9;--;7,7
2019;Sudeste;SP;3524402;Jacareí;Urbana;Total;0,9;0,8;1,1;0,9;--;--
2019;Sudeste;SP;3524402;Jacareí;Rural;Total;2;0;0;2,3;--;7,7
2019;Sudeste;SP;3524402;Jacareí;Total;Federal;0;0;0;0;--;--
2019;Sudeste;SP;3524402;Jacareí;Urbana;Federal;0;0;0;0;--;--
2019;Sudeste;SP;3524402;Jacareí;Total;Estadual;1,1;1;1,4;1,2;--;7,7
2019;Sudeste;SP;3524402;Jacareí;Urbana;Estadual;1,2;1;1,4;1,1;--;--
2019;Sudeste;SP;3524402;Jacareí;Rural;Estadual;2;0;0;2,3;--;7,7
2019;Sudeste;SP;3524402;Jacareí;Total;Municipal;--;--;--;--;--;--
2019;Sudeste;SP;3524402;Jacareí;Urbana;Municipal;--;--;--;--;--;--
2019;Sudeste;SP;3524402;Jacareí;Rural;Municipal;--;--;--;--;--;--
2019;Sudeste;SP;3524402;Jacareí;Total;Privada;0;0;0;0;--;--
2019;Sudeste;SP;3524402;Jacareí;Urbana;Privada;0;0;0;0;--;--
2019;Sudeste;SP;3524402;Jacareí;Total;Pública;1,1;1;1,3;1,1;--;7,7
2019;Sudeste;SP;3524402;Jacareí;Urbana;Pública;1,1;0,9;1,4;1;--;--
2019;Sudeste;SP;3524402;Jacareí;Rural;Pública;2;0;0;2,3;--;7,7
2019;Sudeste;SP;3524501;Jaci;Total;Total;0;0;0;0;--;--
2019;Sudeste;SP;3524501;Jaci;Urbana;Total;0;0;0;0;--;--
2019;Sudeste;SP;3524501;Jaci;Total;Estadual;0;0;0;0;--;--
2019;Sudeste;SP;3524501;Jaci;Urbana;Estadual;0;0;0;0;--;--
2019;Sudeste;SP;3524501;Jaci;Total;Municipal;--;--;--;--;--;--
2019;Sudeste;SP;3524501;Jaci;Urbana;Municipal;--;--;--;--;--;--
2019;Sudeste;SP;3524501;Jaci;Total;Pública;0;0;0;0;--;--
2019;Sudeste;SP;3524501;Jaci;Urbana;Pública;0;0;0;0;--;--
2019;Sudeste;SP;3524600;Jacupiranga;Total;Total;0;0;0;0;--;--
2019;Sudeste;SP;3524600;Jacupiranga;Urbana;Total;0;0;0;0;--;--
2019;Sudeste;SP;3524600;Jacupiranga;Rural;Total;--;--;--;--;--;--
2019;Sudeste;SP;3524600;Jacupiranga;Total;Estadual;0;0;0;0;--;--
2019;Sudeste;SP;3524600;Jacupiranga;Urbana;Estadual;0;0;0;0;--;--
2019;Sudeste;SP;3524600;Jacupiranga;Total;Municipal;--;--;--;--;--;--
2019;Sudeste;SP;3524600;Jacupiranga;Urbana;Municipal;--;--;--;--;--;--
2019;Sudeste;SP;3524600;Jacupiranga;Rural;Municipal;--;--;--;--;--;--
2019;Sudeste;SP;3524600;Jacupiranga;Total;Pública;0;0;0;0;--;--
2019;Sudeste;SP;3524600;Jacupiranga;Urbana;Pública;0;0;0;0;--;--
2019;Sudeste;SP;3524600;Jacupiranga;Rural;Pública;--;--;--;--;--;--
2019;Sudeste;SP;3524709;Jaguariúna;Total;Total;0;0,2;0;0;--;--
2019;Sudeste;SP;3524709;Jaguariúna;Urbana;Total;0;0,2;0;0;--;--
2019;Sudeste;SP;3524709;Jaguariúna;Rural;Total;--;--;--;--;--;--
2019;Sudeste;SP;3524709;Jaguariúna;Total;Estadual;0,1;0,1;0;0;--;--
2019;Sudeste;SP;3524709;Jaguariúna;Urbana;Estadual;0,1;0,1;0;0;--;--
2019;Sudeste;SP;3524709;Jaguariúna;Total;Municipal;--;--;--;--;--;--
2019;Sudeste;SP;3524709;Jaguariúna;Urbana;Municipal;--;--;--;--;--;--
2019;Sudeste;SP;3524709;Jaguariúna;Rural;Municipal;--;--;--;--;--;--
2019;Sudeste;SP;3524709;Jaguariúna;Total;Privada;0;0;0;0;--;--
2019;Sudeste;SP;3524709;Jaguariúna;Urbana;Privada;0;0;0;0;--;--
2019;Sudeste;SP;3524709;Jaguariúna;Total;Pública;0,1;0,1;0;0;--;--
2019;Sudeste;SP;3524709;Jaguariúna;Urbana;Pública;0,1;0,1;0;0;--;--
2019;Sudeste;SP;3524709;Jaguariúna;Rural;Pública;--;--;--;--;--;--
2019;Sudeste;SP;3524808;Jales;Total;Total;0,2;0,3;0;0,2;--;--
2019;Sudeste;SP;3524808;Jales;Urbana;Total;0,2;0,5;0;0,2;--;--
2019;Sudeste;SP;3524808;Jales;Rural;Total;0;0;0;0;--;--
2019;Sudeste;SP;3524808;Jales;Total;Estadual;0,2;0,4;0;0,2;--;--
2019;Sudeste;SP;3524808;Jales;Urbana;Estadual;0,2;0,5;0;0,3;--;--
2019;Sudeste;SP;3524808;Jales;Rural;Estadual;0;0;0;0;--;--
2019;Sudeste;SP;3524808;Jales;Total;Municipal;--;--;--;--;--;--
2019;Sudeste;SP;3524808;Jales;Urbana;Municipal;--;--;--;--;--;--
2019;Sudeste;SP;3524808;Jales;Total;Privada;0;0;0;0;--;--
2019;Sudeste;SP;3524808;Jales;Urbana;Privada;0;0;0;0;--;--
2019;Sudeste;SP;3524808;Jales;Total;Pública;0,2;0,4;0;0,2;--;--
2019;Sudeste;SP;3524808;Jales;Urbana;Pública;0,2;0,5;0;0,3;--;--
2019;Sudeste;SP;3524808;Jales;Rural;Pública;0;0;0;0;--;--
2019;Sudeste;SP;3524907;Jambeiro;Total;Total;2,2;0;1,3;4,8;--;--
2019;Sudeste;SP;3524907;Jambeiro;Urbana;Total;2,2;0;1,3;4,8;--;--
2019;Sudeste;SP;3524907;Jambeiro;Rural;Total;--;--;--;--;--;--
2019;Sudeste;SP;3524907;Jambeiro;Total;Estadual;2,2;0;1,3;4,8;--;--
2019;Sudeste;SP;3524907;Jambeiro;Urbana;Estadual;2,2;0;1,3;4,8;--;--
2019;Sudeste;SP;3524907;Jambeiro;Total;Municipal;--;--;--;--;--;--
2019;Sudeste;SP;3524907;Jambeiro;Urbana;Municipal;--;--;--;--;--;--
2019;Sudeste;SP;3524907;Jambeiro;Rural;Municipal;--;--;--;--;--;--
2019;Sudeste;SP;3524907;Jambeiro;Total;Pública;2,2;0;1,3;4,8;--;--
2019;Sudeste;SP;3524907;Jambeiro;Urbana;Pública;2,2;0;1,3;4,8;--;--
2019;Sudeste;SP;3524907;Jambeiro;Rural;Pública;--;--;--;--;--;--
2019;Sudeste;SP;3525003;Jandira;Total;Total;2,2;2,2;2,7;1,8;--;0
2019;Sudeste;SP;3525003;Jandira;Urbana;Total;2,2;2,2;2,7;1,8;--;0
2019;Sudeste;SP;3525003;Jandira;Total;Estadual;2,3;2,4;2,7;1,9;--;--
2019;Sudeste;SP;3525003;Jandira;Urbana;Estadual;2,3;2,4;2,7;1,9;--;--
2019;Sudeste;SP;3525003;Jandira;Total;Municipal;--;--;--;--;--;--
2019;Sudeste;SP;3525003;Jandira;Urbana;Municipal;--;--;--;--;--;--
2019;Sudeste;SP;3525003;Jandira;Total;Privada;0;0;0;0;--;0
2019;Sudeste;SP;3525003;Jandira;Urbana;Privada;0;0;0;0;--;0
2019;Sudeste;SP;3525003;Jandira;Total;Pública;2,3;2,4;2,7;1,9;--;--
2019;Sudeste;SP;3525003;Jandira;Urbana;Pública;2,3;2,4;2,7;1,9;--;--
2019;Sudeste;SP;3525102;Jardinópolis;Total;Total;2,2;3,9;1,3;1,2;--;--
2019;Sudeste;SP;3525102;Jardinópolis;Urbana;Total;2,2;3,9;1,3;1,2;--;--
2019;Sudeste;SP;3525102;Jardinópolis;Total;Estadual;2,8;4,9;1,7;1,6;--;--
2019;Sudeste;SP;3525102;Jardinópolis;Urbana;Estadual;2,8;4,9;1,7;1,6;--;--
2019;Sudeste;SP;3525102;Jardinópolis;Total;Municipal;--;--;--;--;--;--
2019;Sudeste;SP;3525102;Jardinópolis;Urbana;Municipal;--;--;--;--;--;--
2019;Sudeste;SP;3525102;Jardinópolis;Total;Privada;0;0;0;0;--;--
2019;Sudeste;SP;3525102;Jardinópolis;Urbana;Privada;0;0;0;0;--;--
2019;Sudeste;SP;3525102;Jardinópolis;Total;Pública;2,8;4,9;1,7;1,6;--;--
2019;Sudeste;SP;3525102;Jardinópolis;Urbana;Pública;2,8;4,9;1,7;1,6;--;--
2019;Sudeste;SP;3525201;Jarinu;Total;Total;0,7;0,5;1,6;0,2;--;--
2019;Sudeste;SP;3525201;Jarinu;Urbana;Total;0,4;0,4;0,7;0;--;--
2019;Sudeste;SP;3525201;Jarinu;Rural;Total;2;1;3,7;1,2;--;--
2019;Sudeste;SP;3525201;Jarinu;Total;Estadual;0,8;0,6;1,6;0,3;--;--
2019;Sudeste;SP;3525201;Jarinu;Urbana;Estadual;0,3;0,4;0,7;0;--;--
2019;Sudeste;SP;3525201;Jarinu;Rural;Estadual;2,2;1,1;3,9;1,3;--;--
2019;Sudeste;SP;3525201;Jarinu;Total;Municipal;--;--;--;--;--;--
2019;Sudeste;SP;3525201;Jarinu;Urbana;Municipal;--;--;--;--;--;--
2019;Sudeste;SP;3525201;Jarinu;Rural;Municipal;--;--;--;--;--;--
2019;Sudeste;SP;3525201;Jarinu;Total;Privada;0;0;0;0;--;--
2019;Sudeste;SP;3525201;Jarinu;Urbana;Privada;0;0;0;0;--;--
2019;Sudeste;SP;3525201;Jarinu;Rural;Privada;0;0;0;0;--;--
2019;Sudeste;SP;3525201;Jarinu;Total;Pública;0,8;0,6;1,6;0,3;--;--
2019;Sudeste;SP;3525201;Jarinu;Urbana;Pública;0,3;0,4;0,7;0;--;--
2019;Sudeste;SP;3525201;Jarinu;Rural;Pública;2,2;1,1;3,9;1,3;--;--
2019;Sudeste;SP;3525300;Jaú;Total;Total;1,3;1,5;1,9;0,9;--;--
2019;Sudeste;SP;3525300;Jaú;Urbana;Total;1,4;1,6;2;0,8;--;--
2019;Sudeste;SP;3525300;Jaú;Rural;Total;0,6;0;0;2;--;--
2019;Sudeste;SP;3525300;Jaú;Total;Estadual;1,7;1,9;2,4;1,1;--;--
2019;Sudeste;SP;3525300;Jaú;Urbana;Estadual;1,8;2;2,6;1,1;--;--
2019;Sudeste;SP;3525300;Jaú;Rural;Estadual;0,6;0;0;2;--;--
2019;Sudeste;SP;3525300;Jaú;Total;Municipal;--;--;--;--;--;--
2019;Sudeste;SP;3525300;Jaú;Urbana;Municipal;--;--;--;--;--;--
2019;Sudeste;SP;3525300;Jaú;Total;Privada;0;0;0;0;--;--
2019;Sudeste;SP;3525300;Jaú;Urbana;Privada;0;0;0;0;--;--
2019;Sudeste;SP;3525300;Jaú;Total;Pública;1,7;1,9;2,4;1,1;--;--
2019;Sudeste;SP;3525300;Jaú;Urbana;Pública;1,8;2;2,6;1,1;--;--
2019;Sudeste;SP;3525300;Jaú;Rural;Pública;0,6;0;0;2;--;--
2019;Sudeste;SP;3525409;Jeriquara;Total;Total;0;0;0;0;--;--
2019;Sudeste;SP;3525409;Jeriquara;Urbana;Total;0;0;0;0;--;--
2019;Sudeste;SP;3525409;Jeriquara;Total;Estadual;0;0;0;0;--;--
2019;Sudeste;SP;3525409;Jeriquara;Urbana;Estadual;0;0;0;0;--;--
2019;Sudeste;SP;3525409;Jeriquara;Total;Municipal;--;--;--;--;--;--
2019;Sudeste;SP;3525409;Jeriquara;Urbana;Municipal;--;--;--;--;--;--
2019;Sudeste;SP;3525409;Jeriquara;Total;Pública;0;0;0;0;--;--
2019;Sudeste;SP;3525409;Jeriquara;Urbana;Pública;0;0;0;0;--;--
2019;Sudeste;SP;3525508;Joanópolis;Total;Total;0;0;0;0;--;--
2019;Sudeste;SP;3525508;Joanópolis;Urbana;Total;0;0;0;0;--;--
2019;Sudeste;SP;3525508;Joanópolis;Rural;Total;--;--;--;--;--;--
2019;Sudeste;SP;3525508;Joanópolis;Total;Estadual;0;0;0;0;--;--
2019;Sudeste;SP;3525508;Joanópolis;Urbana;Estadual;0;0;0;0;--;--
2019;Sudeste;SP;3525508;Joanópolis;Total;Municipal;--;--;--;--;--;--
2019;Sudeste;SP;3525508;Joanópolis;Urbana;Municipal;--;--;--;--;--;--
2019;Sudeste;SP;3525508;Joanópolis;Rural;Municipal;--;--;--;--;--;--
2019;Sudeste;SP;3525508;Joanópolis;Total;Privada;--;--;--;--;--;--
2019;Sudeste;SP;3525508;Joanópolis;Urbana;Privada;--;--;--;--;--;--
2019;Sudeste;SP;3525508;Joanópolis;Total;Pública;0;0;0;0;--;--
2019;Sudeste;SP;3525508;Joanópolis;Urbana;Pública;0;0;0;0;--;--
2019;Sudeste;SP;3525508;Joanópolis;Rural;Pública;--;--;--;--;--;--
2019;Sudeste;SP;3525607;João Ramalho;Total;Total;1,7;2,1;2,4;0;--;--
2019;Sudeste;SP;3525607;João Ramalho;Urbana;Total;1,7;2,1;2,4;0;--;--
2019;Sudeste;SP;3525607;João Ramalho;Total;Estadual;1,7;2,1;2,4;0;--;--
2019;Sudeste;SP;3525607;João Ramalho;Urbana;Estadual;1,7;2,1;2,4;0;--;--
2019;Sudeste;SP;3525607;João Ramalho;Total;Municipal;--;--;--;--;--;--
2019;Sudeste;SP;3525607;João Ramalho;Urbana;Municipal;--;--;--;--;--;--
2019;Sudeste;SP;3525607;João Ramalho;Total;Pública;1,7;2,1;2,4;0;--;--
2019;Sudeste;SP;3525607;João Ramalho;Urbana;Pública;1,7;2,1;2,4;0;--;--
2019;Sudeste;SP;3525706;José Bonifácio;Total;Total;0,2;0,7;0;0;--;--
2019;Sudeste;SP;3525706;José Bonifácio;Urbana;Total;0,2;0,7;0;0;--;--
2019;Sudeste;SP;3525706;José Bonifácio;Rural;Total;--;--;--;--;--;--
2019;Sudeste;SP;3525706;José Bonifácio;Total;Estadual;0,3;0,8;0;0;--;--
2019;Sudeste;SP;3525706;José Bonifácio;Urbana;Estadual;0,3;0,8;0;0;--;--
2019;Sudeste;SP;3525706;José Bonifácio;Total;Municipal;--;--;--;--;--;--
2019;Sudeste;SP;3525706;José Bonifácio;Urbana;Municipal;--;--;--;--;--;--
2019;Sudeste;SP;3525706;José Bonifácio;Rural;Municipal;--;--;--;--;--;--
2019;Sudeste;SP;3525706;José Bonifácio;Total;Privada;0;0;0;0;--;--
2019;Sudeste;SP;3525706;José Bonifácio;Urbana;Privada;0;0;0;0;--;--
2019;Sudeste;SP;3525706;José Bonifácio;Total;Pública;0,3;0,8;0;0;--;--
2019;Sudeste;SP;3525706;José Bonifácio;Urbana;Pública;0,3;0,8;0;0;--;--
2019;Sudeste;SP;3525706;José Bonifácio;Rural;Pública;--;--;--;--;--;--
2019;Sudeste;SP;3525805;Júlio Mesquita;Total;Total;0;0;0;0;--;--
2019;Sudeste;SP;3525805;Júlio Mesquita;Urbana;Total;0;0;0;0;--;--
2019;Sudeste;SP;3525805;Júlio Mesquita;Total;Estadual;0;0;0;0;--;--
2019;Sudeste;SP;3525805;Júlio Mesquita;Urbana;Estadual;0;0;0;0;--;--
2019;Sudeste;SP;3525805;Júlio Mesquita;Total;Municipal;--;--;--;--;--;--
2019;Sudeste;SP;3525805;Júlio Mesquita;Urbana;Municipal;--;--;--;--;--;--
2019;Sudeste;SP;3525805;Júlio Mesquita;Total;Pública;0;0;0;0;--;--
2019;Sudeste;SP;3525805;Júlio Mesquita;Urbana;Pública;0;0;0;0;--;--
2019;Sudeste;SP;3525854;Jumirim;Total;Total;0;0;0;0;--;--
2019;Sudeste;SP;3525854;Jumirim;Urbana;Total;0;0;0;0;--;--
2019;Sudeste;SP;3525854;Jumirim;Total;Estadual;0;0;0;0;--;--
2019;Sudeste;SP;3525854;Jumirim;Urbana;Estadual;0;0;0;0;--;--
2019;Sudeste;SP;3525854;Jumirim;Total;Municipal;--;--;--;--;--;--
2019;Sudeste;SP;3525854;Jumirim;Urbana;Municipal;--;--;--;--;--;--
2019;Sudeste;SP;3525854;Jumirim;Total;Pública;0;0;0;0;--;--
2019;Sudeste;SP;3525854;Jumirim;Urbana;Pública;0;0;0;0;--;--
2019;Sudeste;SP;3525904;Jundiaí;Total;Total;1,1;1,4;1,2;0,5;--;0
2019;Sudeste;SP;3525904;Jundiaí;Urbana;Total;1,1;1,4;1,2;0,5;--;--
2019;Sudeste;SP;3525904;Jundiaí;Rural;Total;0;--;--;--;--;0
2019;Sudeste;SP;3525904;Jundiaí;Total;Federal;0;0;0;--;--;--
2019;Sudeste;SP;3525904;Jundiaí;Urbana;Federal;0;0;0;--;--;--
2019;Sudeste;SP;3525904;Jundiaí;Total;Estadual;1,4;1,8;1,6;0,7;--;0
2019;Sudeste;SP;3525904;Jundiaí;Urbana;Estadual;1,4;1,8;1,6;0,7;--;--
2019;Sudeste;SP;3525904;Jundiaí;Rural;Estadual;0;--;--;--;--;0
2019;Sudeste;SP;3525904;Jundiaí;Total;Municipal;--;--;--;--;--;--
2019;Sudeste;SP;3525904;Jundiaí;Urbana;Municipal;--;--;--;--;--;--
2019;Sudeste;SP;3525904;Jundiaí;Rural;Municipal;--;--;--;--;--;--
2019;Sudeste;SP;3525904;Jundiaí;Total;Privada;0;0,2;0;0;--;--
2019;Sudeste;SP;3525904;Jundiaí;Urbana;Privada;0;0,2;0;0;--;--
2019;Sudeste;SP;3525904;Jundiaí;Total;Pública;1,4;1,8;1,6;0,7;--;0
2019;Sudeste;SP;3525904;Jundiaí;Urbana;Pública;1,4;1,8;1,6;0,7;--;--
2019;Sudeste;SP;3525904;Jundiaí;Rural;Pública;0;--;--;--;--;0
2019;Sudeste;SP;3526001;Junqueirópolis;Total;Total;0;0;0;0;--;--
2019;Sudeste;SP;3526001;Junqueirópolis;Urbana;Total;0;0;0;0;--;--
2019;Sudeste;SP;3526001;Junqueirópolis;Total;Estadual;0;0;0;0;--;--
2019;Sudeste;SP;3526001;Junqueirópolis;Urbana;Estadual;0;0;0;0;--;--
2019;Sudeste;SP;3526001;Junqueirópolis;Total;Municipal;--;--;--;--;--;--
2019;Sudeste;SP;3526001;Junqueirópolis;Urbana;Municipal;--;--;--;--;--;--
2019;Sudeste;SP;3526001;Junqueirópolis;Total;Privada;0;0;0;0;--;--
2019;Sudeste;SP;3526001;Junqueirópolis;Urbana;Privada;0;0;0;0;--;--
2019;Sudeste;SP;3526001;Junqueirópolis;Total;Pública;0;0;0;0;--;--
2019;Sudeste;SP;3526001;Junqueirópolis;Urbana;Pública;0;0;0;0;--;--
2019;Sudeste;SP;3526100;Juquiá;Total;Total;0,5;0;1,6;0;--;--
2019;Sudeste;SP;3526100;Juquiá;Urbana;Total;0,6;0;1,8;0;--;--
2019;Sudeste;SP;3526100;Juquiá;Rural;Total;0;0;0;0;--;--
2019;Sudeste;SP;3526100;Juquiá;Total;Estadual;0,5;0;1,7;0;--;--
2019;Sudeste;SP;3526100;Juquiá;Urbana;Estadual;0,6;0;1,9;0;--;--
2019;Sudeste;SP;3526100;Juquiá;Rural;Estadual;0;0;0;0;--;--
2019;Sudeste;SP;3526100;Juquiá;Total;Municipal;--;--;--;--;--;--
2019;Sudeste;SP;3526100;Juquiá;Urbana;Municipal;--;--;--;--;--;--
2019;Sudeste;SP;3526100;Juquiá;Rural;Municipal;--;--;--;--;--;--
2019;Sudeste;SP;3526100;Juquiá;Total;Privada;0;0;0;0;--;--
2019;Sudeste;SP;3526100;Juquiá;Urbana;Privada;0;0;0;0;--;--
2019;Sudeste;SP;3526100;Juquiá;Total;Pública;0,5;0;1,7;0;--;--
2019;Sudeste;SP;3526100;Juquiá;Urbana;Pública;0,6;0;1,9;0;--;--
2019;Sudeste;SP;3526100;Juquiá;Rural;Pública;0;0;0;0;--;--
2019;Sudeste;SP;3526209;Juquitiba;Total;Total;2,3;1,3;3,4;2,3;--;--
2019;Sudeste;SP;3526209;Juquitiba;Urbana;Total;2,3;1,3;3,4;2,3;--;--
2019;Sudeste;SP;3526209;Juquitiba;Rural;Total;--;--;--;--;--;--
2019;Sudeste;SP;3526209;Juquitiba;Total;Estadual;2,4;1,3;3,5;2,4;--;--
2019;Sudeste;SP;3526209;Juquitiba;Urbana;Estadual;2,4;1,3;3,5;2,4;--;--
2019;Sudeste;SP;3526209;Juquitiba;Rural;Estadual;--;--;--;--;--;--
2019;Sudeste;SP;3526209;Juquitiba;Total;Municipal;--;--;--;--;--;--
2019;Sudeste;SP;3526209;Juquitiba;Urbana;Municipal;--;--;--;--;--;--
2019;Sudeste;SP;3526209;Juquitiba;Rural;Municipal;--;--;--;--;--;--
2019;Sudeste;SP;3526209;Juquitiba;Total;Privada;0;0;0;0;--;--
2019;Sudeste;SP;3526209;Juquitiba;Urbana;Privada;0;0;0;0;--;--
2019;Sudeste;SP;3526209;Juquitiba;Total;Pública;2,4;1,3;3,5;2,4;--;--
2019;Sudeste;SP;3526209;Juquitiba;Urbana;Pública;2,4;1,3;3,5;2,4;--;--
2019;Sudeste;SP;3526209;Juquitiba;Rural;Pública;--;--;--;--;--;--
2019;Sudeste;SP;3526308;Lagoinha;Total;Total;1,1;1,6;0;1,8;--;--
2019;Sudeste;SP;3526308;Lagoinha;Urbana;Total;1,1;1,6;0;1,8;--;--
2019;Sudeste;SP;3526308;Lagoinha;Total;Estadual;1,1;1,6;0;1,8;--;--
2019;Sudeste;SP;3526308;Lagoinha;Urbana;Estadual;1,1;1,6;0;1,8;--;--
2019;Sudeste;SP;3526308;Lagoinha;Total;Municipal;--;--;--;--;--;--
2019;Sudeste;SP;3526308;Lagoinha;Urbana;Municipal;--;--;--;--;--;--
2019;Sudeste;SP;3526308;Lagoinha;Total;Pública;1,1;1,6;0;1,8;--;--
2019;Sudeste;SP;3526308;Lagoinha;Urbana;Pública;1,1;1,6;0;1,8;--;--
2019;Sudeste;SP;3526407;Laranjal Paulista;Total;Total;4,2;5,7;3,9;3;--;--
2019;Sudeste;SP;3526407;Laranjal Paulista;Urbana;Total;4,2;5,7;3,9;3;--;--
2019;Sudeste;SP;3526407;Laranjal Paulista;Rural;Total;--;--;--;--;--;--
2019;Sudeste;SP;3526407;Laranjal Paulista;Total;Estadual;4,5;6;4,2;3,1;--;--
2019;Sudeste;SP;3526407;Laranjal Paulista;Urbana;Estadual;4,5;6;4,2;3,1;--;--
2019;Sudeste;SP;3526407;Laranjal Paulista;Total;Municipal;--;--;--;--;--;--
2019;Sudeste;SP;3526407;Laranjal Paulista;Urbana;Municipal;--;--;--;--;--;--
2019;Sudeste;SP;3526407;Laranjal Paulista;Rural;Municipal;--;--;--;--;--;--
2019;Sudeste;SP;3526407;Laranjal Paulista;Total;Privada;0;0;0;0;--;--
2019;Sudeste;SP;3526407;Laranjal Paulista;Urbana;Privada;0;0;0;0;--;--
2019;Sudeste;SP;3526407;Laranjal Paulista;Total;Pública;4,5;6;4,2;3,1;--;--
2019;Sudeste;SP;3526407;Laranjal Paulista;Urbana;Pública;4,5;6;4,2;3,1;--;--
2019;Sudeste;SP;3526407;Laranjal Paulista;Rural;Pública;--;--;--;--;--;--
2019;Sudeste;SP;3526506;Lavínia;Total;Total;0;0;0;0;--;--
2019;Sudeste;SP;3526506;Lavínia;Urbana;Total;0;0;0;0;--;--
2019;Sudeste;SP;3526506;Lavínia;Total;Estadual;0;0;0;0;--;--
2019;Sudeste;SP;3526506;Lavínia;Urbana;Estadual;0;0;0;0;--;--
2019;Sudeste;SP;3526506;Lavínia;Total;Municipal;--;--;--;--;--;--
2019;Sudeste;SP;3526506;Lavínia;Urbana;Municipal;--;--;--;--;--;--
2019;Sudeste;SP;3526506;Lavínia;Total;Pública;0;0;0;0;--;--
2019;Sudeste;SP;3526506;Lavínia;Urbana;Pública;0;0;0;0;--;--
2019;Sudeste;SP;3526605;Lavrinhas;Total;Total;1,5;2,4;1,6;0;--;--
2019;Sudeste;SP;3526605;Lavrinhas;Urbana;Total;1,5;2,4;1,6;0;--;--
2019;Sudeste;SP;3526605;Lavrinhas;Total;Estadual;1,5;2,4;1,6;0;--;--
2019;Sudeste;SP;3526605;Lavrinhas;Urbana;Estadual;1,5;2,4;1,6;0;--;--
2019;Sudeste;SP;3526605;Lavrinhas;Total;Municipal;--;--;--;--;--;--
2019;Sudeste;SP;3526605;Lavrinhas;Urbana;Municipal;--;--;--;--;--;--
2019;Sudeste;SP;3526605;Lavrinhas;Total;Pública;1,5;2,4;1,6;0;--;--
2019;Sudeste;SP;3526605;Lavrinhas;Urbana;Pública;1,5;2,4;1,6;0;--;--
2019;Sudeste;SP;3526704;Leme;Total;Total;2,9;3,2;2,9;2,5;--;--
2019;Sudeste;SP;3526704;Leme;Urbana;Total;3;3,3;2,8;2,6;--;--
2019;Sudeste;SP;3526704;Leme;Rural;Total;0,9;0;3,8;0;--;--
2019;Sudeste;SP;3526704;Leme;Total;Estadual;3,2;3,5;3,1;2,8;--;--
2019;Sudeste;SP;3526704;Leme;Urbana;Estadual;3,3;3,6;3;2,9;--;--
2019;Sudeste;SP;3526704;Leme;Rural;Estadual;1,6;0;5,3;0;--;--
2019;Sudeste;SP;3526704;Leme;Total;Municipal;--;--;--;--;--;--
2019;Sudeste;SP;3526704;Leme;Urbana;Municipal;--;--;--;--;--;--
2019;Sudeste;SP;3526704;Leme;Rural;Municipal;--;--;--;--;--;--
2019;Sudeste;SP;3526704;Leme;Total;Privada;0;0;0;0;--;--
2019;Sudeste;SP;3526704;Leme;Urbana;Privada;0;0;0;0;--;--
2019;Sudeste;SP;3526704;Leme;Rural;Privada;0;0;0;0;--;--
2019;Sudeste;SP;3526704;Leme;Total;Pública;3,2;3,5;3,1;2,8;--;--
2019;Sudeste;SP;3526704;Leme;Urbana;Pública;3,3;3,6;3;2,9;--;--
2019;Sudeste;SP;3526704;Leme;Rural;Pública;1,6;0;5,3;0;--;--
2019;Sudeste;SP;3526803;Lençóis Paulista;Total;Total;1,7;1,2;2,1;2;--;--
2019;Sudeste;SP;3526803;Lençóis Paulista;Urbana;Total;1,7;1,2;2,1;2;--;--
2019;Sudeste;SP;3526803;Lençóis Paulista;Total;Estadual;2;1,4;2,4;2,3;--;--
2019;Sudeste;SP;3526803;Lençóis Paulista;Urbana;Estadual;2;1,4;2,4;2,3;--;--
2019;Sudeste;SP;3526803;Lençóis Paulista;Total;Municipal;--;--;--;--;--;--
2019;Sudeste;SP;3526803;Lençóis Paulista;Urbana;Municipal;--;--;--;--;--;--
2019;Sudeste;SP;3526803;Lençóis Paulista;Total;Privada;0;0;0;0;--;--
2019;Sudeste;SP;3526803;Lençóis Paulista;Urbana;Privada;0;0;0;0;--;--
2019;Sudeste;SP;3526803;Lençóis Paulista;Total;Pública;2;1,4;2,4;2,3;--;--
2019;Sudeste;SP;3526803;Lençóis Paulista;Urbana;Pública;2;1,4;2,4;2,3;--;--
2019;Sudeste;SP;3526902;Limeira;Total;Total;2,2;2,6;2,7;1,1;--;0
2019;Sudeste;SP;3526902;Limeira;Urbana;Total;2,2;2,7;2,7;1,2;--;--
2019;Sudeste;SP;3526902;Limeira;Rural;Total;1,8;1,2;4,1;0;--;0
2019;Sudeste;SP;3526902;Limeira;Total;Estadual;2,6;3,1;3,3;1,3;--;0
2019;Sudeste;SP;3526902;Limeira;Urbana;Estadual;2,6;3,1;3,2;1,4;--;--
2019;Sudeste;SP;3526902;Limeira;Rural;Estadual;1,8;1,2;4,1;0;--;0
2019;Sudeste;SP;3526902;Limeira;Total;Municipal;--;--;--;--;--;--
2019;Sudeste;SP;3526902;Limeira;Urbana;Municipal;--;--;--;--;--;--
2019;Sudeste;SP;3526902;Limeira;Rural;Municipal;--;--;--;--;--;--
2019;Sudeste;SP;3526902;Limeira;Total;Privada;0;0;0;0;--;--
2019;Sudeste;SP;3526902;Limeira;Urbana;Privada;0;0;0;0;--;--
2019;Sudeste;SP;3526902;Limeira;Rural;Privada;--;--;--;--;--;--
2019;Sudeste;SP;3526902;Limeira;Total;Pública;2,6;3,1;3,3;1,3;--;0
2019;Sudeste;SP;3526902;Limeira;Urbana;Pública;2,6;3,1;3,2;1,4;--;--
2019;Sudeste;SP;3526902;Limeira;Rural;Pública;1,8;1,2;4,1;0;--;0
2019;Sudeste;SP;3527009;Lindóia;Total;Total;0;0;0;0;--;--
2019;Sudeste;SP;3527009;Lindóia;Urbana;Total;0;0;0;0;--;--
2019;Sudeste;SP;3527009;Lindóia;Total;Estadual;0;0;0;0;--;--
2019;Sudeste;SP;3527009;Lindóia;Urbana;Estadual;0;0;0;0;--;--
2019;Sudeste;SP;3527009;Lindóia;Total;Municipal;--;--;--;--;--;--
2019;Sudeste;SP;3527009;Lindóia;Urbana;Municipal;--;--;--;--;--;--
2019;Sudeste;SP;3527009;Lindóia;Total;Pública;0;0;0;0;--;--
2019;Sudeste;SP;3527009;Lindóia;Urbana;Pública;0;0;0;0;--;--
2019;Sudeste;SP;3527108;Lins;Total;Total;1,5;1,3;1,9;1,7;--;0
2019;Sudeste;SP;3527108;Lins;Urbana;Total;1,6;1,3;1,9;1,7;--;--
2019;Sudeste;SP;3527108;Lins;Rural;Total;0;--;--;--;--;0
2019;Sudeste;SP;3527108;Lins;Total;Estadual;2;1,6;2,3;2,2;--;0
2019;Sudeste;SP;3527108;Lins;Urbana;Estadual;2;1,6;2,3;2,2;--;--
2019;Sudeste;SP;3527108;Lins;Rural;Estadual;0;--;--;--;--;0
2019;Sudeste;SP;3527108;Lins;Total;Municipal;--;--;--;--;--;--
2019;Sudeste;SP;3527108;Lins;Urbana;Municipal;--;--;--;--;--;--
2019;Sudeste;SP;3527108;Lins;Total;Privada;0;0;0;0;--;--
2019;Sudeste;SP;3527108;Lins;Urbana;Privada;0;0;0;0;--;--
2019;Sudeste;SP;3527108;Lins;Total;Pública;2;1,6;2,3;2,2;--;0
2019;Sudeste;SP;3527108;Lins;Urbana;Pública;2;1,6;2,3;2,2;--;--
2019;Sudeste;SP;3527108;Lins;Rural;Pública;0;--;--;--;--;0
2019;Sudeste;SP;3527207;Lorena;Total;Total;2,6;3,2;2,8;1,5;--;0
2019;Sudeste;SP;3527207;Lorena;Urbana;Total;2,7;3,3;2,9;1,5;--;--
2019;Sudeste;SP;3527207;Lorena;Rural;Total;0;0;0;0;--;0
2019;Sudeste;SP;3527207;Lorena;Total;Estadual;3,5;4,2;3,9;2,1;--;0
2019;Sudeste;SP;3527207;Lorena;Urbana;Estadual;3,6;4,4;4,1;2,2;--;--
2019;Sudeste;SP;3527207;Lorena;Rural;Estadual;0;0;0;0;--;0
2019;Sudeste;SP;3527207;Lorena;Total;Municipal;--;--;--;--;--;--
2019;Sudeste;SP;3527207;Lorena;Urbana;Municipal;--;--;--;--;--;--
2019;Sudeste;SP;3527207;Lorena;Rural;Municipal;--;--;--;--;--;--
2019;Sudeste;SP;3527207;Lorena;Total;Privada;0;0;0;0;--;--
2019;Sudeste;SP;3527207;Lorena;Urbana;Privada;0;0;0;0;--;--
2019;Sudeste;SP;3527207;Lorena;Rural;Privada;--;--;--;--;--;--
2019;Sudeste;SP;3527207;Lorena;Total;Pública;3,5;4,2;3,9;2,1;--;0
2019;Sudeste;SP;3527207;Lorena;Urbana;Pública;3,6;4,4;4,1;2,2;--;--
2019;Sudeste;SP;3527207;Lorena;Rural;Pública;0;0;0;0;--;0
2019;Sudeste;SP;3527256;Lourdes;Total;Total;0;0;0;0;--;--
2019;Sudeste;SP;3527256;Lourdes;Urbana;Total;0;0;0;0;--;--
2019;Sudeste;SP;3527256;Lourdes;Total;Estadual;0;0;0;0;--;--
2019;Sudeste;SP;3527256;Lourdes;Urbana;Estadual;0;0;0;0;--;--
2019;Sudeste;SP;3527256;Lourdes;Total;Municipal;--;--;--;--;--;--
2019;Sudeste;SP;3527256;Lourdes;Urbana;Municipal;--;--;--;--;--;--
2019;Sudeste;SP;3527256;Lourdes;Total;Pública;0;0;0;0;--;--
2019;Sudeste;SP;3527256;Lourdes;Urbana;Pública;0;0;0;0;--;--
2019;Sudeste;SP;3527306;Louveira;Total;Total;1,9;3,1;1;1,1;--;--
2019;Sudeste;SP;3527306;Louveira;Urbana;Total;1,9;3,1;1;1,1;--;--
2019;Sudeste;SP;3527306;Louveira;Rural;Total;--;--;--;--;--;--
2019;Sudeste;SP;3527306;Louveira;Total;Estadual;1,9;3,1;1;1,1;--;--
2019;Sudeste;SP;3527306;Louveira;Urbana;Estadual;1,9;3,1;1;1,1;--;--
2019;Sudeste;SP;3527306;Louveira;Total;Municipal;--;--;--;--;--;--
2019;Sudeste;SP;3527306;Louveira;Urbana;Municipal;--;--;--;--;--;--
2019;Sudeste;SP;3527306;Louveira;Rural;Municipal;--;--;--;--;--;--
2019;Sudeste;SP;3527306;Louveira;Total;Privada;--;--;--;--;--;--
2019;Sudeste;SP;3527306;Louveira;Urbana;Privada;--;--;--;--;--;--
2019;Sudeste;SP;3527306;Louveira;Total;Pública;1,9;3,1;1;1,1;--;--
2019;Sudeste;SP;3527306;Louveira;Urbana;Pública;1,9;3,1;1;1,1;--;--
2019;Sudeste;SP;3527306;Louveira;Rural;Pública;--;--;--;--;--;--
2019;Sudeste;SP;3527405;Lucélia;Total;Total;0;0;0;0;--;--
2019;Sudeste;SP;3527405;Lucélia;Urbana;Total;0;0;0;0;--;--
2019;Sudeste;SP;3527405;Lucélia;Total;Estadual;0;0;0;0;--;--
2019;Sudeste;SP;3527405;Lucélia;Urbana;Estadual;0;0;0;0;--;--
2019;Sudeste;SP;3527405;Lucélia;Total;Municipal;--;--;--;--;--;--
2019;Sudeste;SP;3527405;Lucélia;Urbana;Municipal;--;--;--;--;--;--
2019;Sudeste;SP;3527405;Lucélia;Total;Pública;0;0;0;0;--;--
2019;Sudeste;SP;3527405;Lucélia;Urbana;Pública;0;0;0;0;--;--
2019;Sudeste;SP;3527504;Lucianópolis;Total;Total;0;0;0;0;--;--
2019;Sudeste;SP;3527504;Lucianópolis;Urbana;Total;0;0;0;0;--;--
2019;Sudeste;SP;3527504;Lucianópolis;Total;Estadual;0;0;0;0;--;--
2019;Sudeste;SP;3527504;Lucianópolis;Urbana;Estadual;0;0;0;0;--;--
2019;Sudeste;SP;3527504;Lucianópolis;Total;Municipal;--;--;--;--;--;--
2019;Sudeste;SP;3527504;Lucianópolis;Urbana;Municipal;--;--;--;--;--;--
2019;Sudeste;SP;3527504;Lucianópolis;Total;Pública;0;0;0;0;--;--
2019;Sudeste;SP;3527504;Lucianópolis;Urbana;Pública;0;0;0;0;--;--
2019;Sudeste;SP;3527603;Luís Antônio;Total;Total;7;9,4;7,3;1,9;--;--
2019;Sudeste;SP;3527603;Luís Antônio;Urbana;Total;7;9,4;7,3;1,9;--;--
2019;Sudeste;SP;3527603;Luís Antônio;Total;Estadual;7,3;10;7,7;2;--;--
2019;Sudeste;SP;3527603;Luís Antônio;Urbana;Estadual;7,3;10;7,7;2;--;--
2019;Sudeste;SP;3527603;Luís Antônio;Total;Municipal;--;--;--;--;--;--
2019;Sudeste;SP;3527603;Luís Antônio;Urbana;Municipal;--;--;--;--;--;--
2019;Sudeste;SP;3527603;Luís Antônio;Total;Privada;0;0;0;0;--;--
2019;Sudeste;SP;3527603;Luís Antônio;Urbana;Privada;0;0;0;0;--;--
2019;Sudeste;SP;3527603;Luís Antônio;Total;Pública;7,3;10;7,7;2;--;--
2019;Sudeste;SP;3527603;Luís Antônio;Urbana;Pública;7,3;10;7,7;2;--;--
2019;Sudeste;SP;3527702;Luiziânia;Total;Total;0;0;0;0;--;--
2019;Sudeste;SP;3527702;Luiziânia;Urbana;Total;0;0;0;0;--;--
2019;Sudeste;SP;3527702;Luiziânia;Total;Estadual;0;0;0;0;--;--
2019;Sudeste;SP;3527702;Luiziânia;Urbana;Estadual;0;0;0;0;--;--
2019;Sudeste;SP;3527702;Luiziânia;Total;Municipal;--;--;--;--;--;--
2019;Sudeste;SP;3527702;Luiziânia;Urbana;Municipal;--;--;--;--;--;--
2019;Sudeste;SP;3527702;Luiziânia;Total;Pública;0;0;0;0;--;--
2019;Sudeste;SP;3527702;Luiziânia;Urbana;Pública;0;0;0;0;--;--
2019;Sudeste;SP;3527801;Lupércio;Total;Total;2,7;9,7;0;0;--;--
2019;Sudeste;SP;3527801;Lupércio;Urbana;Total;2,7;9,7;0;0;--;--
2019;Sudeste;SP;3527801;Lupércio;Total;Estadual;2,7;9,7;0;0;--;--
2019;Sudeste;SP;3527801;Lupércio;Urbana;Estadual;2,7;9,7;0;0;--;--
2019;Sudeste;SP;3527801;Lupércio;Total;Municipal;--;--;--;--;--;--
2019;Sudeste;SP;3527801;Lupércio;Urbana;Municipal;--;--;--;--;--;--
2019;Sudeste;SP;3527801;Lupércio;Total;Pública;2,7;9,7;0;0;--;--
2019;Sudeste;SP;3527801;Lupércio;Urbana;Pública;2,7;9,7;0;0;--;--
2019;Sudeste;SP;3527900;Lutécia;Total;Total;0;0;0;0;--;--
2019;Sudeste;SP;3527900;Lutécia;Urbana;Total;0;0;0;0;--;--
2019;Sudeste;SP;3527900;Lutécia;Total;Estadual;0;0;0;0;--;--
2019;Sudeste;SP;3527900;Lutécia;Urbana;Estadual;0;0;0;0;--;--
2019;Sudeste;SP;3527900;Lutécia;Total;Municipal;--;--;--;--;--;--
2019;Sudeste;SP;3527900;Lutécia;Urbana;Municipal;--;--;--;--;--;--
2019;Sudeste;SP;3527900;Lutécia;Total;Pública;0;0;0;0;--;--
2019;Sudeste;SP;3527900;Lutécia;Urbana;Pública;0;0;0;0;--;--
2019;Sudeste;SP;3528007;Macatuba;Total;Total;0,4;0;0;1,3;--;--
2019;Sudeste;SP;3528007;Macatuba;Urbana;Total;0,4;0;0;1,3;--;--
2019;Sudeste;SP;3528007;Macatuba;Total;Estadual;0,4;0;0;1,3;--;--
2019;Sudeste;SP;3528007;Macatuba;Urbana;Estadual;0,4;0;0;1,3;--;--
2019;Sudeste;SP;3528007;Macatuba;Total;Municipal;--;--;--;--;--;--
2019;Sudeste;SP;3528007;Macatuba;Urbana;Municipal;--;--;--;--;--;--
2019;Sudeste;SP;3528007;Macatuba;Total;Pública;0,4;0;0;1,3;--;--
2019;Sudeste;SP;3528007;Macatuba;Urbana;Pública;0,4;0;0;1,3;--;--
2019;Sudeste;SP;3528106;Macaubal;Total;Total;1,5;1,4;1,5;1,6;--;--
2019;Sudeste;SP;3528106;Macaubal;Urbana;Total;1,5;1,4;1,5;1,6;--;--
2019;Sudeste;SP;3528106;Macaubal;Total;Estadual;1,5;1,4;1,5;1,6;--;--
2019;Sudeste;SP;3528106;Macaubal;Urbana;Estadual;1,5;1,4;1,5;1,6;--;--
2019;Sudeste;SP;3528106;Macaubal;Total;Municipal;--;--;--;--;--;--
2019;Sudeste;SP;3528106;Macaubal;Urbana;Municipal;--;--;--;--;--;--
2019;Sudeste;SP;3528106;Macaubal;Total;Pública;1,5;1,4;1,5;1,6;--;--
2019;Sudeste;SP;3528106;Macaubal;Urbana;Pública;1,5;1,4;1,5;1,6;--;--
2019;Sudeste;SP;3528205;Macedônia;Total;Total;0;0;0;0;--;--
2019;Sudeste;SP;3528205;Macedônia;Urbana;Total;0;0;0;0;--;--
2019;Sudeste;SP;3528205;Macedônia;Total;Estadual;0;0;0;0;--;--
2019;Sudeste;SP;3528205;Macedônia;Urbana;Estadual;0;0;0;0;--;--
2019;Sudeste;SP;3528205;Macedônia;Total;Municipal;--;--;--;--;--;--
2019;Sudeste;SP;3528205;Macedônia;Urbana;Municipal;--;--;--;--;--;--
2019;Sudeste;SP;3528205;Macedônia;Total;Pública;0;0;0;0;--;--
2019;Sudeste;SP;3528205;Macedônia;Urbana;Pública;0;0;0;0;--;--
2019;Sudeste;SP;3528304;Magda;Total;Total;1,6;4,2;0;0;--;--
2019;Sudeste;SP;3528304;Magda;Urbana;Total;1,6;4,2;0;0;--;--
2019;Sudeste;SP;3528304;Magda;Total;Estadual;1,6;4,2;0;0;--;--
2019;Sudeste;SP;3528304;Magda;Urbana;Estadual;1,6;4,2;0;0;--;--
2019;Sudeste;SP;3528304;Magda;Total;Municipal;--;--;--;--;--;--
2019;Sudeste;SP;3528304;Magda;Urbana;Municipal;--;--;--;--;--;--
2019;Sudeste;SP;3528304;Magda;Total;Pública;1,6;4,2;0;0;--;--
2019;Sudeste;SP;3528304;Magda;Urbana;Pública;1,6;4,2;0;0;--;--
2019;Sudeste;SP;3528403;Mairinque;Total;Total;0,6;1;0,6;0;--;--
2019;Sudeste;SP;3528403;Mairinque;Urbana;Total;0,6;1;0,6;0;--;--
2019;Sudeste;SP;3528403;Mairinque;Rural;Total;--;--;--;--;--;--
2019;Sudeste;SP;3528403;Mairinque;Total;Estadual;0,7;1,1;0,6;0;--;--
2019;Sudeste;SP;3528403;Mairinque;Urbana;Estadual;0,7;1,1;0,6;0;--;--
2019;Sudeste;SP;3528403;Mairinque;Total;Municipal;--;--;--;--;--;--
2019;Sudeste;SP;3528403;Mairinque;Urbana;Municipal;--;--;--;--;--;--
2019;Sudeste;SP;3528403;Mairinque;Rural;Municipal;--;--;--;--;--;--
2019;Sudeste;SP;3528403;Mairinque;Total;Privada;0;0;0;0;--;--
2019;Sudeste;SP;3528403;Mairinque;Urbana;Privada;0;0;0;0;--;--
2019;Sudeste;SP;3528403;Mairinque;Total;Pública;0,7;1,1;0,6;0;--;--
2019;Sudeste;SP;3528403;Mairinque;Urbana;Pública;0,7;1,1;0,6;0;--;--
2019;Sudeste;SP;3528403;Mairinque;Rural;Pública;--;--;--;--;--;--
2019;Sudeste;SP;3528502;Mairiporã;Total;Total;1,6;2,2;1,6;1,1;--;--
2019;Sudeste;SP;3528502;Mairiporã;Urbana;Total;1,8;2,3;1,8;1,2;--;--
2019;Sudeste;SP;3528502;Mairiporã;Rural;Total;0,5;1,2;0;0;--;--
2019;Sudeste;SP;3528502;Mairiporã;Total;Estadual;1,8;2,4;1,8;1,2;--;--
2019;Sudeste;SP;3528502;Mairiporã;Urbana;Estadual;1,9;2,5;2;1,4;--;--
2019;Sudeste;SP;3528502;Mairiporã;Rural;Estadual;0,5;1,2;0;0;--;--
2019;Sudeste;SP;3528502;Mairiporã;Total;Municipal;--;--;--;--;--;--
2019;Sudeste;SP;3528502;Mairiporã;Urbana;Municipal;--;--;--;--;--;--
2019;Sudeste;SP;3528502;Mairiporã;Rural;Municipal;--;--;--;--;--;--
2019;Sudeste;SP;3528502;Mairiporã;Total;Privada;0;0;0;0;--;--
2019;Sudeste;SP;3528502;Mairiporã;Urbana;Privada;0;0;0;0;--;--
2019;Sudeste;SP;3528502;Mairiporã;Total;Pública;1,8;2,4;1,8;1,2;--;--
2019;Sudeste;SP;3528502;Mairiporã;Urbana;Pública;1,9;2,5;2;1,4;--;--
2019;Sudeste;SP;3528502;Mairiporã;Rural;Pública;0,5;1,2;0;0;--;--
2019;Sudeste;SP;3528601;Manduri;Total;Total;7;11,5;3,8;4,7;--;--
2019;Sudeste;SP;3528601;Manduri;Urbana;Total;7;11,5;3,8;4,7;--;--
2019;Sudeste;SP;3528601;Manduri;Rural;Total;--;--;--;--;--;--
2019;Sudeste;SP;3528601;Manduri;Total;Estadual;7;11,5;3,8;4,7;--;--
2019;Sudeste;SP;3528601;Manduri;Urbana;Estadual;7;11,5;3,8;4,7;--;--
2019;Sudeste;SP;3528601;Manduri;Total;Municipal;--;--;--;--;--;--
2019;Sudeste;SP;3528601;Manduri;Urbana;Municipal;--;--;--;--;--;--
2019;Sudeste;SP;3528601;Manduri;Rural;Municipal;--;--;--;--;--;--
2019;Sudeste;SP;3528601;Manduri;Total;Privada;--;--;--;--;--;--
2019;Sudeste;SP;3528601;Manduri;Urbana;Privada;--;--;--;--;--;--
2019;Sudeste;SP;3528601;Manduri;Total;Pública;7;11,5;3,8;4,7;--;--
2019;Sudeste;SP;3528601;Manduri;Urbana;Pública;7;11,5;3,8;4,7;--;--
2019;Sudeste;SP;3528601;Manduri;Rural;Pública;--;--;--;--;--;--
2019;Sudeste;SP;3528700;Marabá Paulista;Total;Total;0;0;0;0;--;--
2019;Sudeste;SP;3528700;Marabá Paulista;Urbana;Total;0;0;0;0;--;--
2019;Sudeste;SP;3528700;Marabá Paulista;Rural;Total;--;--;--;--;--;--
2019;Sudeste;SP;3528700;Marabá Paulista;Total;Estadual;0;0;0;0;--;--
2019;Sudeste;SP;3528700;Marabá Paulista;Urbana;Estadual;0;0;0;0;--;--
2019;Sudeste;SP;3528700;Marabá Paulista;Total;Municipal;--;--;--;--;--;--
2019;Sudeste;SP;3528700;Marabá Paulista;Urbana;Municipal;--;--;--;--;--;--
2019;Sudeste;SP;3528700;Marabá Paulista;Rural;Municipal;--;--;--;--;--;--
2019;Sudeste;SP;3528700;Marabá Paulista;Total;Pública;0;0;0;0;--;--
2019;Sudeste;SP;3528700;Marabá Paulista;Urbana;Pública;0;0;0;0;--;--
2019;Sudeste;SP;3528700;Marabá Paulista;Rural;Pública;--;--;--;--;--;--
2019;Sudeste;SP;3528809;Maracaí;Total;Total;0,7;0;2,2;0;--;--
2019;Sudeste;SP;3528809;Maracaí;Urbana;Total;0,7;0;2,2;0;--;--
2019;Sudeste;SP;3528809;Maracaí;Total;Estadual;0,8;0;2,4;0;--;--
2019;Sudeste;SP;3528809;Maracaí;Urbana;Estadual;0,8;0;2,4;0;--;--
2019;Sudeste;SP;3528809;Maracaí;Total;Municipal;--;--;--;--;--;--
2019;Sudeste;SP;3528809;Maracaí;Urbana;Municipal;--;--;--;--;--;--
2019;Sudeste;SP;3528809;Maracaí;Total;Privada;0;0;0;0;--;--
2019;Sudeste;SP;3528809;Maracaí;Urbana;Privada;0;0;0;0;--;--
2019;Sudeste;SP;3528809;Maracaí;Total;Pública;0,8;0;2,4;0;--;--
2019;Sudeste;SP;3528809;Maracaí;Urbana;Pública;0,8;0;2,4;0;--;--
2019;Sudeste;SP;3528858;Marapoama;Total;Total;0;0;0;0;--;--
2019;Sudeste;SP;3528858;Marapoama;Urbana;Total;0;0;0;0;--;--
2019;Sudeste;SP;3528858;Marapoama;Total;Estadual;0;0;0;0;--;--
2019;Sudeste;SP;3528858;Marapoama;Urbana;Estadual;0;0;0;0;--;--
2019;Sudeste;SP;3528858;Marapoama;Total;Municipal;--;--;--;--;--;--
2019;Sudeste;SP;3528858;Marapoama;Urbana;Municipal;--;--;--;--;--;--
2019;Sudeste;SP;3528858;Marapoama;Total;Pública;0;0;0;0;--;--
2019;Sudeste;SP;3528858;Marapoama;Urbana;Pública;0;0;0;0;--;--
2019;Sudeste;SP;3528908;Mariápolis;Total;Total;0;0;0;0;--;--
2019;Sudeste;SP;3528908;Mariápolis;Urbana;Total;0;0;0;0;--;--
2019;Sudeste;SP;3528908;Mariápolis;Total;Estadual;0;0;0;0;--;--
2019;Sudeste;SP;3528908;Mariápolis;Urbana;Estadual;0;0;0;0;--;--
2019;Sudeste;SP;3528908;Mariápolis;Total;Municipal;--;--;--;--;--;--
2019;Sudeste;SP;3528908;Mariápolis;Urbana;Municipal;--;--;--;--;--;--
2019;Sudeste;SP;3528908;Mariápolis;Total;Pública;0;0;0;0;--;--
2019;Sudeste;SP;3528908;Mariápolis;Urbana;Pública;0;0;0;0;--;--
2019;Sudeste;SP;3529005;Marília;Total;Total;1,7;1,9;2,2;1,1;--;0
2019;Sudeste;SP;3529005;Marília;Urbana;Total;1,6;1,9;2,2;1;--;--
2019;Sudeste;SP;3529005;Marília;Rural;Total;3,1;5,9;0;6,6;--;0
2019;Sudeste;SP;3529005;Marília;Total;Estadual;2,4;2,6;3,2;1,5;--;0
2019;Sudeste;SP;3529005;Marília;Urbana;Estadual;2,3;2,6;3,2;1,4;--;--
2019;Sudeste;SP;3529005;Marília;Rural;Estadual;3,1;5,9;0;6,6;--;0
2019;Sudeste;SP;3529005;Marília;Total;Municipal;--;--;--;--;--;--
2019;Sudeste;SP;3529005;Marília;Urbana;Municipal;--;--;--;--;--;--
2019;Sudeste;SP;3529005;Marília;Total;Privada;0;0;0;0;--;--
2019;Sudeste;SP;3529005;Marília;Urbana;Privada;0;0;0;0;--;--
2019;Sudeste;SP;3529005;Marília;Total;Pública;2,4;2,6;3,2;1,5;--;0
2019;Sudeste;SP;3529005;Marília;Urbana;Pública;2,3;2,6;3,2;1,4;--;--
2019;Sudeste;SP;3529005;Marília;Rural;Pública;3,1;5,9;0;6,6;--;0
2019;Sudeste;SP;3529104;Marinópolis;Total;Total;0;0;0;0;--;--
2019;Sudeste;SP;3529104;Marinópolis;Urbana;Total;0;0;0;0;--;--
2019;Sudeste;SP;3529104;Marinópolis;Total;Estadual;0;0;0;0;--;--
2019;Sudeste;SP;3529104;Marinópolis;Urbana;Estadual;0;0;0;0;--;--
2019;Sudeste;SP;3529104;Marinópolis;Total;Municipal;--;--;--;--;--;--
2019;Sudeste;SP;3529104;Marinópolis;Urbana;Municipal;--;--;--;--;--;--
2019;Sudeste;SP;3529104;Marinópolis;Total;Pública;0;0;0;0;--;--
2019;Sudeste;SP;3529104;Marinópolis;Urbana;Pública;0;0;0;0;--;--
2019;Sudeste;SP;3529203;Martinópolis;Total;Total;0;0;0;0;--;--
2019;Sudeste;SP;3529203;Martinópolis;Urbana;Total;0;0;0;0;--;--
2019;Sudeste;SP;3529203;Martinópolis;Total;Estadual;0;0;0;0;--;--
2019;Sudeste;SP;3529203;Martinópolis;Urbana;Estadual;0;0;0;0;--;--
2019;Sudeste;SP;3529203;Martinópolis;Total;Municipal;--;--;--;--;--;--
2019;Sudeste;SP;3529203;Martinópolis;Urbana;Municipal;--;--;--;--;--;--
2019;Sudeste;SP;3529203;Martinópolis;Total;Privada;0;0;0;0;--;--
2019;Sudeste;SP;3529203;Martinópolis;Urbana;Privada;0;0;0;0;--;--
2019;Sudeste;SP;3529203;Martinópolis;Total;Pública;0;0;0;0;--;--
2019;Sudeste;SP;3529203;Martinópolis;Urbana;Pública;0;0;0;0;--;--
2019;Sudeste;SP;3529302;Matão;Total;Total;1,2;2,3;0,7;0,6;--;--
2019;Sudeste;SP;3529302;Matão;Urbana;Total;1,2;2,3;0,7;0,6;--;--
2019;Sudeste;SP;3529302;Matão;Rural;Total;--;--;--;--;--;--
2019;Sudeste;SP;3529302;Matão;Total;Federal;4,9;8,8;3,1;0;--;--
2019;Sudeste;SP;3529302;Matão;Urbana;Federal;4,9;8,8;3,1;0;--;--
2019;Sudeste;SP;3529302;Matão;Total;Estadual;0,7;1,1;0,4;0,8;--;--
2019;Sudeste;SP;3529302;Matão;Urbana;Estadual;0,7;1,1;0,4;0,8;--;--
2019;Sudeste;SP;3529302;Matão;Total;Municipal;0;0;0;0;--;--
2019;Sudeste;SP;3529302;Matão;Urbana;Municipal;0;0;0;0;--;--
2019;Sudeste;SP;3529302;Matão;Rural;Municipal;--;--;--;--;--;--
2019;Sudeste;SP;3529302;Matão;Total;Privada;0;0;0;0;--;--
2019;Sudeste;SP;3529302;Matão;Urbana;Privada;0;0;0;0;--;--
2019;Sudeste;SP;3529302;Matão;Total;Pública;1,3;2,6;0,8;0,6;--;--
2019;Sudeste;SP;3529302;Matão;Urbana;Pública;1,3;2,6;0,8;0,6;--;--
2019;Sudeste;SP;3529302;Matão;Rural;Pública;--;--;--;--;--;--
2019;Sudeste;SP;3529401;Mauá;Total;Total;1,9;2,9;1,8;1,1;--;--
2019;Sudeste;SP;3529401;Mauá;Urbana;Total;1,9;2,9;1,8;1,1;--;--
2019;Sudeste;SP;3529401;Mauá;Total;Estadual;2,2;3,4;2;1,2;--;--
2019;Sudeste;SP;3529401;Mauá;Urbana;Estadual;2,2;3,4;2;1,2;--;--
2019;Sudeste;SP;3529401;Mauá;Total;Municipal;--;--;--;--;--;--
2019;Sudeste;SP;3529401;Mauá;Urbana;Municipal;--;--;--;--;--;--
2019;Sudeste;SP;3529401;Mauá;Total;Privada;0;0;0;0;--;--
2019;Sudeste;SP;3529401;Mauá;Urbana;Privada;0;0;0;0;--;--
2019;Sudeste;SP;3529401;Mauá;Total;Pública;2,2;3,4;2;1,2;--;--
2019;Sudeste;SP;3529401;Mauá;Urbana;Pública;2,2;3,4;2;1,2;--;--
2019;Sudeste;SP;3529500;Mendonça;Total;Total;0;0;0;0;--;--
2019;Sudeste;SP;3529500;Mendonça;Urbana;Total;0;0;0;0;--;--
2019;Sudeste;SP;3529500;Mendonça;Total;Estadual;0;0;0;0;--;--
2019;Sudeste;SP;3529500;Mendonça;Urbana;Estadual;0;0;0;0;--;--
2019;Sudeste;SP;3529500;Mendonça;Total;Municipal;--;--;--;--;--;--
2019;Sudeste;SP;3529500;Mendonça;Urbana;Municipal;--;--;--;--;--;--
2019;Sudeste;SP;3529500;Mendonça;Total;Pública;0;0;0;0;--;--
2019;Sudeste;SP;3529500;Mendonça;Urbana;Pública;0;0;0;0;--;--
2019;Sudeste;SP;3529609;Meridiano;Total;Total;0;0;0;0;--;--
2019;Sudeste;SP;3529609;Meridiano;Urbana;Total;0;0;0;0;--;--
2019;Sudeste;SP;3529609;Meridiano;Total;Estadual;0;0;0;0;--;--
2019;Sudeste;SP;3529609;Meridiano;Urbana;Estadual;0;0;0;0;--;--
2019;Sudeste;SP;3529609;Meridiano;Total;Municipal;--;--;--;--;--;--
2019;Sudeste;SP;3529609;Meridiano;Urbana;Municipal;--;--;--;--;--;--
2019;Sudeste;SP;3529609;Meridiano;Total;Pública;0;0;0;0;--;--
2019;Sudeste;SP;3529609;Meridiano;Urbana;Pública;0;0;0;0;--;--
2019;Sudeste;SP;3529658;Mesópolis;Total;Total;0;0;0;0;--;--
2019;Sudeste;SP;3529658;Mesópolis;Urbana;Total;0;0;0;0;--;--
2019;Sudeste;SP;3529658;Mesópolis;Total;Estadual;0;0;0;0;--;--
2019;Sudeste;SP;3529658;Mesópolis;Urbana;Estadual;0;0;0;0;--;--
2019;Sudeste;SP;3529658;Mesópolis;Total;Municipal;--;--;--;--;--;--
2019;Sudeste;SP;3529658;Mesópolis;Urbana;Municipal;--;--;--;--;--;--
2019;Sudeste;SP;3529658;Mesópolis;Total;Pública;0;0;0;0;--;--
2019;Sudeste;SP;3529658;Mesópolis;Urbana;Pública;0;0;0;0;--;--
2019;Sudeste;SP;3529708;Miguelópolis;Total;Total;3;3,8;2,8;2,3;--;--
2019;Sudeste;SP;3529708;Miguelópolis;Urbana;Total;4,9;6,1;4,6;4;--;--
2019;Sudeste;SP;3529708;Miguelópolis;Rural;Total;0,4;0;1;0;--;--
2019;Sudeste;SP;3529708;Miguelópolis;Total;Estadual;3;3,8;2,8;2,3;--;--
2019;Sudeste;SP;3529708;Miguelópolis;Urbana;Estadual;4,9;6,1;4,6;4;--;--
2019;Sudeste;SP;3529708;Miguelópolis;Rural;Estadual;0,4;0;1;0;--;--
2019;Sudeste;SP;3529708;Miguelópolis;Total;Municipal;--;--;--;--;--;--
2019;Sudeste;SP;3529708;Miguelópolis;Urbana;Municipal;--;--;--;--;--;--
2019;Sudeste;SP;3529708;Miguelópolis;Total;Privada;--;--;--;--;--;--
2019;Sudeste;SP;3529708;Miguelópolis;Urbana;Privada;--;--;--;--;--;--
2019;Sudeste;SP;3529708;Miguelópolis;Total;Pública;3;3,8;2,8;2,3;--;--
2019;Sudeste;SP;3529708;Miguelópolis;Urbana;Pública;4,9;6,1;4,6;4;--;--
2019;Sudeste;SP;3529708;Miguelópolis;Rural;Pública;0,4;0;1;0;--;--
2019;Sudeste;SP;3529807;Mineiros do Tietê;Total;Total;0;0;0;0;--;--
2019;Sudeste;SP;3529807;Mineiros do Tietê;Urbana;Total;0;0;0;0;--;--
2019;Sudeste;SP;3529807;Mineiros do Tietê;Total;Estadual;0;0;0;0;--;--
2019;Sudeste;SP;3529807;Mineiros do Tietê;Urbana;Estadual;0;0;0;0;--;--
2019;Sudeste;SP;3529807;Mineiros do Tietê;Total;Municipal;--;--;--;--;--;--
2019;Sudeste;SP;3529807;Mineiros do Tietê;Urbana;Municipal;--;--;--;--;--;--
2019;Sudeste;SP;3529807;Mineiros do Tietê;Total;Privada;--;--;--;--;--;--
2019;Sudeste;SP;3529807;Mineiros do Tietê;Urbana;Privada;--;--;--;--;--;--
2019;Sudeste;SP;3529807;Mineiros do Tietê;Total;Pública;0;0;0;0;--;--
2019;Sudeste;SP;3529807;Mineiros do Tietê;Urbana;Pública;0;0;0;0;--;--
2019;Sudeste;SP;3529906;Miracatu;Total;Total;0,5;0,5;1,1;0;--;--
2019;Sudeste;SP;3529906;Miracatu;Urbana;Total;0,7;0,5;1,3;0;--;--
2019;Sudeste;SP;3529906;Miracatu;Rural;Total;0;0;0;0;--;--
2019;Sudeste;SP;3529906;Miracatu;Total;Estadual;0,5;0,5;1,1;0;--;--
2019;Sudeste;SP;3529906;Miracatu;Urbana;Estadual;0,7;0,5;1,3;0;--;--
2019;Sudeste;SP;3529906;Miracatu;Rural;Estadual;0;0;0;0;--;--
2019;Sudeste;SP;3529906;Miracatu;Total;Municipal;--;--;--;--;--;--
2019;Sudeste;SP;3529906;Miracatu;Urbana;Municipal;--;--;--;--;--;--
2019;Sudeste;SP;3529906;Miracatu;Rural;Municipal;--;--;--;--;--;--
2019;Sudeste;SP;3529906;Miracatu;Total;Privada;--;--;--;--;--;--
2019;Sudeste;SP;3529906;Miracatu;Urbana;Privada;--;--;--;--;--;--
2019;Sudeste;SP;3529906;Miracatu;Total;Pública;0,5;0,5;1,1;0;--;--
2019;Sudeste;SP;3529906;Miracatu;Urbana;Pública;0,7;0,5;1,3;0;--;--
2019;Sudeste;SP;3529906;Miracatu;Rural;Pública;0;0;0;0;--;--
2019;Sudeste;SP;3530003;Mira Estrela;Total;Total;0;0;0;0;--;--
2019;Sudeste;SP;3530003;Mira Estrela;Urbana;Total;0;0;0;0;--;--
2019;Sudeste;SP;3530003;Mira Estrela;Total;Estadual;0;0;0;0;--;--
2019;Sudeste;SP;3530003;Mira Estrela;Urbana;Estadual;0;0;0;0;--;--
2019;Sudeste;SP;3530003;Mira Estrela;Total;Municipal;--;--;--;--;--;--
2019;Sudeste;SP;3530003;Mira Estrela;Urbana;Municipal;--;--;--;--;--;--
2019;Sudeste;SP;3530003;Mira Estrela;Total;Pública;0;0;0;0;--;--
2019;Sudeste;SP;3530003;Mira Estrela;Urbana;Pública;0;0;0;0;--;--
2019;Sudeste;SP;3530102;Mirandópolis;Total;Total;0,2;0,5;0;0;--;--
2019;Sudeste;SP;3530102;Mirandópolis;Urbana;Total;0,2;0,5;0;0;--;--
2019;Sudeste;SP;3530102;Mirandópolis;Rural;Total;--;--;--;--;--;--
2019;Sudeste;SP;3530102;Mirandópolis;Total;Estadual;0,2;0,6;0;0;--;--
2019;Sudeste;SP;3530102;Mirandópolis;Urbana;Estadual;0,2;0,6;0;0;--;--
2019;Sudeste;SP;3530102;Mirandópolis;Total;Municipal;--;--;--;--;--;--
2019;Sudeste;SP;3530102;Mirandópolis;Urbana;Municipal;--;--;--;--;--;--
2019;Sudeste;SP;3530102;Mirandópolis;Rural;Municipal;--;--;--;--;--;--
2019;Sudeste;SP;3530102;Mirandópolis;Total;Privada;0;0;0;0;--;--
2019;Sudeste;SP;3530102;Mirandópolis;Urbana;Privada;0;0;0;0;--;--
2019;Sudeste;SP;3530102;Mirandópolis;Total;Pública;0,2;0,6;0;0;--;--
2019;Sudeste;SP;3530102;Mirandópolis;Urbana;Pública;0,2;0,6;0;0;--;--
2019;Sudeste;SP;3530102;Mirandópolis;Rural;Pública;--;--;--;--;--;--
2019;Sudeste;SP;3530201;Mirante do Paranapanema;Total;Total;0;0;0;0;--;--
2019;Sudeste;SP;3530201;Mirante do Paranapanema;Urbana;Total;0;0;0;0;--;--
2019;Sudeste;SP;3530201;Mirante do Paranapanema;Rural;Total;0;0;0;0;--;--
2019;Sudeste;SP;3530201;Mirante do Paranapanema;Total;Estadual;0;0;0;0;--;--
2019;Sudeste;SP;3530201;Mirante do Paranapanema;Urbana;Estadual;0;0;0;0;--;--
2019;Sudeste;SP;3530201;Mirante do Paranapanema;Rural;Estadual;0;0;0;0;--;--
2019;Sudeste;SP;3530201;Mirante do Paranapanema;Total;Municipal;--;--;--;--;--;--
2019;Sudeste;SP;3530201;Mirante do Paranapanema;Urbana;Municipal;--;--;--;--;--;--
2019;Sudeste;SP;3530201;Mirante do Paranapanema;Rural;Municipal;--;--;--;--;--;--
2019;Sudeste;SP;3530201;Mirante do Paranapanema;Total;Privada;--;--;--;--;--;--
2019;Sudeste;SP;3530201;Mirante do Paranapanema;Urbana;Privada;--;--;--;--;--;--
2019;Sudeste;SP;3530201;Mirante do Paranapanema;Total;Pública;0;0;0;0;--;--
2019;Sudeste;SP;3530201;Mirante do Paranapanema;Urbana;Pública;0;0;0;0;--;--
2019;Sudeste;SP;3530201;Mirante do Paranapanema;Rural;Pública;0;0;0;0;--;--
2019;Sudeste;SP;3530300;Mirassol;Total;Total;0,1;0,1;0,1;0;--;--
2019;Sudeste;SP;3530300;Mirassol;Urbana;Total;0,1;0,2;0,1;0;--;--
2019;Sudeste;SP;3530300;Mirassol;Rural;Total;0;0;0;0;--;--
2019;Sudeste;SP;3530300;Mirassol;Total;Estadual;0,1;0,2;0,2;0;--;--
2019;Sudeste;SP;3530300;Mirassol;Urbana;Estadual;0,2;0,2;0,2;0;--;--
2019;Sudeste;SP;3530300;Mirassol;Rural;Estadual;0;0;0;0;--;--
2019;Sudeste;SP;3530300;Mirassol;Total;Municipal;--;--;--;--;--;--
2019;Sudeste;SP;3530300;Mirassol;Urbana;Municipal;--;--;--;--;--;--
2019;Sudeste;SP;3530300;Mirassol;Total;Privada;0;0;0;0;--;--
2019;Sudeste;SP;3530300;Mirassol;Urbana;Privada;0;0;0;0;--;--
2019;Sudeste;SP;3530300;Mirassol;Total;Pública;0,1;0,2;0,2;0;--;--
2019;Sudeste;SP;3530300;Mirassol;Urbana;Pública;0,2;0,2;0,2;0;--;--
2019;Sudeste;SP;3530300;Mirassol;Rural;Pública;0;0;0;0;--;--
2019;Sudeste;SP;3530409;Mirassolândia;Total;Total;1,7;2,3;3,1;0;--;--
2019;Sudeste;SP;3530409;Mirassolândia;Urbana;Total;1,7;2,3;3,1;0;--;--
2019;Sudeste;SP;3530409;Mirassolândia;Total;Estadual;1,7;2,3;3,1;0;--;--
2019;Sudeste;SP;3530409;Mirassolândia;Urbana;Estadual;1,7;2,3;3,1;0;--;--
2019;Sudeste;SP;3530409;Mirassolândia;Total;Municipal;--;--;--;--;--;--
2019;Sudeste;SP;3530409;Mirassolândia;Urbana;Municipal;--;--;--;--;--;--
2019;Sudeste;SP;3530409;Mirassolândia;Total;Pública;1,7;2,3;3,1;0;--;--
2019;Sudeste;SP;3530409;Mirassolândia;Urbana;Pública;1,7;2,3;3,1;0;--;--
2019;Sudeste;SP;3530508;Mococa;Total;Total;1,8;2,5;1,6;1,3;--;--
2019;Sudeste;SP;3530508;Mococa;Urbana;Total;1,8;2,5;1,6;1,3;--;--
2019;Sudeste;SP;3530508;Mococa;Rural;Total;--;--;--;--;--;--
2019;Sudeste;SP;3530508;Mococa;Total;Estadual;1,9;3,2;1,3;0,8;--;--
2019;Sudeste;SP;3530508;Mococa;Urbana;Estadual;1,9;3,2;1,3;0,8;--;--
2019;Sudeste;SP;3530508;Mococa;Total;Municipal;5,1;0;5,8;8,3;--;--
2019;Sudeste;SP;3530508;Mococa;Urbana;Municipal;5,1;0;5,8;8,3;--;--
2019;Sudeste;SP;3530508;Mococa;Rural;Municipal;--;--;--;--;--;--
2019;Sudeste;SP;3530508;Mococa;Total;Privada;0;0;0;0;--;--
2019;Sudeste;SP;3530508;Mococa;Urbana;Privada;0;0;0;0;--;--
2019;Sudeste;SP;3530508;Mococa;Total;Pública;2,2;3;1,9;1,5;--;--
2019;Sudeste;SP;3530508;Mococa;Urbana;Pública;2,2;3;1,9;1,5;--;--
2019;Sudeste;SP;3530508;Mococa;Rural;Pública;--;--;--;--;--;--
2019;Sudeste;SP;3530607;Mogi das Cruzes;Total;Total;1,6;1,8;1,9;1,1;--;--
2019;Sudeste;SP;3530607;Mogi das Cruzes;Urbana;Total;1,7;1,9;1,9;1;--;--
2019;Sudeste;SP;3530607;Mogi das Cruzes;Rural;Total;0,4;0;1,2;0;--;--
2019;Sudeste;SP;3530607;Mogi das Cruzes;Total;Estadual;1,9;2,2;2,3;1,2;--;--
2019;Sudeste;SP;3530607;Mogi das Cruzes;Urbana;Estadual;1,9;2,2;2,3;1,3;--;--
2019;Sudeste;SP;3530607;Mogi das Cruzes;Rural;Estadual;0,4;0;1,2;0;--;--
2019;Sudeste;SP;3530607;Mogi das Cruzes;Total;Municipal;--;--;--;--;--;--
2019;Sudeste;SP;3530607;Mogi das Cruzes;Urbana;Municipal;--;--;--;--;--;--
2019;Sudeste;SP;3530607;Mogi das Cruzes;Rural;Municipal;--;--;--;--;--;--
2019;Sudeste;SP;3530607;Mogi das Cruzes;Total;Privada;0;0;0;0;--;--
2019;Sudeste;SP;3530607;Mogi das Cruzes;Urbana;Privada;0;0;0;0;--;--
2019;Sudeste;SP;3530607;Mogi das Cruzes;Total;Pública;1,9;2,2;2,3;1,2;--;--
2019;Sudeste;SP;3530607;Mogi das Cruzes;Urbana;Pública;1,9;2,2;2,3;1,3;--;--
2019;Sudeste;SP;3530607;Mogi das Cruzes;Rural;Pública;0,4;0;1,2;0;--;--
2019;Sudeste;SP;3530706;Mogi Guaçu;Total;Total;2,6;3,4;2,6;1,4;--;--
2019;Sudeste;SP;3530706;Mogi Guaçu;Urbana;Total;2,5;3,5;2,4;1,3;--;--
2019;Sudeste;SP;3530706;Mogi Guaçu;Rural;Total;3,9;1,7;10,8;0;--;--
2019;Sudeste;SP;3530706;Mogi Guaçu;Total;Estadual;3,2;4,2;3,2;1,8;--;--
2019;Sudeste;SP;3530706;Mogi Guaçu;Urbana;Estadual;3,2;4,2;3;1,8;--;--
2019;Sudeste;SP;3530706;Mogi Guaçu;Rural;Estadual;3,9;1,7;10,8;0;--;--
2019;Sudeste;SP;3530706;Mogi Guaçu;Total;Municipal;0;0;0;0;--;--
2019;Sudeste;SP;3530706;Mogi Guaçu;Urbana;Municipal;0;0;0;0;--;--
2019;Sudeste;SP;3530706;Mogi Guaçu;Rural;Municipal;--;--;--;--;--;--
2019;Sudeste;SP;3530706;Mogi Guaçu;Total;Privada;0;0;0;0;--;--
2019;Sudeste;SP;3530706;Mogi Guaçu;Urbana;Privada;0;0;0;0;--;--
2019;Sudeste;SP;3530706;Mogi Guaçu;Total;Pública;2,9;3,9;3;1,5;--;--
2019;Sudeste;SP;3530706;Mogi Guaçu;Urbana;Pública;2,9;4;2,8;1,6;--;--
2019;Sudeste;SP;3530706;Mogi Guaçu;Rural;Pública;3,9;1,7;10,8;0;--;--
2019;Sudeste;SP;3530805;Mogi Mirim;Total;Total;3,9;4,6;4,3;2,7;--;0
2019;Sudeste;SP;3530805;Mogi Mirim;Urbana;Total;3,9;4,6;4,3;2,7;--;--
2019;Sudeste;SP;3530805;Mogi Mirim;Rural;Total;0;--;--;--;--;0
2019;Sudeste;SP;3530805;Mogi Mirim;Total;Estadual;4,3;5,2;4,8;2,9;--;0
2019;Sudeste;SP;3530805;Mogi Mirim;Urbana;Estadual;4,4;5,2;4,8;2,9;--;--
2019;Sudeste;SP;3530805;Mogi Mirim;Rural;Estadual;0;--;--;--;--;0
2019;Sudeste;SP;3530805;Mogi Mirim;Total;Municipal;--;--;--;--;--;--
2019;Sudeste;SP;3530805;Mogi Mirim;Urbana;Municipal;--;--;--;--;--;--
2019;Sudeste;SP;3530805;Mogi Mirim;Total;Privada;0;0;0;0;--;--
2019;Sudeste;SP;3530805;Mogi Mirim;Urbana;Privada;0;0;0;0;--;--
2019;Sudeste;SP;3530805;Mogi Mirim;Total;Pública;4,3;5,2;4,8;2,9;--;0
2019;Sudeste;SP;3530805;Mogi Mirim;Urbana;Pública;4,4;5,2;4,8;2,9;--;--
2019;Sudeste;SP;3530805;Mogi Mirim;Rural;Pública;0;--;--;--;--;0
2019;Sudeste;SP;3530904;Mombuca;Total;Total;0;0;0;0;--;--
2019;Sudeste;SP;3530904;Mombuca;Urbana;Total;0;0;0;0;--;--
2019;Sudeste;SP;3530904;Mombuca;Total;Estadual;0;0;0;0;--;--
2019;Sudeste;SP;3530904;Mombuca;Urbana;Estadual;0;0;0;0;--;--
2019;Sudeste;SP;3530904;Mombuca;Total;Municipal;--;--;--;--;--;--
2019;Sudeste;SP;3530904;Mombuca;Urbana;Municipal;--;--;--;--;--;--
2019;Sudeste;SP;3530904;Mombuca;Total;Pública;0;0;0;0;--;--
2019;Sudeste;SP;3530904;Mombuca;Urbana;Pública;0;0;0;0;--;--
2019;Sudeste;SP;3531001;Monções;Total;Total;1,6;4,2;0;0;--;--
2019;Sudeste;SP;3531001;Monções;Urbana;Total;1,6;4,2;0;0;--;--
2019;Sudeste;SP;3531001;Monções;Total;Estadual;1,6;4,2;0;0;--;--
2019;Sudeste;SP;3531001;Monções;Urbana;Estadual;1,6;4,2;0;0;--;--
2019;Sudeste;SP;3531001;Monções;Total;Municipal;--;--;--;--;--;--
2019;Sudeste;SP;3531001;Monções;Urbana;Municipal;--;--;--;--;--;--
2019;Sudeste;SP;3531001;Monções;Total;Pública;1,6;4,2;0;0;--;--
2019;Sudeste;SP;3531001;Monções;Urbana;Pública;1,6;4,2;0;0;--;--
2019;Sudeste;SP;3531100;Mongaguá;Total;Total;0,9;2,3;0,4;0,1;--;0
2019;Sudeste;SP;3531100;Mongaguá;Urbana;Total;0,9;2,3;0,4;0,1;--;0
2019;Sudeste;SP;3531100;Mongaguá;Rural;Total;--;--;--;--;--;--
2019;Sudeste;SP;3531100;Mongaguá;Total;Estadual;0,9;2,4;0,5;0,1;--;0
2019;Sudeste;SP;3531100;Mongaguá;Urbana;Estadual;0,9;2,4;0,5;0,1;--;0
2019;Sudeste;SP;3531100;Mongaguá;Rural;Estadual;--;--;--;--;--;--
2019;Sudeste;SP;3531100;Mongaguá;Total;Municipal;--;--;--;--;--;--
2019;Sudeste;SP;3531100;Mongaguá;Urbana;Municipal;--;--;--;--;--;--
2019;Sudeste;SP;3531100;Mongaguá;Total;Privada;0;0;0;0;--;--
2019;Sudeste;SP;3531100;Mongaguá;Urbana;Privada;0;0;0;0;--;--
2019;Sudeste;SP;3531100;Mongaguá;Total;Pública;0,9;2,4;0,5;0,1;--;0
2019;Sudeste;SP;3531100;Mongaguá;Urbana;Pública;0,9;2,4;0,5;0,1;--;0
2019;Sudeste;SP;3531100;Mongaguá;Rural;Pública;--;--;--;--;--;--
2019;Sudeste;SP;3531209;Monte Alegre do Sul;Total;Total;3,1;5;2;1,7;--;--
2019;Sudeste;SP;3531209;Monte Alegre do Sul;Urbana;Total;3,1;5;2;1,7;--;--
2019;Sudeste;SP;3531209;Monte Alegre do Sul;Rural;Total;--;--;--;--;--;--
2019;Sudeste;SP;3531209;Monte Alegre do Sul;Total;Estadual;3,1;5;2;1,7;--;--
2019;Sudeste;SP;3531209;Monte Alegre do Sul;Urbana;Estadual;3,1;5;2;1,7;--;--
2019;Sudeste;SP;3531209;Monte Alegre do Sul;Total;Municipal;--;--;--;--;--;--
2019;Sudeste;SP;3531209;Monte Alegre do Sul;Urbana;Municipal;--;--;--;--;--;--
2019;Sudeste;SP;3531209;Monte Alegre do Sul;Rural;Municipal;--;--;--;--;--;--
2019;Sudeste;SP;3531209;Monte Alegre do Sul;Total;Pública;3,1;5;2;1,7;--;--
2019;Sudeste;SP;3531209;Monte Alegre do Sul;Urbana;Pública;3,1;5;2;1,7;--;--
2019;Sudeste;SP;3531209;Monte Alegre do Sul;Rural;Pública;--;--;--;--;--;--
2019;Sudeste;SP;3531308;Monte Alto;Total;Total;1,1;1,5;0,7;0,9;--;--
2019;Sudeste;SP;3531308;Monte Alto;Urbana;Total;1,1;1,5;0,7;0,9;--;--
2019;Sudeste;SP;3531308;Monte Alto;Total;Estadual;1,3;1,8;1;1,2;--;--
2019;Sudeste;SP;3531308;Monte Alto;Urbana;Estadual;1,3;1,8;1;1,2;--;--
2019;Sudeste;SP;3531308;Monte Alto;Total;Municipal;--;--;--;--;--;--
2019;Sudeste;SP;3531308;Monte Alto;Urbana;Municipal;--;--;--;--;--;--
2019;Sudeste;SP;3531308;Monte Alto;Total;Privada;0,2;0,8;0;0;--;--
2019;Sudeste;SP;3531308;Monte Alto;Urbana;Privada;0,2;0,8;0;0;--;--
2019;Sudeste;SP;3531308;Monte Alto;Total;Pública;1,3;1,8;1;1,2;--;--
2019;Sudeste;SP;3531308;Monte Alto;Urbana;Pública;1,3;1,8;1;1,2;--;--
2019;Sudeste;SP;3531407;Monte Aprazível;Total;Total;0,2;0;0,8;0;--;--
2019;Sudeste;SP;3531407;Monte Aprazível;Urbana;Total;0,2;0;0,6;0;--;--
2019;Sudeste;SP;3531407;Monte Aprazível;Rural;Total;0,4;0;1,3;0;--;--
2019;Sudeste;SP;3531407;Monte Aprazível;Total;Estadual;0,4;0;0,9;0;--;--
2019;Sudeste;SP;3531407;Monte Aprazível;Urbana;Estadual;0,3;0;0,6;0;--;--
2019;Sudeste;SP;3531407;Monte Aprazível;Rural;Estadual;0,4;0;1,3;0;--;--
2019;Sudeste;SP;3531407;Monte Aprazível;Total;Municipal;--;--;--;--;--;--
2019;Sudeste;SP;3531407;Monte Aprazível;Urbana;Municipal;--;--;--;--;--;--
2019;Sudeste;SP;3531407;Monte Aprazível;Total;Privada;0;0;0;0;--;--
2019;Sudeste;SP;3531407;Monte Aprazível;Urbana;Privada;0;0;0;0;--;--
2019;Sudeste;SP;3531407;Monte Aprazível;Total;Pública;0,4;0;0,9;0;--;--
2019;Sudeste;SP;3531407;Monte Aprazível;Urbana;Pública;0,3;0;0,6;0;--;--
2019;Sudeste;SP;3531407;Monte Aprazível;Rural;Pública;0,4;0;1,3;0;--;--
2019;Sudeste;SP;3531506;Monte Azul Paulista;Total;Total;1,1;1,2;1,6;0,7;--;--
2019;Sudeste;SP;3531506;Monte Azul Paulista;Urbana;Total;1,1;1,2;1,6;0,7;--;--
2019;Sudeste;SP;3531506;Monte Azul Paulista;Total;Estadual;1,1;1,2;1,6;0,7;--;--
2019;Sudeste;SP;3531506;Monte Azul Paulista;Urbana;Estadual;1,1;1,2;1,6;0,7;--;--
2019;Sudeste;SP;3531506;Monte Azul Paulista;Total;Municipal;--;--;--;--;--;--
2019;Sudeste;SP;3531506;Monte Azul Paulista;Urbana;Municipal;--;--;--;--;--;--
2019;Sudeste;SP;3531506;Monte Azul Paulista;Total;Privada;--;--;--;--;--;--
2019;Sudeste;SP;3531506;Monte Azul Paulista;Urbana;Privada;--;--;--;--;--;--
2019;Sudeste;SP;3531506;Monte Azul Paulista;Total;Pública;1,1;1,2;1,6;0,7;--;--
2019;Sudeste;SP;3531506;Monte Azul Paulista;Urbana;Pública;1,1;1,2;1,6;0,7;--;--
2019;Sudeste;SP;3531605;Monte Castelo;Total;Total;0;0;0;0;--;--
2019;Sudeste;SP;3531605;Monte Castelo;Urbana;Total;0;0;0;0;--;--
2019;Sudeste;SP;3531605;Monte Castelo;Total;Estadual;0;0;0;0;--;--
2019;Sudeste;SP;3531605;Monte Castelo;Urbana;Estadual;0;0;0;0;--;--
2019;Sudeste;SP;3531605;Monte Castelo;Total;Municipal;--;--;--;--;--;--
2019;Sudeste;SP;3531605;Monte Castelo;Urbana;Municipal;--;--;--;--;--;--
2019;Sudeste;SP;3531605;Monte Castelo;Total;Pública;0;0;0;0;--;--
2019;Sudeste;SP;3531605;Monte Castelo;Urbana;Pública;0;0;0;0;--;--
2019;Sudeste;SP;3531704;Monteiro Lobato;Total;Total;0;0;0;0;--;--
2019;Sudeste;SP;3531704;Monteiro Lobato;Urbana;Total;0;0;0;0;--;--
2019;Sudeste;SP;3531704;Monteiro Lobato;Rural;Total;--;--;--;--;--;--
2019;Sudeste;SP;3531704;Monteiro Lobato;Total;Estadual;0;0;0;0;--;--
2019;Sudeste;SP;3531704;Monteiro Lobato;Urbana;Estadual;0;0;0;0;--;--
2019;Sudeste;SP;3531704;Monteiro Lobato;Total;Municipal;--;--;--;--;--;--
2019;Sudeste;SP;3531704;Monteiro Lobato;Urbana;Municipal;--;--;--;--;--;--
2019;Sudeste;SP;3531704;Monteiro Lobato;Rural;Municipal;--;--;--;--;--;--
2019;Sudeste;SP;3531704;Monteiro Lobato;Total;Privada;--;--;--;--;--;--
2019;Sudeste;SP;3531704;Monteiro Lobato;Rural;Privada;--;--;--;--;--;--
2019;Sudeste;SP;3531704;Monteiro Lobato;Total;Pública;0;0;0;0;--;--
2019;Sudeste;SP;3531704;Monteiro Lobato;Urbana;Pública;0;0;0;0;--;--
2019;Sudeste;SP;3531704;Monteiro Lobato;Rural;Pública;--;--;--;--;--;--
2019;Sudeste;SP;3531803;Monte Mor;Total;Total;2,1;1,6;2,5;2;--;--
2019;Sudeste;SP;3531803;Monte Mor;Urbana;Total;2,1;1,6;2,5;2;--;--
2019;Sudeste;SP;3531803;Monte Mor;Rural;Total;--;--;--;--;--;--
2019;Sudeste;SP;3531803;Monte Mor;Total;Estadual;2,1;1,6;2,5;2,1;--;--
2019;Sudeste;SP;3531803;Monte Mor;Urbana;Estadual;2,1;1,6;2,5;2,1;--;--
2019;Sudeste;SP;3531803;Monte Mor;Total;Municipal;--;--;--;--;--;--
2019;Sudeste;SP;3531803;Monte Mor;Urbana;Municipal;--;--;--;--;--;--
2019;Sudeste;SP;3531803;Monte Mor;Rural;Municipal;--;--;--;--;--;--
2019;Sudeste;SP;3531803;Monte Mor;Total;Privada;0;0;0;0;--;--
2019;Sudeste;SP;3531803;Monte Mor;Urbana;Privada;0;0;0;0;--;--
2019;Sudeste;SP;3531803;Monte Mor;Total;Pública;2,1;1,6;2,5;2,1;--;--
2019;Sudeste;SP;3531803;Monte Mor;Urbana;Pública;2,1;1,6;2,5;2,1;--;--
2019;Sudeste;SP;3531803;Monte Mor;Rural;Pública;--;--;--;--;--;--
2019;Sudeste;SP;3531902;Morro Agudo;Total;Total;0;0;0;0;--;--
2019;Sudeste;SP;3531902;Morro Agudo;Urbana;Total;0;0;0;0;--;--
2019;Sudeste;SP;3531902;Morro Agudo;Total;Estadual;0;0;0;0;--;--
2019;Sudeste;SP;3531902;Morro Agudo;Urbana;Estadual;0;0;0;0;--;--
2019;Sudeste;SP;3531902;Morro Agudo;Total;Municipal;0;0;0;0;--;--
2019;Sudeste;SP;3531902;Morro Agudo;Urbana;Municipal;0;0;0;0;--;--
2019;Sudeste;SP;3531902;Morro Agudo;Total;Privada;0;0;0;0;--;--
2019;Sudeste;SP;3531902;Morro Agudo;Urbana;Privada;0;0;0;0;--;--
2019;Sudeste;SP;3531902;Morro Agudo;Total;Pública;0;0;0;0;--;--
2019;Sudeste;SP;3531902;Morro Agudo;Urbana;Pública;0;0;0;0;--;--
2019;Sudeste;SP;3532009;Morungaba;Total;Total;3,4;3,5;3,1;3,7;--;--
2019;Sudeste;SP;3532009;Morungaba;Urbana;Total;3,4;3,5;3,1;3,7;--;--
2019;Sudeste;SP;3532009;Morungaba;Total;Estadual;3,4;3,5;3,1;3,7;--;--
2019;Sudeste;SP;3532009;Morungaba;Urbana;Estadual;3,4;3,5;3,1;3,7;--;--
2019;Sudeste;SP;3532009;Morungaba;Total;Municipal;--;--;--;--;--;--
2019;Sudeste;SP;3532009;Morungaba;Urbana;Municipal;--;--;--;--;--;--
2019;Sudeste;SP;3532009;Morungaba;Total;Privada;--;--;--;--;--;--
2019;Sudeste;SP;3532009;Morungaba;Urbana;Privada;--;--;--;--;--;--
2019;Sudeste;SP;3532009;Morungaba;Total;Pública;3,4;3,5;3,1;3,7;--;--
2019;Sudeste;SP;3532009;Morungaba;Urbana;Pública;3,4;3,5;3,1;3,7;--;--
2019;Sudeste;SP;3532058;Motuca;Total;Total;0;0;0;0;--;--
2019;Sudeste;SP;3532058;Motuca;Urbana;Total;0;0;0;0;--;--
2019;Sudeste;SP;3532058;Motuca;Total;Estadual;0;0;0;0;--;--
2019;Sudeste;SP;3532058;Motuca;Urbana;Estadual;0;0;0;0;--;--
2019;Sudeste;SP;3532058;Motuca;Total;Municipal;--;--;--;--;--;--
2019;Sudeste;SP;3532058;Motuca;Urbana;Municipal;--;--;--;--;--;--
2019;Sudeste;SP;3532058;Motuca;Total;Pública;0;0;0;0;--;--
2019;Sudeste;SP;3532058;Motuca;Urbana;Pública;0;0;0;0;--;--
2019;Sudeste;SP;3532108;Murutinga do Sul;Total;Total;0;0;0;0;--;--
2019;Sudeste;SP;3532108;Murutinga do Sul;Urbana;Total;0;0;0;0;--;--
2019;Sudeste;SP;3532108;Murutinga do Sul;Total;Estadual;0;0;0;0;--;--
2019;Sudeste;SP;3532108;Murutinga do Sul;Urbana;Estadual;0;0;0;0;--;--
2019;Sudeste;SP;3532108;Murutinga do Sul;Total;Municipal;--;--;--;--;--;--
2019;Sudeste;SP;3532108;Murutinga do Sul;Urbana;Municipal;--;--;--;--;--;--
2019;Sudeste;SP;3532108;Murutinga do Sul;Total;Pública;0;0;0;0;--;--
2019;Sudeste;SP;3532108;Murutinga do Sul;Urbana;Pública;0;0;0;0;--;--
2019;Sudeste;SP;3532157;Nantes;Total;Total;0;0;0;0;--;--
2019;Sudeste;SP;3532157;Nantes;Urbana;Total;0;0;0;0;--;--
2019;Sudeste;SP;3532157;Nantes;Total;Estadual;0;0;0;0;--;--
2019;Sudeste;SP;3532157;Nantes;Urbana;Estadual;0;0;0;0;--;--
2019;Sudeste;SP;3532157;Nantes;Total;Municipal;--;--;--;--;--;--
2019;Sudeste;SP;3532157;Nantes;Urbana;Municipal;--;--;--;--;--;--
2019;Sudeste;SP;3532157;Nantes;Total;Pública;0;0;0;0;--;--
2019;Sudeste;SP;3532157;Nantes;Urbana;Pública;0;0;0;0;--;--
2019;Sudeste;SP;3532207;Narandiba;Total;Total;2,1;3,8;1,6;1,4;--;--
2019;Sudeste;SP;3532207;Narandiba;Urbana;Total;2,1;3,8;1,6;1,4;--;--
2019;Sudeste;SP;3532207;Narandiba;Total;Estadual;2,1;3,8;1,6;1,4;--;--
2019;Sudeste;SP;3532207;Narandiba;Urbana;Estadual;2,1;3,8;1,6;1,4;--;--
2019;Sudeste;SP;3532207;Narandiba;Total;Municipal;--;--;--;--;--;--
2019;Sudeste;SP;3532207;Narandiba;Urbana;Municipal;--;--;--;--;--;--
2019;Sudeste;SP;3532207;Narandiba;Total;Pública;2,1;3,8;1,6;1,4;--;--
2019;Sudeste;SP;3532207;Narandiba;Urbana;Pública;2,1;3,8;1,6;1,4;--;--
2019;Sudeste;SP;3532306;Natividade da Serra;Total;Total;0,5;0;1,6;0;--;--
2019;Sudeste;SP;3532306;Natividade da Serra;Urbana;Total;0,5;0;1,9;0;--;--
2019;Sudeste;SP;3532306;Natividade da Serra;Rural;Total;0;0;0;0;--;--
2019;Sudeste;SP;3532306;Natividade da Serra;Total;Estadual;0,5;0;1,6;0;--;--
2019;Sudeste;SP;3532306;Natividade da Serra;Urbana;Estadual;0,5;0;1,9;0;--;--
2019;Sudeste;SP;3532306;Natividade da Serra;Rural;Estadual;0;0;0;0;--;--
2019;Sudeste;SP;3532306;Natividade da Serra;Total;Municipal;--;--;--;--;--;--
2019;Sudeste;SP;3532306;Natividade da Serra;Urbana;Municipal;--;--;--;--;--;--
2019;Sudeste;SP;3532306;Natividade da Serra;Rural;Municipal;--;--;--;--;--;--
2019;Sudeste;SP;3532306;Natividade da Serra;Total;Pública;0,5;0;1,6;0;--;--
2019;Sudeste;SP;3532306;Natividade da Serra;Urbana;Pública;0,5;0;1,9;0;--;--
2019;Sudeste;SP;3532306;Natividade da Serra;Rural;Pública;0;0;0;0;--;--
2019;Sudeste;SP;3532405;Nazaré Paulista;Total;Total;2,5;2;2,6;3,1;--;--
2019;Sudeste;SP;3532405;Nazaré Paulista;Urbana;Total;3,1;2;2,7;4,4;--;--
2019;Sudeste;SP;3532405;Nazaré Paulista;Rural;Total;1,7;1,9;2,6;0;--;--
2019;Sudeste;SP;3532405;Nazaré Paulista;Total;Estadual;2,5;2;2,6;3,1;--;--
2019;Sudeste;SP;3532405;Nazaré Paulista;Urbana;Estadual;3,1;2;2,7;4,4;--;--
2019;Sudeste;SP;3532405;Nazaré Paulista;Rural;Estadual;1,7;1,9;2,6;0;--;--
2019;Sudeste;SP;3532405;Nazaré Paulista;Total;Municipal;--;--;--;--;--;--
2019;Sudeste;SP;3532405;Nazaré Paulista;Urbana;Municipal;--;--;--;--;--;--
2019;Sudeste;SP;3532405;Nazaré Paulista;Rural;Municipal;--;--;--;--;--;--
2019;Sudeste;SP;3532405;Nazaré Paulista;Total;Privada;--;--;--;--;--;--
2019;Sudeste;SP;3532405;Nazaré Paulista;Urbana;Privada;--;--;--;--;--;--
2019;Sudeste;SP;3532405;Nazaré Paulista;Total;Pública;2,5;2;2,6;3,1;--;--
2019;Sudeste;SP;3532405;Nazaré Paulista;Urbana;Pública;3,1;2;2,7;4,4;--;--
2019;Sudeste;SP;3532405;Nazaré Paulista;Rural;Pública;1,7;1,9;2,6;0;--;--
2019;Sudeste;SP;3532504;Neves Paulista;Total;Total;0;0;0;0;--;--
2019;Sudeste;SP;3532504;Neves Paulista;Urbana;Total;0;0;0;0;--;--
2019;Sudeste;SP;3532504;Neves Paulista;Total;Estadual;0;0;0;0;--;--
2019;Sudeste;SP;3532504;Neves Paulista;Urbana;Estadual;0;0;0;0;--;--
2019;Sudeste;SP;3532504;Neves Paulista;Total;Municipal;--;--;--;--;--;--
2019;Sudeste;SP;3532504;Neves Paulista;Urbana;Municipal;--;--;--;--;--;--
2019;Sudeste;SP;3532504;Neves Paulista;Total;Pública;0;0;0;0;--;--
2019;Sudeste;SP;3532504;Neves Paulista;Urbana;Pública;0;0;0;0;--;--
2019;Sudeste;SP;3532603;Nhandeara;Total;Total;0;0;0;0;--;--
2019;Sudeste;SP;3532603;Nhandeara;Urbana;Total;0;0;0;0;--;--
2019;Sudeste;SP;3532603;Nhandeara;Total;Estadual;0;0;0;0;--;--
2019;Sudeste;SP;3532603;Nhandeara;Urbana;Estadual;0;0;0;0;--;--
2019;Sudeste;SP;3532603;Nhandeara;Total;Municipal;--;--;--;--;--;--
2019;Sudeste;SP;3532603;Nhandeara;Urbana;Municipal;--;--;--;--;--;--
2019;Sudeste;SP;3532603;Nhandeara;Total;Privada;0;0;0;0;--;--
2019;Sudeste;SP;3532603;Nhandeara;Urbana;Privada;0;0;0;0;--;--
2019;Sudeste;SP;3532603;Nhandeara;Total;Pública;0;0;0;0;--;--
2019;Sudeste;SP;3532603;Nhandeara;Urbana;Pública;0;0;0;0;--;--
2019;Sudeste;SP;3532702;Nipoã;Total;Total;0,6;0;2,2;0;--;--
2019;Sudeste;SP;3532702;Nipoã;Urbana;Total;0,6;0;2,2;0;--;--
2019;Sudeste;SP;3532702;Nipoã;Total;Estadual;0,6;0;2,2;0;--;--
2019;Sudeste;SP;3532702;Nipoã;Urbana;Estadual;0,6;0;2,2;0;--;--
2019;Sudeste;SP;3532702;Nipoã;Total;Municipal;--;--;--;--;--;--
2019;Sudeste;SP;3532702;Nipoã;Urbana;Municipal;--;--;--;--;--;--
2019;Sudeste;SP;3532702;Nipoã;Total;Pública;0,6;0;2,2;0;--;--
2019;Sudeste;SP;3532702;Nipoã;Urbana;Pública;0,6;0;2,2;0;--;--
2019;Sudeste;SP;3532801;Nova Aliança;Total;Total;6,5;9,7;5,5;3,3;--;--
2019;Sudeste;SP;3532801;Nova Aliança;Urbana;Total;6,5;9,7;5,5;3,3;--;--
2019;Sudeste;SP;3532801;Nova Aliança;Total;Estadual;6,5;9,7;5,5;3,3;--;--
2019;Sudeste;SP;3532801;Nova Aliança;Urbana;Estadual;6,5;9,7;5,5;3,3;--;--
2019;Sudeste;SP;3532801;Nova Aliança;Total;Municipal;--;--;--;--;--;--
2019;Sudeste;SP;3532801;Nova Aliança;Urbana;Municipal;--;--;--;--;--;--
2019;Sudeste;SP;3532801;Nova Aliança;Total;Pública;6,5;9,7;5,5;3,3;--;--
2019;Sudeste;SP;3532801;Nova Aliança;Urbana;Pública;6,5;9,7;5,5;3,3;--;--
2019;Sudeste;SP;3532827;Nova Campina;Total;Total;0;0;0;0;--;--
2019;Sudeste;SP;3532827;Nova Campina;Urbana;Total;0;0;0;0;--;--
2019;Sudeste;SP;3532827;Nova Campina;Rural;Total;0;0;0;0;--;--
2019;Sudeste;SP;3532827;Nova Campina;Total;Estadual;0;0;0;0;--;--
2019;Sudeste;SP;3532827;Nova Campina;Urbana;Estadual;0;0;0;0;--;--
2019;Sudeste;SP;3532827;Nova Campina;Rural;Estadual;0;0;0;0;--;--
2019;Sudeste;SP;3532827;Nova Campina;Total;Municipal;--;--;--;--;--;--
2019;Sudeste;SP;3532827;Nova Campina;Urbana;Municipal;--;--;--;--;--;--
2019;Sudeste;SP;3532827;Nova Campina;Rural;Municipal;--;--;--;--;--;--
2019;Sudeste;SP;3532827;Nova Campina;Total;Pública;0;0;0;0;--;--
2019;Sudeste;SP;3532827;Nova Campina;Urbana;Pública;0;0;0;0;--;--
2019;Sudeste;SP;3532827;Nova Campina;Rural;Pública;0;0;0;0;--;--
2019;Sudeste;SP;3532843;Nova Canaã Paulista;Total;Total;0;0;0;0;--;--
2019;Sudeste;SP;3532843;Nova Canaã Paulista;Urbana;Total;0;0;0;0;--;--
2019;Sudeste;SP;3532843;Nova Canaã Paulista;Total;Estadual;0;0;0;0;--;--
2019;Sudeste;SP;3532843;Nova Canaã Paulista;Urbana;Estadual;0;0;0;0;--;--
2019;Sudeste;SP;3532843;Nova Canaã Paulista;Total;Municipal;--;--;--;--;--;--
2019;Sudeste;SP;3532843;Nova Canaã Paulista;Urbana;Municipal;--;--;--;--;--;--
2019;Sudeste;SP;3532843;Nova Canaã Paulista;Total;Pública;0;0;0;0;--;--
2019;Sudeste;SP;3532843;Nova Canaã Paulista;Urbana;Pública;0;0;0;0;--;--
2019;Sudeste;SP;3532868;Nova Castilho;Total;Total;0;0;0;0;--;--
2019;Sudeste;SP;3532868;Nova Castilho;Urbana;Total;0;0;0;0;--;--
2019;Sudeste;SP;3532868;Nova Castilho;Total;Estadual;0;0;0;0;--;--
2019;Sudeste;SP;3532868;Nova Castilho;Urbana;Estadual;0;0;0;0;--;--
2019;Sudeste;SP;3532868;Nova Castilho;Total;Municipal;--;--;--;--;--;--
2019;Sudeste;SP;3532868;Nova Castilho;Urbana;Municipal;--;--;--;--;--;--
2019;Sudeste;SP;3532868;Nova Castilho;Total;Pública;0;0;0;0;--;--
2019;Sudeste;SP;3532868;Nova Castilho;Urbana;Pública;0;0;0;0;--;--
2019;Sudeste;SP;3532900;Nova Europa;Total;Total;0;0;0;0;--;--
2019;Sudeste;SP;3532900;Nova Europa;Urbana;Total;0;0;0;0;--;--
2019;Sudeste;SP;3532900;Nova Europa;Total;Estadual;0;0;0;0;--;--
2019;Sudeste;SP;3532900;Nova Europa;Urbana;Estadual;0;0;0;0;--;--
2019;Sudeste;SP;3532900;Nova Europa;Total;Municipal;--;--;--;--;--;--
2019;Sudeste;SP;3532900;Nova Europa;Urbana;Municipal;--;--;--;--;--;--
2019;Sudeste;SP;3532900;Nova Europa;Total;Privada;--;--;--;--;--;--
2019;Sudeste;SP;3532900;Nova Europa;Urbana;Privada;--;--;--;--;--;--
2019;Sudeste;SP;3532900;Nova Europa;Total;Pública;0;0;0;0;--;--
2019;Sudeste;SP;3532900;Nova Europa;Urbana;Pública;0;0;0;0;--;--
2019;Sudeste;SP;3533007;Nova Granada;Total;Total;0,1;0;0,5;0;--;--
2019;Sudeste;SP;3533007;Nova Granada;Urbana;Total;0,1;0;0,5;0;--;--
2019;Sudeste;SP;3533007;Nova Granada;Total;Estadual;0,2;0;0,6;0;--;--
2019;Sudeste;SP;3533007;Nova Granada;Urbana;Estadual;0,2;0;0,6;0;--;--
2019;Sudeste;SP;3533007;Nova Granada;Total;Municipal;--;--;--;--;--;--
2019;Sudeste;SP;3533007;Nova Granada;Urbana;Municipal;--;--;--;--;--;--
2019;Sudeste;SP;3533007;Nova Granada;Total;Privada;0;0;0;0;--;--
2019;Sudeste;SP;3533007;Nova Granada;Urbana;Privada;0;0;0;0;--;--
2019;Sudeste;SP;3533007;Nova Granada;Total;Pública;0,2;0;0,6;0;--;--
2019;Sudeste;SP;3533007;Nova Granada;Urbana;Pública;0,2;0;0,6;0;--;--
2019;Sudeste;SP;3533106;Nova Guataporanga;Total;Total;1,6;0;0;4,3;--;--
2019;Sudeste;SP;3533106;Nova Guataporanga;Urbana;Total;1,6;0;0;4,3;--;--
2019;Sudeste;SP;3533106;Nova Guataporanga;Total;Estadual;1,6;0;0;4,3;--;--
2019;Sudeste;SP;3533106;Nova Guataporanga;Urbana;Estadual;1,6;0;0;4,3;--;--
2019;Sudeste;SP;3533106;Nova Guataporanga;Total;Municipal;--;--;--;--;--;--
2019;Sudeste;SP;3533106;Nova Guataporanga;Urbana;Municipal;--;--;--;--;--;--
2019;Sudeste;SP;3533106;Nova Guataporanga;Total;Pública;1,6;0;0;4,3;--;--
2019;Sudeste;SP;3533106;Nova Guataporanga;Urbana;Pública;1,6;0;0;4,3;--;--
2019;Sudeste;SP;3533205;Nova Independência;Total;Total;0;0;0;0;--;--
2019;Sudeste;SP;3533205;Nova Independência;Urbana;Total;0;0;0;0;--;--
2019;Sudeste;SP;3533205;Nova Independência;Total;Estadual;0;0;0;0;--;--
2019;Sudeste;SP;3533205;Nova Independência;Urbana;Estadual;0;0;0;0;--;--
2019;Sudeste;SP;3533205;Nova Independência;Total;Municipal;--;--;--;--;--;--
2019;Sudeste;SP;3533205;Nova Independência;Urbana;Municipal;--;--;--;--;--;--
2019;Sudeste;SP;3533205;Nova Independência;Total;Pública;0;0;0;0;--;--
2019;Sudeste;SP;3533205;Nova Independência;Urbana;Pública;0;0;0;0;--;--
2019;Sudeste;SP;3533254;Novais;Total;Total;0;0;0;0;--;--
2019;Sudeste;SP;3533254;Novais;Urbana;Total;0;0;0;0;--;--
2019;Sudeste;SP;3533254;Novais;Total;Estadual;0;0;0;0;--;--
2019;Sudeste;SP;3533254;Novais;Urbana;Estadual;0;0;0;0;--;--
2019;Sudeste;SP;3533254;Novais;Total;Municipal;--;--;--;--;--;--
2019;Sudeste;SP;3533254;Novais;Urbana;Municipal;--;--;--;--;--;--
2019;Sudeste;SP;3533254;Novais;Total;Pública;0;0;0;0;--;--
2019;Sudeste;SP;3533254;Novais;Urbana;Pública;0;0;0;0;--;--
2019;Sudeste;SP;3533304;Nova Luzitânia;Total;Total;0;0;0;0;--;--
2019;Sudeste;SP;3533304;Nova Luzitânia;Urbana;Total;0;0;0;0;--;--
2019;Sudeste;SP;3533304;Nova Luzitânia;Total;Estadual;0;0;0;0;--;--
2019;Sudeste;SP;3533304;Nova Luzitânia;Urbana;Estadual;0;0;0;0;--;--
2019;Sudeste;SP;3533304;Nova Luzitânia;Total;Municipal;--;--;--;--;--;--
2019;Sudeste;SP;3533304;Nova Luzitânia;Urbana;Municipal;--;--;--;--;--;--
2019;Sudeste;SP;3533304;Nova Luzitânia;Total;Pública;0;0;0;0;--;--
2019;Sudeste;SP;3533304;Nova Luzitânia;Urbana;Pública;0;0;0;0;--;--
2019;Sudeste;SP;3533403;Nova Odessa;Total;Total;0,7;0,6;1,4;0,2;--;--
2019;Sudeste;SP;3533403;Nova Odessa;Urbana;Total;0,7;0,6;1,4;0,2;--;--
2019;Sudeste;SP;3533403;Nova Odessa;Total;Estadual;0,8;0,7;1,7;0,2;--;--
2019;Sudeste;SP;3533403;Nova Odessa;Urbana;Estadual;0,8;0,7;1,7;0,2;--;--
2019;Sudeste;SP;3533403;Nova Odessa;Total;Municipal;--;--;--;--;--;--
2019;Sudeste;SP;3533403;Nova Odessa;Urbana;Municipal;--;--;--;--;--;--
2019;Sudeste;SP;3533403;Nova Odessa;Total;Privada;0;0;0;0;--;--
2019;Sudeste;SP;3533403;Nova Odessa;Urbana;Privada;0;0;0;0;--;--
2019;Sudeste;SP;3533403;Nova Odessa;Total;Pública;0,8;0,7;1,7;0,2;--;--
2019;Sudeste;SP;3533403;Nova Odessa;Urbana;Pública;0,8;0,7;1,7;0,2;--;--
2019;Sudeste;SP;3533502;Novo Horizonte;Total;Total;0,2;0;0,5;0;0;--
2019;Sudeste;SP;3533502;Novo Horizonte;Urbana;Total;0,2;0;0,5;0;0;--
2019;Sudeste;SP;3533502;Novo Horizonte;Total;Estadual;0,1;0;0,7;0;--;--
2019;Sudeste;SP;3533502;Novo Horizonte;Urbana;Estadual;0,1;0;0,7;0;--;--
2019;Sudeste;SP;3533502;Novo Horizonte;Total;Municipal;0;--;0;0;0;--
2019;Sudeste;SP;3533502;Novo Horizonte;Urbana;Municipal;0;--;0;0;0;--
2019;Sudeste;SP;3533502;Novo Horizonte;Total;Privada;0;0;0;0;--;--
2019;Sudeste;SP;3533502;Novo Horizonte;Urbana;Privada;0;0;0;0;--;--
2019;Sudeste;SP;3533502;Novo Horizonte;Total;Pública;0,2;0;0,6;0;0;--
2019;Sudeste;SP;3533502;Novo Horizonte;Urbana;Pública;0,2;0;0,6;0;0;--
2019;Sudeste;SP;3533601;Nuporanga;Total;Total;0;0;0;0;--;--
2019;Sudeste;SP;3533601;Nuporanga;Urbana;Total;0;0;0;0;--;--
2019;Sudeste;SP;3533601;Nuporanga;Total;Estadual;0;0;0;0;--;--
2019;Sudeste;SP;3533601;Nuporanga;Urbana;Estadual;0;0;0;0;--;--
2019;Sudeste;SP;3533601;Nuporanga;Total;Municipal;--;--;--;--;--;--
2019;Sudeste;SP;3533601;Nuporanga;Urbana;Municipal;--;--;--;--;--;--
2019;Sudeste;SP;3533601;Nuporanga;Total;Privada;0;0;--;--;--;--
2019;Sudeste;SP;3533601;Nuporanga;Urbana;Privada;0;0;--;--;--;--
2019;Sudeste;SP;3533601;Nuporanga;Total;Pública;0;0;0;0;--;--
2019;Sudeste;SP;3533601;Nuporanga;Urbana;Pública;0;0;0;0;--;--
2019;Sudeste;SP;3533700;Ocauçu;Total;Total;1,9;3,8;2,6;0;--;--
2019;Sudeste;SP;3533700;Ocauçu;Urbana;Total;1,9;3,8;2,6;0;--;--
2019;Sudeste;SP;3533700;Ocauçu;Total;Estadual;1,9;3,8;2,6;0;--;--
2019;Sudeste;SP;3533700;Ocauçu;Urbana;Estadual;1,9;3,8;2,6;0;--;--
2019;Sudeste;SP;3533700;Ocauçu;Total;Municipal;--;--;--;--;--;--
2019;Sudeste;SP;3533700;Ocauçu;Urbana;Municipal;--;--;--;--;--;--
2019;Sudeste;SP;3533700;Ocauçu;Total;Pública;1,9;3,8;2,6;0;--;--
2019;Sudeste;SP;3533700;Ocauçu;Urbana;Pública;1,9;3,8;2,6;0;--;--
2019;Sudeste;SP;3533809;Óleo;Total;Total;0;0;0;0;--;--
2019;Sudeste;SP;3533809;Óleo;Urbana;Total;0;0;0;0;--;--
2019;Sudeste;SP;3533809;Óleo;Rural;Total;--;--;--;--;--;--
2019;Sudeste;SP;3533809;Óleo;Total;Estadual;0;0;0;0;--;--
2019;Sudeste;SP;3533809;Óleo;Urbana;Estadual;0;0;0;0;--;--
2019;Sudeste;SP;3533809;Óleo;Total;Municipal;--;--;--;--;--;--
2019;Sudeste;SP;3533809;Óleo;Urbana;Municipal;--;--;--;--;--;--
2019;Sudeste;SP;3533809;Óleo;Rural;Municipal;--;--;--;--;--;--
2019;Sudeste;SP;3533809;Óleo;Total;Pública;0;0;0;0;--;--
2019;Sudeste;SP;3533809;Óleo;Urbana;Pública;0;0;0;0;--;--
2019;Sudeste;SP;3533809;Óleo;Rural;Pública;--;--;--;--;--;--
2019;Sudeste;SP;3533908;Olímpia;Total;Total;0,3;0,2;0,8;0;--;--
2019;Sudeste;SP;3533908;Olímpia;Urbana;Total;0,3;0,2;0,8;0;--;--
2019;Sudeste;SP;3533908;Olímpia;Total;Estadual;0,3;0,2;0,9;0;--;--
2019;Sudeste;SP;3533908;Olímpia;Urbana;Estadual;0,3;0,2;0,9;0;--;--
2019;Sudeste;SP;3533908;Olímpia;Total;Municipal;--;--;--;--;--;--
2019;Sudeste;SP;3533908;Olímpia;Urbana;Municipal;--;--;--;--;--;--
2019;Sudeste;SP;3533908;Olímpia;Total;Privada;0;0;0;0;--;--
2019;Sudeste;SP;3533908;Olímpia;Urbana;Privada;0;0;0;0;--;--
2019;Sudeste;SP;3533908;Olímpia;Total;Pública;0,3;0,2;0,9;0;--;--
2019;Sudeste;SP;3533908;Olímpia;Urbana;Pública;0,3;0,2;0,9;0;--;--
2019;Sudeste;SP;3534005;Onda Verde;Total;Total;0;0;0;0;--;--
2019;Sudeste;SP;3534005;Onda Verde;Urbana;Total;0;0;0;0;--;--
2019;Sudeste;SP;3534005;Onda Verde;Total;Estadual;0;0;0;0;--;--
2019;Sudeste;SP;3534005;Onda Verde;Urbana;Estadual;0;0;0;0;--;--
2019;Sudeste;SP;3534005;Onda Verde;Total;Municipal;--;--;--;--;--;--
2019;Sudeste;SP;3534005;Onda Verde;Urbana;Municipal;--;--;--;--;--;--
2019;Sudeste;SP;3534005;Onda Verde;Total;Pública;0;0;0;0;--;--
2019;Sudeste;SP;3534005;Onda Verde;Urbana;Pública;0;0;0;0;--;--
2019;Sudeste;SP;3534104;Oriente;Total;Total;0,8;0;2,8;0;--;--
2019;Sudeste;SP;3534104;Oriente;Urbana;Total;0,8;0;2,8;0;--;--
2019;Sudeste;SP;3534104;Oriente;Total;Estadual;0,8;0;2,8;0;--;--
2019;Sudeste;SP;3534104;Oriente;Urbana;Estadual;0,8;0;2,8;0;--;--
2019;Sudeste;SP;3534104;Oriente;Total;Municipal;--;--;--;--;--;--
2019;Sudeste;SP;3534104;Oriente;Urbana;Municipal;--;--;--;--;--;--
2019;Sudeste;SP;3534104;Oriente;Total;Pública;0,8;0;2,8;0;--;--
2019;Sudeste;SP;3534104;Oriente;Urbana;Pública;0,8;0;2,8;0;--;--
2019;Sudeste;SP;3534203;Orindiúva;Total;Total;0;0;0;0;--;--
2019;Sudeste;SP;3534203;Orindiúva;Urbana;Total;0;0;0;0;--;--
2019;Sudeste;SP;3534203;Orindiúva;Total;Estadual;0;0;0;0;--;--
2019;Sudeste;SP;3534203;Orindiúva;Urbana;Estadual;0;0;0;0;--;--
2019;Sudeste;SP;3534203;Orindiúva;Total;Municipal;--;--;--;--;--;--
2019;Sudeste;SP;3534203;Orindiúva;Urbana;Municipal;--;--;--;--;--;--
2019;Sudeste;SP;3534203;Orindiúva;Total;Pública;0;0;0;0;--;--
2019;Sudeste;SP;3534203;Orindiúva;Urbana;Pública;0;0;0;0;--;--
2019;Sudeste;SP;3534302;Orlândia;Total;Total;3,5;3,2;4,2;3,2;--;--
2019;Sudeste;SP;3534302;Orlândia;Urbana;Total;3,5;3,2;4,2;3,2;--;--
2019;Sudeste;SP;3534302;Orlândia;Total;Estadual;4,3;3,8;5,1;4;--;--
2019;Sudeste;SP;3534302;Orlândia;Urbana;Estadual;4,3;3,8;5,1;4;--;--
2019;Sudeste;SP;3534302;Orlândia;Total;Municipal;--;--;--;--;--;--
2019;Sudeste;SP;3534302;Orlândia;Urbana;Municipal;--;--;--;--;--;--
2019;Sudeste;SP;3534302;Orlândia;Total;Privada;0;0;0;0;--;--
2019;Sudeste;SP;3534302;Orlândia;Urbana;Privada;0;0;0;0;--;--
2019;Sudeste;SP;3534302;Orlândia;Total;Pública;4,3;3,8;5,1;4;--;--
2019;Sudeste;SP;3534302;Orlândia;Urbana;Pública;4,3;3,8;5,1;4;--;--
2019;Sudeste;SP;3534401;Osasco;Total;Total;2,5;2,4;3,7;1,8;0;0
2019;Sudeste;SP;3534401;Osasco;Urbana;Total;2,5;2,4;3,7;1,8;0;0
2019;Sudeste;SP;3534401;Osasco;Total;Estadual;3,4;3,2;5,6;2,3;--;0
2019;Sudeste;SP;3534401;Osasco;Urbana;Estadual;3,4;3,2;5,6;2,3;--;0
2019;Sudeste;SP;3534401;Osasco;Total;Municipal;--;--;--;--;--;--
2019;Sudeste;SP;3534401;Osasco;Urbana;Municipal;--;--;--;--;--;--
2019;Sudeste;SP;3534401;Osasco;Total;Privada;0,1;0,2;0,1;0;0;--
2019;Sudeste;SP;3534401;Osasco;Urbana;Privada;0,1;0,2;0,1;0;0;--
2019;Sudeste;SP;3534401;Osasco;Total;Pública;3,4;3,2;5,6;2,3;--;0
2019;Sudeste;SP;3534401;Osasco;Urbana;Pública;3,4;3,2;5,6;2,3;--;0
2019;Sudeste;SP;3534500;Oscar Bressane;Total;Total;0;0;0;0;--;--
2019;Sudeste;SP;3534500;Oscar Bressane;Urbana;Total;0;0;0;0;--;--
2019;Sudeste;SP;3534500;Oscar Bressane;Total;Estadual;0;0;0;0;--;--
2019;Sudeste;SP;3534500;Oscar Bressane;Urbana;Estadual;0;0;0;0;--;--
2019;Sudeste;SP;3534500;Oscar Bressane;Total;Municipal;--;--;--;--;--;--
2019;Sudeste;SP;3534500;Oscar Bressane;Urbana;Municipal;--;--;--;--;--;--
2019;Sudeste;SP;3534500;Oscar Bressane;Total;Pública;0;0;0;0;--;--
2019;Sudeste;SP;3534500;Oscar Bressane;Urbana;Pública;0;0;0;0;--;--
2019;Sudeste;SP;3534609;Osvaldo Cruz;Total;Total;0,8;1;0,9;0,5;--;--
2019;Sudeste;SP;3534609;Osvaldo Cruz;Urbana;Total;0,8;1;0,9;0,5;--;--
2019;Sudeste;SP;3534609;Osvaldo Cruz;Total;Estadual;0,9;1,1;0,9;0,6;--;--
2019;Sudeste;SP;3534609;Osvaldo Cruz;Urbana;Estadual;0,9;1,1;0,9;0,6;--;--
2019;Sudeste;SP;3534609;Osvaldo Cruz;Total;Municipal;--;--;--;--;--;--
2019;Sudeste;SP;3534609;Osvaldo Cruz;Urbana;Municipal;--;--;--;--;--;--
2019;Sudeste;SP;3534609;Osvaldo Cruz;Total;Privada;0;0;0;0;--;--
2019;Sudeste;SP;3534609;Osvaldo Cruz;Urbana;Privada;0;0;0;0;--;--
2019;Sudeste;SP;3534609;Osvaldo Cruz;Total;Pública;0,9;1,1;0,9;0,6;--;--
2019;Sudeste;SP;3534609;Osvaldo Cruz;Urbana;Pública;0,9;1,1;0,9;0,6;--;--
2019;Sudeste;SP;3534708;Ourinhos;Total;Total;1,1;1,3;1;0,7;--;--
2019;Sudeste;SP;3534708;Ourinhos;Urbana;Total;1;1,4;1,1;0,7;--;--
2019;Sudeste;SP;3534708;Ourinhos;Rural;Total;0;0;0;0;--;--
2019;Sudeste;SP;3534708;Ourinhos;Total;Estadual;1,2;1,6;1,2;0,8;--;--
2019;Sudeste;SP;3534708;Ourinhos;Urbana;Estadual;1,2;1,6;1,2;0,8;--;--
2019;Sudeste;SP;3534708;Ourinhos;Rural;Estadual;0;0;0;0;--;--
2019;Sudeste;SP;3534708;Ourinhos;Total;Municipal;--;--;--;--;--;--
2019;Sudeste;SP;3534708;Ourinhos;Urbana;Municipal;--;--;--;--;--;--
2019;Sudeste;SP;3534708;Ourinhos;Total;Privada;0,1;0,4;0;0;--;--
2019;Sudeste;SP;3534708;Ourinhos;Urbana;Privada;0,1;0,4;0;0;--;--
2019;Sudeste;SP;3534708;Ourinhos;Total;Pública;1,2;1,6;1,2;0,8;--;--
2019;Sudeste;SP;3534708;Ourinhos;Urbana;Pública;1,2;1,6;1,2;0,8;--;--
2019;Sudeste;SP;3534708;Ourinhos;Rural;Pública;0;0;0;0;--;--
2019;Sudeste;SP;3534757;Ouroeste;Total;Total;0,3;0;0;1,2;--;--
2019;Sudeste;SP;3534757;Ouroeste;Urbana;Total;0,3;0;0;1,2;--;--
2019;Sudeste;SP;3534757;Ouroeste;Total;Estadual;0,3;0;0;1,2;--;--
2019;Sudeste;SP;3534757;Ouroeste;Urbana;Estadual;0,3;0;0;1,2;--;--
2019;Sudeste;SP;3534757;Ouroeste;Total;Municipal;--;--;--;--;--;--
2019;Sudeste;SP;3534757;Ouroeste;Urbana;Municipal;--;--;--;--;--;--
2019;Sudeste;SP;3534757;Ouroeste;Total;Pública;0,3;0;0;1,2;--;--
2019;Sudeste;SP;3534757;Ouroeste;Urbana;Pública;0,3;0;0;1,2;--;--
2019;Sudeste;SP;3534807;Ouro Verde;Total;Total;3,3;5;1,9;2,5;--;--
2019;Sudeste;SP;3534807;Ouro Verde;Urbana;Total;3,3;5;1,9;2,5;--;--
2019;Sudeste;SP;3534807;Ouro Verde;Total;Estadual;3,3;5;1,9;2,5;--;--
2019;Sudeste;SP;3534807;Ouro Verde;Urbana;Estadual;3,3;5;1,9;2,5;--;--
2019;Sudeste;SP;3534807;Ouro Verde;Total;Municipal;--;--;--;--;--;--
2019;Sudeste;SP;3534807;Ouro Verde;Urbana;Municipal;--;--;--;--;--;--
2019;Sudeste;SP;3534807;Ouro Verde;Total;Pública;3,3;5;1,9;2,5;--;--
2019;Sudeste;SP;3534807;Ouro Verde;Urbana;Pública;3,3;5;1,9;2,5;--;--
2019;Sudeste;SP;3534906;Pacaembu;Total;Total;1,6;2,6;2,4;0;--;--
2019;Sudeste;SP;3534906;Pacaembu;Urbana;Total;1,6;2,6;2,4;0;--;--
2019;Sudeste;SP;3534906;Pacaembu;Total;Estadual;2,1;3,6;2,9;0;--;--
2019;Sudeste;SP;3534906;Pacaembu;Urbana;Estadual;2,1;3,6;2,9;0;--;--
2019;Sudeste;SP;3534906;Pacaembu;Total;Municipal;--;--;--;--;--;--
2019;Sudeste;SP;3534906;Pacaembu;Urbana;Municipal;--;--;--;--;--;--
2019;Sudeste;SP;3534906;Pacaembu;Total;Privada;0;0;0;0;--;--
2019;Sudeste;SP;3534906;Pacaembu;Urbana;Privada;0;0;0;0;--;--
2019;Sudeste;SP;3534906;Pacaembu;Total;Pública;2,1;3,6;2,9;0;--;--
2019;Sudeste;SP;3534906;Pacaembu;Urbana;Pública;2,1;3,6;2,9;0;--;--
2019;Sudeste;SP;3535002;Palestina;Total;Total;0;0;0;0;--;--
2019;Sudeste;SP;3535002;Palestina;Urbana;Total;0;0;0;0;--;--
2019;Sudeste;SP;3535002;Palestina;Total;Estadual;0;0;0;0;--;--
2019;Sudeste;SP;3535002;Palestina;Urbana;Estadual;0;0;0;0;--;--
2019;Sudeste;SP;3535002;Palestina;Total;Municipal;--;--;--;--;--;--
2019;Sudeste;SP;3535002;Palestina;Urbana;Municipal;--;--;--;--;--;--
2019;Sudeste;SP;3535002;Palestina;Total;Pública;0;0;0;0;--;--
2019;Sudeste;SP;3535002;Palestina;Urbana;Pública;0;0;0;0;--;--
2019;Sudeste;SP;3535101;Palmares Paulista;Total;Total;0;0;0;0;--;--
2019;Sudeste;SP;3535101;Palmares Paulista;Urbana;Total;0;0;0;0;--;--
2019;Sudeste;SP;3535101;Palmares Paulista;Total;Estadual;0;0;0;0;--;--
2019;Sudeste;SP;3535101;Palmares Paulista;Urbana;Estadual;0;0;0;0;--;--
2019;Sudeste;SP;3535101;Palmares Paulista;Total;Municipal;--;--;--;--;--;--
2019;Sudeste;SP;3535101;Palmares Paulista;Urbana;Municipal;--;--;--;--;--;--
2019;Sudeste;SP;3535101;Palmares Paulista;Total;Pública;0;0;0;0;--;--
2019;Sudeste;SP;3535101;Palmares Paulista;Urbana;Pública;0;0;0;0;--;--
2019;Sudeste;SP;3535200;Palmeira d'Oeste;Total;Total;0;0;0;0;--;--
2019;Sudeste;SP;3535200;Palmeira d'Oeste;Urbana;Total;0;0;0;0;--;--
2019;Sudeste;SP;3535200;Palmeira d'Oeste;Total;Estadual;0;0;0;0;--;--
2019;Sudeste;SP;3535200;Palmeira d'Oeste;Urbana;Estadual;0;0;0;0;--;--
2019;Sudeste;SP;3535200;Palmeira d'Oeste;Total;Municipal;--;--;--;--;--;--
2019;Sudeste;SP;3535200;Palmeira d'Oeste;Urbana;Municipal;--;--;--;--;--;--
2019;Sudeste;SP;3535200;Palmeira d'Oeste;Total;Privada;0;0;0;0;--;--
2019;Sudeste;SP;3535200;Palmeira d'Oeste;Urbana;Privada;0;0;0;0;--;--
2019;Sudeste;SP;3535200;Palmeira d'Oeste;Total;Pública;0;0;0;0;--;--
2019;Sudeste;SP;3535200;Palmeira d'Oeste;Urbana;Pública;0;0;0;0;--;--
2019;Sudeste;SP;3535309;Palmital;Total;Total;0,4;0,7;0;0,5;--;--
2019;Sudeste;SP;3535309;Palmital;Urbana;Total;0,4;0,7;0;0,5;--;--
2019;Sudeste;SP;3535309;Palmital;Total;Estadual;0,5;0,9;0;0,4;--;--
2019;Sudeste;SP;3535309;Palmital;Urbana;Estadual;0,5;0,9;0;0,4;--;--
2019;Sudeste;SP;3535309;Palmital;Total;Municipal;--;--;--;--;--;--
2019;Sudeste;SP;3535309;Palmital;Urbana;Municipal;--;--;--;--;--;--
2019;Sudeste;SP;3535309;Palmital;Total;Privada;0;0;0;0;--;--
2019;Sudeste;SP;3535309;Palmital;Urbana;Privada;0;0;0;0;--;--
2019;Sudeste;SP;3535309;Palmital;Total;Pública;0,5;0,9;0;0,4;--;--
2019;Sudeste;SP;3535309;Palmital;Urbana;Pública;0,5;0,9;0;0,4;--;--
2019;Sudeste;SP;3535408;Panorama;Total;Total;0;0;0;0;--;--
2019;Sudeste;SP;3535408;Panorama;Urbana;Total;0;0;0;0;--;--
2019;Sudeste;SP;3535408;Panorama;Total;Estadual;0;0;0;0;--;--
2019;Sudeste;SP;3535408;Panorama;Urbana;Estadual;0;0;0;0;--;--
2019;Sudeste;SP;3535408;Panorama;Total;Municipal;--;--;--;--;--;--
2019;Sudeste;SP;3535408;Panorama;Urbana;Municipal;--;--;--;--;--;--
2019;Sudeste;SP;3535408;Panorama;Total;Privada;0;0;--;--;--;--
2019;Sudeste;SP;3535408;Panorama;Urbana;Privada;0;0;--;--;--;--
2019;Sudeste;SP;3535408;Panorama;Total;Pública;0;0;0;0;--;--
2019;Sudeste;SP;3535408;Panorama;Urbana;Pública;0;0;0;0;--;--
2019;Sudeste;SP;3535507;Paraguaçu Paulista;Total;Total;0,9;1;0,6;0,9;--;--
2019;Sudeste;SP;3535507;Paraguaçu Paulista;Urbana;Total;0,8;1;0,5;1,1;--;--
2019;Sudeste;SP;3535507;Paraguaçu Paulista;Rural;Total;0,7;0,9;1,3;0;--;--
2019;Sudeste;SP;3535507;Paraguaçu Paulista;Total;Estadual;1;1,2;0,7;1,1;--;--
2019;Sudeste;SP;3535507;Paraguaçu Paulista;Urbana;Estadual;1,1;1,2;0,5;1,3;--;--
2019;Sudeste;SP;3535507;Paraguaçu Paulista;Rural;Estadual;0,7;0,9;1,3;0;--;--
2019;Sudeste;SP;3535507;Paraguaçu Paulista;Total;Municipal;--;--;--;--;--;--
2019;Sudeste;SP;3535507;Paraguaçu Paulista;Urbana;Municipal;--;--;--;--;--;--
2019;Sudeste;SP;3535507;Paraguaçu Paulista;Total;Privada;0;0;0;0;--;--
2019;Sudeste;SP;3535507;Paraguaçu Paulista;Urbana;Privada;0;0;0;0;--;--
2019;Sudeste;SP;3535507;Paraguaçu Paulista;Total;Pública;1;1,2;0,7;1,1;--;--
2019;Sudeste;SP;3535507;Paraguaçu Paulista;Urbana;Pública;1,1;1,2;0,5;1,3;--;--
2019;Sudeste;SP;3535507;Paraguaçu Paulista;Rural;Pública;0,7;0,9;1,3;0;--;--
2019;Sudeste;SP;3535606;Paraibuna;Total;Total;1,9;3;1,2;1,6;--;--
2019;Sudeste;SP;3535606;Paraibuna;Urbana;Total;2,1;3,7;0,7;1,9;--;--
2019;Sudeste;SP;3535606;Paraibuna;Rural;Total;1;0;3,8;0;--;--
2019;Sudeste;SP;3535606;Paraibuna;Total;Estadual;1,9;3;1,2;1,6;--;--
2019;Sudeste;SP;3535606;Paraibuna;Urbana;Estadual;2,1;3,7;0,7;1,9;--;--
2019;Sudeste;SP;3535606;Paraibuna;Rural;Estadual;1;0;3,8;0;--;--
2019;Sudeste;SP;3535606;Paraibuna;Total;Municipal;--;--;--;--;--;--
2019;Sudeste;SP;3535606;Paraibuna;Urbana;Municipal;--;--;--;--;--;--
2019;Sudeste;SP;3535606;Paraibuna;Rural;Municipal;--;--;--;--;--;--
2019;Sudeste;SP;3535606;Paraibuna;Total;Privada;--;--;--;--;--;--
2019;Sudeste;SP;3535606;Paraibuna;Urbana;Privada;--;--;--;--;--;--
2019;Sudeste;SP;3535606;Paraibuna;Total;Pública;1,9;3;1,2;1,6;--;--
2019;Sudeste;SP;3535606;Paraibuna;Urbana;Pública;2,1;3,7;0,7;1,9;--;--
2019;Sudeste;SP;3535606;Paraibuna;Rural;Pública;1;0;3,8;0;--;--
2019;Sudeste;SP;3535705;Paraíso;Total;Total;1,2;0;0;4,5;--;--
2019;Sudeste;SP;3535705;Paraíso;Urbana;Total;1,2;0;0;4,5;--;--
2019;Sudeste;SP;3535705;Paraíso;Total;Estadual;1,2;0;0;4,5;--;--
2019;Sudeste;SP;3535705;Paraíso;Urbana;Estadual;1,2;0;0;4,5;--;--
2019;Sudeste;SP;3535705;Paraíso;Total;Municipal;--;--;--;--;--;--
2019;Sudeste;SP;3535705;Paraíso;Urbana;Municipal;--;--;--;--;--;--
2019;Sudeste;SP;3535705;Paraíso;Total;Pública;1,2;0;0;4,5;--;--
2019;Sudeste;SP;3535705;Paraíso;Urbana;Pública;1,2;0;0;4,5;--;--
2019;Sudeste;SP;3535804;Paranapanema;Total;Total;1,1;1,6;1;0,5;--;--
2019;Sudeste;SP;3535804;Paranapanema;Urbana;Total;0,9;0;1,7;0,9;--;--
2019;Sudeste;SP;3535804;Paranapanema;Rural;Total;1,3;3,7;0;0;--;--
2019;Sudeste;SP;3535804;Paranapanema;Total;Estadual;1,2;1,8;1;0,6;--;--
2019;Sudeste;SP;3535804;Paranapanema;Urbana;Estadual;0,9;0;1,9;1;--;--
2019;Sudeste;SP;3535804;Paranapanema;Rural;Estadual;1,6;4,1;0;0;--;--
2019;Sudeste;SP;3535804;Paranapanema;Total;Municipal;--;--;--;--;--;--
2019;Sudeste;SP;3535804;Paranapanema;Urbana;Municipal;--;--;--;--;--;--
2019;Sudeste;SP;3535804;Paranapanema;Rural;Municipal;--;--;--;--;--;--
2019;Sudeste;SP;3535804;Paranapanema;Total;Privada;0;0;0;0;--;--
2019;Sudeste;SP;3535804;Paranapanema;Urbana;Privada;0;0;0;0;--;--
2019;Sudeste;SP;3535804;Paranapanema;Rural;Privada;0;0;0;0;--;--
2019;Sudeste;SP;3535804;Paranapanema;Total;Pública;1,2;1,8;1;0,6;--;--
2019;Sudeste;SP;3535804;Paranapanema;Urbana;Pública;0,9;0;1,9;1;--;--
2019;Sudeste;SP;3535804;Paranapanema;Rural;Pública;1,6;4,1;0;0;--;--
2019;Sudeste;SP;3535903;Paranapuã;Total;Total;0;0;0;0;--;--
2019;Sudeste;SP;3535903;Paranapuã;Urbana;Total;0;0;0;0;--;--
2019;Sudeste;SP;3535903;Paranapuã;Total;Estadual;0;0;0;0;--;--
2019;Sudeste;SP;3535903;Paranapuã;Urbana;Estadual;0;0;0;0;--;--
2019;Sudeste;SP;3535903;Paranapuã;Total;Municipal;--;--;--;--;--;--
2019;Sudeste;SP;3535903;Paranapuã;Urbana;Municipal;--;--;--;--;--;--
2019;Sudeste;SP;3535903;Paranapuã;Total;Pública;0;0;0;0;--;--
2019;Sudeste;SP;3535903;Paranapuã;Urbana;Pública;0;0;0;0;--;--
2019;Sudeste;SP;3536000;Parapuã;Total;Total;2,6;6,7;1,1;0;--;--
2019;Sudeste;SP;3536000;Parapuã;Urbana;Total;2,6;6,7;1,1;0;--;--
2019;Sudeste;SP;3536000;Parapuã;Rural;Total;--;--;--;--;--;--
2019;Sudeste;SP;3536000;Parapuã;Total;Estadual;2,6;6,7;1,1;0;--;--
2019;Sudeste;SP;3536000;Parapuã;Urbana;Estadual;2,6;6,7;1,1;0;--;--
2019;Sudeste;SP;3536000;Parapuã;Total;Municipal;--;--;--;--;--;--
2019;Sudeste;SP;3536000;Parapuã;Urbana;Municipal;--;--;--;--;--;--
2019;Sudeste;SP;3536000;Parapuã;Rural;Municipal;--;--;--;--;--;--
2019;Sudeste;SP;3536000;Parapuã;Total;Pública;2,6;6,7;1,1;0;--;--
2019;Sudeste;SP;3536000;Parapuã;Urbana;Pública;2,6;6,7;1,1;0;--;--
2019;Sudeste;SP;3536000;Parapuã;Rural;Pública;--;--;--;--;--;--
2019;Sudeste;SP;3536109;Pardinho;Total;Total;0;0;0;0;--;--
2019;Sudeste;SP;3536109;Pardinho;Urbana;Total;0;0;0;0;--;--
2019;Sudeste;SP;3536109;Pardinho;Total;Estadual;0;0;0;0;--;--
2019;Sudeste;SP;3536109;Pardinho;Urbana;Estadual;0;0;0;0;--;--
2019;Sudeste;SP;3536109;Pardinho;Total;Municipal;--;--;--;--;--;--
2019;Sudeste;SP;3536109;Pardinho;Urbana;Municipal;--;--;--;--;--;--
2019;Sudeste;SP;3536109;Pardinho;Total;Pública;0;0;0;0;--;--
2019;Sudeste;SP;3536109;Pardinho;Urbana;Pública;0;0;0;0;--;--
2019;Sudeste;SP;3536208;Pariquera-Açu;Total;Total;3,1;3,3;3,6;2,5;--;--
2019;Sudeste;SP;3536208;Pariquera-Açu;Urbana;Total;2,2;2,3;4,2;0;--;--
2019;Sudeste;SP;3536208;Pariquera-Açu;Rural;Total;5,8;5,9;1,7;9,8;--;--
2019;Sudeste;SP;3536208;Pariquera-Açu;Total;Estadual;3,5;3,6;4,2;2,7;--;--
2019;Sudeste;SP;3536208;Pariquera-Açu;Urbana;Estadual;2,6;2,7;5,1;0;--;--
2019;Sudeste;SP;3536208;Pariquera-Açu;Rural;Estadual;5,8;5,9;1,7;9,8;--;--
2019;Sudeste;SP;3536208;Pariquera-Açu;Total;Municipal;--;--;--;--;--;--
2019;Sudeste;SP;3536208;Pariquera-Açu;Urbana;Municipal;--;--;--;--;--;--
2019;Sudeste;SP;3536208;Pariquera-Açu;Rural;Municipal;--;--;--;--;--;--
2019;Sudeste;SP;3536208;Pariquera-Açu;Total;Privada;0;0;0;0;--;--
2019;Sudeste;SP;3536208;Pariquera-Açu;Urbana;Privada;0;0;0;0;--;--
2019;Sudeste;SP;3536208;Pariquera-Açu;Total;Pública;3,5;3,6;4,2;2,7;--;--
2019;Sudeste;SP;3536208;Pariquera-Açu;Urbana;Pública;2,6;2,7;5,1;0;--;--
2019;Sudeste;SP;3536208;Pariquera-Açu;Rural;Pública;5,8;5,9;1,7;9,8;--;--
2019;Sudeste;SP;3536257;Parisi;Total;Total;0;0;0;0;--;--
2019;Sudeste;SP;3536257;Parisi;Urbana;Total;0;0;0;0;--;--
2019;Sudeste;SP;3536257;Parisi;Total;Estadual;0;0;0;0;--;--
2019;Sudeste;SP;3536257;Parisi;Urbana;Estadual;0;0;0;0;--;--
2019;Sudeste;SP;3536257;Parisi;Total;Municipal;--;--;--;--;--;--
2019;Sudeste;SP;3536257;Parisi;Urbana;Municipal;--;--;--;--;--;--
2019;Sudeste;SP;3536257;Parisi;Total;Pública;0;0;0;0;--;--
2019;Sudeste;SP;3536257;Parisi;Urbana;Pública;0;0;0;0;--;--
2019;Sudeste;SP;3536307;Patrocínio Paulista;Total;Total;5,2;7,9;4,9;2,7;--;--
2019;Sudeste;SP;3536307;Patrocínio Paulista;Urbana;Total;5,2;7,9;4,9;2,7;--;--
2019;Sudeste;SP;3536307;Patrocínio Paulista;Total;Estadual;5,2;7,9;4,9;2,7;--;--
2019;Sudeste;SP;3536307;Patrocínio Paulista;Urbana;Estadual;5,2;7,9;4,9;2,7;--;--
2019;Sudeste;SP;3536307;Patrocínio Paulista;Total;Municipal;--;--;--;--;--;--
2019;Sudeste;SP;3536307;Patrocínio Paulista;Urbana;Municipal;--;--;--;--;--;--
2019;Sudeste;SP;3536307;Patrocínio Paulista;Total;Pública;5,2;7,9;4,9;2,7;--;--
2019;Sudeste;SP;3536307;Patrocínio Paulista;Urbana;Pública;5,2;7,9;4,9;2,7;--;--
2019;Sudeste;SP;3536406;Paulicéia;Total;Total;0,5;0;1,9;0;--;--
2019;Sudeste;SP;3536406;Paulicéia;Urbana;Total;0,5;0;1,9;0;--;--
2019;Sudeste;SP;3536406;Paulicéia;Total;Estadual;0,5;0;1,9;0;--;--
2019;Sudeste;SP;3536406;Paulicéia;Urbana;Estadual;0,5;0;1,9;0;--;--
2019;Sudeste;SP;3536406;Paulicéia;Total;Municipal;--;--;--;--;--;--
2019;Sudeste;SP;3536406;Paulicéia;Urbana;Municipal;--;--;--;--;--;--
2019;Sudeste;SP;3536406;Paulicéia;Total;Pública;0,5;0;1,9;0;--;--
2019;Sudeste;SP;3536406;Paulicéia;Urbana;Pública;0,5;0;1,9;0;--;--
2019;Sudeste;SP;3536505;Paulínia;Total;Total;1,7;3,3;1,6;0,5;--;--
2019;Sudeste;SP;3536505;Paulínia;Urbana;Total;1,7;3,3;1,6;0,5;--;--
2019;Sudeste;SP;3536505;Paulínia;Total;Estadual;2,3;4,7;2,1;0,7;--;--
2019;Sudeste;SP;3536505;Paulínia;Urbana;Estadual;2,3;4,7;2,1;0,7;--;--
2019;Sudeste;SP;3536505;Paulínia;Total;Municipal;0;0;0;0;--;--
2019;Sudeste;SP;3536505;Paulínia;Urbana;Municipal;0;0;0;0;--;--
2019;Sudeste;SP;3536505;Paulínia;Total;Privada;0,4;0,6;0,5;0;--;--
2019;Sudeste;SP;3536505;Paulínia;Urbana;Privada;0,4;0,6;0,5;0;--;--
2019;Sudeste;SP;3536505;Paulínia;Total;Pública;1,9;3,9;1,8;0,6;--;--
2019;Sudeste;SP;3536505;Paulínia;Urbana;Pública;1,9;3,9;1,8;0,6;--;--
2019;Sudeste;SP;3536570;Paulistânia;Total;Total;1,8;6,2;0;0;--;--
2019;Sudeste;SP;3536570;Paulistânia;Urbana;Total;1,8;6,2;0;0;--;--
2019;Sudeste;SP;3536570;Paulistânia;Total;Estadual;1,8;6,2;0;0;--;--
2019;Sudeste;SP;3536570;Paulistânia;Urbana;Estadual;1,8;6,2;0;0;--;--
2019;Sudeste;SP;3536570;Paulistânia;Total;Municipal;--;--;--;--;--;--
2019;Sudeste;SP;3536570;Paulistânia;Urbana;Municipal;--;--;--;--;--;--
2019;Sudeste;SP;3536570;Paulistânia;Total;Pública;1,8;6,2;0;0;--;--
2019;Sudeste;SP;3536570;Paulistânia;Urbana;Pública;1,8;6,2;0;0;--;--
2019;Sudeste;SP;3536604;Paulo de Faria;Total;Total;0,4;0;1,2;0;--;--
2019;Sudeste;SP;3536604;Paulo de Faria;Urbana;Total;0,4;0;1,2;0;--;--
2019;Sudeste;SP;3536604;Paulo de Faria;Total;Estadual;0,4;0;1,2;0;--;--
2019;Sudeste;SP;3536604;Paulo de Faria;Urbana;Estadual;0,4;0;1,2;0;--;--
2019;Sudeste;SP;3536604;Paulo de Faria;Total;Municipal;--;--;--;--;--;--
2019;Sudeste;SP;3536604;Paulo de Faria;Urbana;Municipal;--;--;--;--;--;--
2019;Sudeste;SP;3536604;Paulo de Faria;Total;Pública;0,4;0;1,2;0;--;--
2019;Sudeste;SP;3536604;Paulo de Faria;Urbana;Pública;0,4;0;1,2;0;--;--
2019;Sudeste;SP;3536703;Pederneiras;Total;Total;0,6;0,9;0,6;0;--;--
2019;Sudeste;SP;3536703;Pederneiras;Urbana;Total;0,6;0,9;0,6;0;--;--
2019;Sudeste;SP;3536703;Pederneiras;Total;Estadual;0,7;1,1;0,8;0;--;--
2019;Sudeste;SP;3536703;Pederneiras;Urbana;Estadual;0,7;1,1;0,8;0;--;--
2019;Sudeste;SP;3536703;Pederneiras;Total;Municipal;--;--;--;--;--;--
2019;Sudeste;SP;3536703;Pederneiras;Urbana;Municipal;--;--;--;--;--;--
2019;Sudeste;SP;3536703;Pederneiras;Total;Privada;0;0;0;0;--;--
2019;Sudeste;SP;3536703;Pederneiras;Urbana;Privada;0;0;0;0;--;--
2019;Sudeste;SP;3536703;Pederneiras;Total;Pública;0,7;1,1;0,8;0;--;--
2019;Sudeste;SP;3536703;Pederneiras;Urbana;Pública;0,7;1,1;0,8;0;--;--
2019;Sudeste;SP;3536802;Pedra Bela;Total;Total;3,1;3,3;5;1,4;--;--
2019;Sudeste;SP;3536802;Pedra Bela;Urbana;Total;3,1;3,3;5;1,4;--;--
2019;Sudeste;SP;3536802;Pedra Bela;Rural;Total;--;--;--;--;--;--
2019;Sudeste;SP;3536802;Pedra Bela;Total;Estadual;3,1;3,3;5;1,4;--;--
2019;Sudeste;SP;3536802;Pedra Bela;Urbana;Estadual;3,1;3,3;5;1,4;--;--
2019;Sudeste;SP;3536802;Pedra Bela;Total;Municipal;--;--;--;--;--;--
2019;Sudeste;SP;3536802;Pedra Bela;Urbana;Municipal;--;--;--;--;--;--
2019;Sudeste;SP;3536802;Pedra Bela;Rural;Municipal;--;--;--;--;--;--
2019;Sudeste;SP;3536802;Pedra Bela;Total;Pública;3,1;3,3;5;1,4;--;--
2019;Sudeste;SP;3536802;Pedra Bela;Urbana;Pública;3,1;3,3;5;1,4;--;--
2019;Sudeste;SP;3536802;Pedra Bela;Rural;Pública;--;--;--;--;--;--
2019;Sudeste;SP;3536901;Pedranópolis;Total;Total;0;0;0;0;--;--
2019;Sudeste;SP;3536901;Pedranópolis;Urbana;Total;0;0;0;0;--;--
2019;Sudeste;SP;3536901;Pedranópolis;Total;Estadual;0;0;0;0;--;--
2019;Sudeste;SP;3536901;Pedranópolis;Urbana;Estadual;0;0;0;0;--;--
2019;Sudeste;SP;3536901;Pedranópolis;Total;Municipal;--;--;--;--;--;--
2019;Sudeste;SP;3536901;Pedranópolis;Urbana;Municipal;--;--;--;--;--;--
2019;Sudeste;SP;3536901;Pedranópolis;Total;Pública;0;0;0;0;--;--
2019;Sudeste;SP;3536901;Pedranópolis;Urbana;Pública;0;0;0;0;--;--
2019;Sudeste;SP;3537008;Pedregulho;Total;Total;3,3;2,4;6;1,6;--;--
2019;Sudeste;SP;3537008;Pedregulho;Urbana;Total;3,6;2,7;6,5;1,8;--;--
2019;Sudeste;SP;3537008;Pedregulho;Rural;Total;0;0;0;0;--;--
2019;Sudeste;SP;3537008;Pedregulho;Total;Estadual;3,3;2,4;6;1,6;--;--
2019;Sudeste;SP;3537008;Pedregulho;Urbana;Estadual;3,6;2,7;6,5;1,8;--;--
2019;Sudeste;SP;3537008;Pedregulho;Rural;Estadual;0;0;0;0;--;--
2019;Sudeste;SP;3537008;Pedregulho;Total;Municipal;--;--;--;--;--;--
2019;Sudeste;SP;3537008;Pedregulho;Urbana;Municipal;--;--;--;--;--;--
2019;Sudeste;SP;3537008;Pedregulho;Total;Pública;3,3;2,4;6;1,6;--;--
2019;Sudeste;SP;3537008;Pedregulho;Urbana;Pública;3,6;2,7;6,5;1,8;--;--
2019;Sudeste;SP;3537008;Pedregulho;Rural;Pública;0;0;0;0;--;--
2019;Sudeste;SP;3537107;Pedreira;Total;Total;3,7;2,6;4,6;4,2;--;--
2019;Sudeste;SP;3537107;Pedreira;Urbana;Total;3,7;2,6;4,6;4,2;--;--
2019;Sudeste;SP;3537107;Pedreira;Total;Estadual;4,3;2,9;5,8;4,8;--;--
2019;Sudeste;SP;3537107;Pedreira;Urbana;Estadual;4,3;2,9;5,8;4,8;--;--
2019;Sudeste;SP;3537107;Pedreira;Total;Municipal;--;--;--;--;--;--
2019;Sudeste;SP;3537107;Pedreira;Urbana;Municipal;--;--;--;--;--;--
2019;Sudeste;SP;3537107;Pedreira;Total;Privada;0;0;0;0;--;--
2019;Sudeste;SP;3537107;Pedreira;Urbana;Privada;0;0;0;0;--;--
2019;Sudeste;SP;3537107;Pedreira;Total;Pública;4,3;2,9;5,8;4,8;--;--
2019;Sudeste;SP;3537107;Pedreira;Urbana;Pública;4,3;2,9;5,8;4,8;--;--
2019;Sudeste;SP;3537156;Pedrinhas Paulista;Total;Total;0;0;0;0;--;--
2019;Sudeste;SP;3537156;Pedrinhas Paulista;Urbana;Total;0;0;0;0;--;--
2019;Sudeste;SP;3537156;Pedrinhas Paulista;Total;Estadual;0;0;0;0;--;--
2019;Sudeste;SP;3537156;Pedrinhas Paulista;Urbana;Estadual;0;0;0;0;--;--
2019;Sudeste;SP;3537156;Pedrinhas Paulista;Total;Municipal;--;--;--;--;--;--
2019;Sudeste;SP;3537156;Pedrinhas Paulista;Urbana;Municipal;--;--;--;--;--;--
2019;Sudeste;SP;3537156;Pedrinhas Paulista;Total;Pública;0;0;0;0;--;--
2019;Sudeste;SP;3537156;Pedrinhas Paulista;Urbana;Pública;0;0;0;0;--;--
2019;Sudeste;SP;3537206;Pedro de Toledo;Total;Total;0;0;0;0;--;--
2019;Sudeste;SP;3537206;Pedro de Toledo;Urbana;Total;0;0;0;0;--;--
2019;Sudeste;SP;3537206;Pedro de Toledo;Rural;Total;--;--;--;--;--;--
2019;Sudeste;SP;3537206;Pedro de Toledo;Total;Estadual;0;0;0;0;--;--
2019;Sudeste;SP;3537206;Pedro de Toledo;Urbana;Estadual;0;0;0;0;--;--
2019;Sudeste;SP;3537206;Pedro de Toledo;Total;Municipal;--;--;--;--;--;--
2019;Sudeste;SP;3537206;Pedro de Toledo;Urbana;Municipal;--;--;--;--;--;--
2019;Sudeste;SP;3537206;Pedro de Toledo;Rural;Municipal;--;--;--;--;--;--
2019;Sudeste;SP;3537206;Pedro de Toledo;Total;Pública;0;0;0;0;--;--
2019;Sudeste;SP;3537206;Pedro de Toledo;Urbana;Pública;0;0;0;0;--;--
2019;Sudeste;SP;3537206;Pedro de Toledo;Rural;Pública;--;--;--;--;--;--
2019;Sudeste;SP;3537305;Penápolis;Total;Total;0,3;0,4;0;0,4;--;--
2019;Sudeste;SP;3537305;Penápolis;Urbana;Total;0,2;0,4;0;0;--;--
2019;Sudeste;SP;3537305;Penápolis;Rural;Total;1,4;0;0;6,2;--;--
2019;Sudeste;SP;3537305;Penápolis;Total;Estadual;0,3;0,5;0;0,5;--;--
2019;Sudeste;SP;3537305;Penápolis;Urbana;Estadual;0,3;0,5;0;0;--;--
2019;Sudeste;SP;3537305;Penápolis;Rural;Estadual;1,4;0;0;6,2;--;--
2019;Sudeste;SP;3537305;Penápolis;Total;Municipal;--;--;--;--;--;--
2019;Sudeste;SP;3537305;Penápolis;Urbana;Municipal;--;--;--;--;--;--
2019;Sudeste;SP;3537305;Penápolis;Total;Privada;0;0;0;0;--;--
2019;Sudeste;SP;3537305;Penápolis;Urbana;Privada;0;0;0;0;--;--
2019;Sudeste;SP;3537305;Penápolis;Total;Pública;0,3;0,5;0;0,5;--;--
2019;Sudeste;SP;3537305;Penápolis;Urbana;Pública;0,3;0,5;0;0;--;--
2019;Sudeste;SP;3537305;Penápolis;Rural;Pública;1,4;0;0;6,2;--;--
2019;Sudeste;SP;3537404;Pereira Barreto;Total;Total;0,5;0;1;0,7;--;--
2019;Sudeste;SP;3537404;Pereira Barreto;Urbana;Total;0,5;0;1;0,7;--;--
2019;Sudeste;SP;3537404;Pereira Barreto;Rural;Total;--;--;--;--;--;--
2019;Sudeste;SP;3537404;Pereira Barreto;Total;Estadual;0,6;0;1,1;0,8;--;--
2019;Sudeste;SP;3537404;Pereira Barreto;Urbana;Estadual;0,6;0;1,1;0,8;--;--
2019;Sudeste;SP;3537404;Pereira Barreto;Total;Municipal;--;--;--;--;--;--
2019;Sudeste;SP;3537404;Pereira Barreto;Urbana;Municipal;--;--;--;--;--;--
2019;Sudeste;SP;3537404;Pereira Barreto;Rural;Municipal;--;--;--;--;--;--
2019;Sudeste;SP;3537404;Pereira Barreto;Total;Privada;0;0;0;0;--;--
2019;Sudeste;SP;3537404;Pereira Barreto;Urbana;Privada;0;0;0;0;--;--
2019;Sudeste;SP;3537404;Pereira Barreto;Total;Pública;0,6;0;1,1;0,8;--;--
2019;Sudeste;SP;3537404;Pereira Barreto;Urbana;Pública;0,6;0;1,1;0,8;--;--
2019;Sudeste;SP;3537404;Pereira Barreto;Rural;Pública;--;--;--;--;--;--
2019;Sudeste;SP;3537503;Pereiras;Total;Total;0;0;0;0;--;--
2019;Sudeste;SP;3537503;Pereiras;Urbana;Total;0;0;0;0;--;--
2019;Sudeste;SP;3537503;Pereiras;Total;Estadual;0;0;0;0;--;--
2019;Sudeste;SP;3537503;Pereiras;Urbana;Estadual;0;0;0;0;--;--
2019;Sudeste;SP;3537503;Pereiras;Total;Municipal;--;--;--;--;--;--
2019;Sudeste;SP;3537503;Pereiras;Urbana;Municipal;--;--;--;--;--;--
2019;Sudeste;SP;3537503;Pereiras;Total;Pública;0;0;0;0;--;--
2019;Sudeste;SP;3537503;Pereiras;Urbana;Pública;0;0;0;0;--;--
2019;Sudeste;SP;3537602;Peruíbe;Total;Total;1,8;2,1;2,2;0,9;--;0
2019;Sudeste;SP;3537602;Peruíbe;Urbana;Total;1,8;2,1;2,2;0,9;--;0
2019;Sudeste;SP;3537602;Peruíbe;Rural;Total;--;--;--;--;--;--
2019;Sudeste;SP;3537602;Peruíbe;Total;Estadual;1,9;2,3;2,5;1,1;--;0
2019;Sudeste;SP;3537602;Peruíbe;Urbana;Estadual;1,9;2,3;2,5;1,1;--;0
2019;Sudeste;SP;3537602;Peruíbe;Rural;Estadual;--;--;--;--;--;--
2019;Sudeste;SP;3537602;Peruíbe;Total;Municipal;--;--;--;--;--;--
2019;Sudeste;SP;3537602;Peruíbe;Urbana;Municipal;--;--;--;--;--;--
2019;Sudeste;SP;3537602;Peruíbe;Rural;Municipal;--;--;--;--;--;--
2019;Sudeste;SP;3537602;Peruíbe;Total;Privada;0,3;0,8;0;0;--;--
2019;Sudeste;SP;3537602;Peruíbe;Urbana;Privada;0,3;0,8;0;0;--;--
2019;Sudeste;SP;3537602;Peruíbe;Total;Pública;1,9;2,3;2,5;1,1;--;0
2019;Sudeste;SP;3537602;Peruíbe;Urbana;Pública;1,9;2,3;2,5;1,1;--;0
2019;Sudeste;SP;3537602;Peruíbe;Rural;Pública;--;--;--;--;--;--
2019;Sudeste;SP;3537701;Piacatu;Total;Total;1,1;3;0;0;--;--
2019;Sudeste;SP;3537701;Piacatu;Urbana;Total;1,1;3;0;0;--;--
2019;Sudeste;SP;3537701;Piacatu;Total;Estadual;1,1;3;0;0;--;--
2019;Sudeste;SP;3537701;Piacatu;Urbana;Estadual;1,1;3;0;0;--;--
2019;Sudeste;SP;3537701;Piacatu;Total;Municipal;--;--;--;--;--;--
2019;Sudeste;SP;3537701;Piacatu;Urbana;Municipal;--;--;--;--;--;--
2019;Sudeste;SP;3537701;Piacatu;Total;Pública;1,1;3;0;0;--;--
2019;Sudeste;SP;3537701;Piacatu;Urbana;Pública;1,1;3;0;0;--;--
2019;Sudeste;SP;3537800;Piedade;Total;Total;1,8;2,8;1,3;1,1;--;--
2019;Sudeste;SP;3537800;Piedade;Urbana;Total;1,4;2,2;0,8;1,2;--;--
2019;Sudeste;SP;3537800;Piedade;Rural;Total;2,3;3,6;2,3;0,9;--;--
2019;Sudeste;SP;3537800;Piedade;Total;Estadual;1,9;3;1,5;1,2;--;--
2019;Sudeste;SP;3537800;Piedade;Urbana;Estadual;1,6;2,5;0,9;1,3;--;--
2019;Sudeste;SP;3537800;Piedade;Rural;Estadual;2,3;3,6;2,3;0,9;--;--
2019;Sudeste;SP;3537800;Piedade;Total;Municipal;--;--;--;--;--;--
2019;Sudeste;SP;3537800;Piedade;Urbana;Municipal;--;--;--;--;--;--
2019;Sudeste;SP;3537800;Piedade;Rural;Municipal;--;--;--;--;--;--
2019;Sudeste;SP;3537800;Piedade;Total;Privada;0;0;0;0;--;--
2019;Sudeste;SP;3537800;Piedade;Urbana;Privada;0;0;0;0;--;--
2019;Sudeste;SP;3537800;Piedade;Total;Pública;1,9;3;1,5;1,2;--;--
2019;Sudeste;SP;3537800;Piedade;Urbana;Pública;1,6;2,5;0,9;1,3;--;--
2019;Sudeste;SP;3537800;Piedade;Rural;Pública;2,3;3,6;2,3;0,9;--;--
2019;Sudeste;SP;3537909;Pilar do Sul;Total;Total;1;0,3;1,3;1;--;--
2019;Sudeste;SP;3537909;Pilar do Sul;Urbana;Total;0,8;0,3;1,1;1,1;--;--
2019;Sudeste;SP;3537909;Pilar do Sul;Rural;Total;2,7;0;8,3;0;--;--
2019;Sudeste;SP;3537909;Pilar do Sul;Total;Estadual;0,9;0,4;1,2;1,1;--;--
2019;Sudeste;SP;3537909;Pilar do Sul;Urbana;Estadual;0,9;0,4;1,2;1,1;--;--
2019;Sudeste;SP;3537909;Pilar do Sul;Total;Municipal;--;--;--;--;--;--
2019;Sudeste;SP;3537909;Pilar do Sul;Urbana;Municipal;--;--;--;--;--;--
2019;Sudeste;SP;3537909;Pilar do Sul;Rural;Municipal;--;--;--;--;--;--
2019;Sudeste;SP;3537909;Pilar do Sul;Total;Privada;1,3;0;3,7;0;--;--
2019;Sudeste;SP;3537909;Pilar do Sul;Urbana;Privada;0;0;0;0;--;--
2019;Sudeste;SP;3537909;Pilar do Sul;Rural;Privada;2,7;0;8,3;0;--;--
2019;Sudeste;SP;3537909;Pilar do Sul;Total;Pública;0,9;0,4;1,2;1,1;--;--
2019;Sudeste;SP;3537909;Pilar do Sul;Urbana;Pública;0,9;0,4;1,2;1,1;--;--
2019;Sudeste;SP;3537909;Pilar do Sul;Rural;Pública;--;--;--;--;--;--
2019;Sudeste;SP;3538006;Pindamonhangaba;Total;Total;2,8;4,9;2,4;1,4;--;--
2019;Sudeste;SP;3538006;Pindamonhangaba;Urbana;Total;2,8;4,9;2,4;1,4;--;--
2019;Sudeste;SP;3538006;Pindamonhangaba;Rural;Total;3,3;3;3,6;3,1;--;--
2019;Sudeste;SP;3538006;Pindamonhangaba;Total;Estadual;3,2;5,6;2,6;1,6;--;--
2019;Sudeste;SP;3538006;Pindamonhangaba;Urbana;Estadual;3,1;5,7;2,6;1,6;--;--
2019;Sudeste;SP;3538006;Pindamonhangaba;Rural;Estadual;3,3;3;3,6;3,1;--;--
2019;Sudeste;SP;3538006;Pindamonhangaba;Total;Municipal;--;--;--;--;--;--
2019;Sudeste;SP;3538006;Pindamonhangaba;Urbana;Municipal;--;--;--;--;--;--
2019;Sudeste;SP;3538006;Pindamonhangaba;Rural;Municipal;--;--;--;--;--;--
2019;Sudeste;SP;3538006;Pindamonhangaba;Total;Privada;0;0;0;0;--;--
2019;Sudeste;SP;3538006;Pindamonhangaba;Urbana;Privada;0;0;0;0;--;--
2019;Sudeste;SP;3538006;Pindamonhangaba;Total;Pública;3,2;5,6;2,6;1,6;--;--
2019;Sudeste;SP;3538006;Pindamonhangaba;Urbana;Pública;3,1;5,7;2,6;1,6;--;--
2019;Sudeste;SP;3538006;Pindamonhangaba;Rural;Pública;3,3;3;3,6;3,1;--;--
2019;Sudeste;SP;3538105;Pindorama;Total;Total;3;3,4;3,9;1,3;--;--
2019;Sudeste;SP;3538105;Pindorama;Urbana;Total;3;3,4;3,9;1,3;--;--
2019;Sudeste;SP;3538105;Pindorama;Total;Estadual;3;3,4;3,9;1,3;--;--
2019;Sudeste;SP;3538105;Pindorama;Urbana;Estadual;3;3,4;3,9;1,3;--;--
2019;Sudeste;SP;3538105;Pindorama;Total;Municipal;--;--;--;--;--;--
2019;Sudeste;SP;3538105;Pindorama;Urbana;Municipal;--;--;--;--;--;--
2019;Sudeste;SP;3538105;Pindorama;Total;Pública;3;3,4;3,9;1,3;--;--
2019;Sudeste;SP;3538105;Pindorama;Urbana;Pública;3;3,4;3,9;1,3;--;--
2019;Sudeste;SP;3538204;Pinhalzinho;Total;Total;1,8;1,7;0,8;3;--;--
2019;Sudeste;SP;3538204;Pinhalzinho;Urbana;Total;1,8;1,7;0,8;3;--;--
2019;Sudeste;SP;3538204;Pinhalzinho;Rural;Total;--;--;--;--;--;--
2019;Sudeste;SP;3538204;Pinhalzinho;Total;Estadual;1,8;1,7;0,8;3;--;--
2019;Sudeste;SP;3538204;Pinhalzinho;Urbana;Estadual;1,8;1,7;0,8;3;--;--
2019;Sudeste;SP;3538204;Pinhalzinho;Total;Municipal;--;--;--;--;--;--
2019;Sudeste;SP;3538204;Pinhalzinho;Urbana;Municipal;--;--;--;--;--;--
2019;Sudeste;SP;3538204;Pinhalzinho;Rural;Municipal;--;--;--;--;--;--
2019;Sudeste;SP;3538204;Pinhalzinho;Total;Privada;--;--;--;--;--;--
2019;Sudeste;SP;3538204;Pinhalzinho;Urbana;Privada;--;--;--;--;--;--
2019;Sudeste;SP;3538204;Pinhalzinho;Total;Pública;1,8;1,7;0,8;3;--;--
2019;Sudeste;SP;3538204;Pinhalzinho;Urbana;Pública;1,8;1,7;0,8;3;--;--
2019;Sudeste;SP;3538204;Pinhalzinho;Rural;Pública;--;--;--;--;--;--
2019;Sudeste;SP;3538303;Piquerobi;Total;Total;1,2;3,8;0;0;--;--
2019;Sudeste;SP;3538303;Piquerobi;Urbana;Total;1,2;3,8;0;0;--;--
2019;Sudeste;SP;3538303;Piquerobi;Total;Estadual;1,2;3,8;0;0;--;--
2019;Sudeste;SP;3538303;Piquerobi;Urbana;Estadual;1,2;3,8;0;0;--;--
2019;Sudeste;SP;3538303;Piquerobi;Total;Municipal;--;--;--;--;--;--
2019;Sudeste;SP;3538303;Piquerobi;Urbana;Municipal;--;--;--;--;--;--
2019;Sudeste;SP;3538303;Piquerobi;Total;Pública;1,2;3,8;0;0;--;--
2019;Sudeste;SP;3538303;Piquerobi;Urbana;Pública;1,2;3,8;0;0;--;--
2019;Sudeste;SP;3538501;Piquete;Total;Total;5,2;4,4;4,1;7,7;--;--
2019;Sudeste;SP;3538501;Piquete;Urbana;Total;5,2;4,4;4,1;7,7;--;--
2019;Sudeste;SP;3538501;Piquete;Total;Estadual;5,2;4,4;4,1;7,7;--;--
2019;Sudeste;SP;3538501;Piquete;Urbana;Estadual;5,2;4,4;4,1;7,7;--;--
2019;Sudeste;SP;3538501;Piquete;Total;Municipal;--;--;--;--;--;--
2019;Sudeste;SP;3538501;Piquete;Urbana;Municipal;--;--;--;--;--;--
2019;Sudeste;SP;3538501;Piquete;Total;Privada;--;--;--;--;--;--
2019;Sudeste;SP;3538501;Piquete;Urbana;Privada;--;--;--;--;--;--
2019;Sudeste;SP;3538501;Piquete;Total;Pública;5,2;4,4;4,1;7,7;--;--
2019;Sudeste;SP;3538501;Piquete;Urbana;Pública;5,2;4,4;4,1;7,7;--;--
2019;Sudeste;SP;3538600;Piracaia;Total;Total;2,2;1,3;2,6;3;--;--
2019;Sudeste;SP;3538600;Piracaia;Urbana;Total;2,6;1,5;3,1;3,5;--;--
2019;Sudeste;SP;3538600;Piracaia;Rural;Total;0;0;0;0;--;--
2019;Sudeste;SP;3538600;Piracaia;Total;Estadual;2,4;1,4;2,7;3,3;--;--
2019;Sudeste;SP;3538600;Piracaia;Urbana;Estadual;2,8;1,6;3,4;3,8;--;--
2019;Sudeste;SP;3538600;Piracaia;Rural;Estadual;0;0;0;0;--;--
2019;Sudeste;SP;3538600;Piracaia;Total;Municipal;--;--;--;--;--;--
2019;Sudeste;SP;3538600;Piracaia;Urbana;Municipal;--;--;--;--;--;--
2019;Sudeste;SP;3538600;Piracaia;Rural;Municipal;--;--;--;--;--;--
2019;Sudeste;SP;3538600;Piracaia;Total;Privada;0;0;0;0;--;--
2019;Sudeste;SP;3538600;Piracaia;Urbana;Privada;0;0;0;0;--;--
2019;Sudeste;SP;3538600;Piracaia;Total;Pública;2,4;1,4;2,7;3,3;--;--
2019;Sudeste;SP;3538600;Piracaia;Urbana;Pública;2,8;1,6;3,4;3,8;--;--
2019;Sudeste;SP;3538600;Piracaia;Rural;Pública;0;0;0;0;--;--
2019;Sudeste;SP;3538709;Piracicaba;Total;Total;1,8;2;2,1;1,4;0;0
2019;Sudeste;SP;3538709;Piracicaba;Urbana;Total;1,8;2,1;1,9;1,4;0;0
2019;Sudeste;SP;3538709;Piracicaba;Rural;Total;1,4;0;4,6;0;--;--
2019;Sudeste;SP;3538709;Piracicaba;Total;Federal;0,4;0;1,3;0;0;--
2019;Sudeste;SP;3538709;Piracicaba;Urbana;Federal;0,4;0;1,3;0;0;--
2019;Sudeste;SP;3538709;Piracicaba;Total;Estadual;2,2;2,6;2,5;1,6;--;0
2019;Sudeste;SP;3538709;Piracicaba;Urbana;Estadual;2,3;2,7;2,5;1,7;--;0
2019;Sudeste;SP;3538709;Piracicaba;Rural;Estadual;1,4;0;4,6;0;--;--
2019;Sudeste;SP;3538709;Piracicaba;Total;Municipal;0;0;0;0;--;--
2019;Sudeste;SP;3538709;Piracicaba;Urbana;Municipal;0;0;0;0;--;--
2019;Sudeste;SP;3538709;Piracicaba;Rural;Municipal;--;--;--;--;--;--
2019;Sudeste;SP;3538709;Piracicaba;Total;Privada;0;0;0,1;0;--;--
2019;Sudeste;SP;3538709;Piracicaba;Urbana;Privada;0;0;0,1;0;--;--
2019;Sudeste;SP;3538709;Piracicaba;Total;Pública;2,2;2,6;2,5;1,6;0;0
2019;Sudeste;SP;3538709;Piracicaba;Urbana;Pública;2,2;2,7;2,4;1,7;0;0
2019;Sudeste;SP;3538709;Piracicaba;Rural;Pública;1,4;0;4,6;0;--;--
2019;Sudeste;SP;3538808;Piraju;Total;Total;1,1;0,5;1,6;1,1;--;--
2019;Sudeste;SP;3538808;Piraju;Urbana;Total;1,1;0,5;1,6;1,1;--;--
2019;Sudeste;SP;3538808;Piraju;Total;Estadual;1,2;0,6;1,8;1,2;--;--
2019;Sudeste;SP;3538808;Piraju;Urbana;Estadual;1,2;0,6;1,8;1,2;--;--
2019;Sudeste;SP;3538808;Piraju;Total;Municipal;--;--;--;--;--;--
2019;Sudeste;SP;3538808;Piraju;Urbana;Municipal;--;--;--;--;--;--
2019;Sudeste;SP;3538808;Piraju;Total;Privada;0;0;0;0;--;--
2019;Sudeste;SP;3538808;Piraju;Urbana;Privada;0;0;0;0;--;--
2019;Sudeste;SP;3538808;Piraju;Total;Pública;1,2;0,6;1,8;1,2;--;--
2019;Sudeste;SP;3538808;Piraju;Urbana;Pública;1,2;0,6;1,8;1,2;--;--
2019;Sudeste;SP;3538907;Pirajuí;Total;Total;0;0;0;0;--;--
2019;Sudeste;SP;3538907;Pirajuí;Urbana;Total;0;0;0;0;--;--
2019;Sudeste;SP;3538907;Pirajuí;Total;Estadual;0;0;0;0;--;--
2019;Sudeste;SP;3538907;Pirajuí;Urbana;Estadual;0;0;0;0;--;--
2019;Sudeste;SP;3538907;Pirajuí;Total;Municipal;--;--;--;--;--;--
2019;Sudeste;SP;3538907;Pirajuí;Urbana;Municipal;--;--;--;--;--;--
2019;Sudeste;SP;3538907;Pirajuí;Total;Privada;0;0;0;0;--;--
2019;Sudeste;SP;3538907;Pirajuí;Urbana;Privada;0;0;0;0;--;--
2019;Sudeste;SP;3538907;Pirajuí;Total;Pública;0;0;0;0;--;--
2019;Sudeste;SP;3538907;Pirajuí;Urbana;Pública;0;0;0;0;--;--
2019;Sudeste;SP;3539004;Pirangi;Total;Total;0;0;0;0;--;--
2019;Sudeste;SP;3539004;Pirangi;Urbana;Total;0;0;0;0;--;--
2019;Sudeste;SP;3539004;Pirangi;Total;Estadual;0;0;0;0;--;--
2019;Sudeste;SP;3539004;Pirangi;Urbana;Estadual;0;0;0;0;--;--
2019;Sudeste;SP;3539004;Pirangi;Total;Municipal;--;--;--;--;--;--
2019;Sudeste;SP;3539004;Pirangi;Urbana;Municipal;--;--;--;--;--;--
2019;Sudeste;SP;3539004;Pirangi;Total;Privada;0;0;0;0;--;--
2019;Sudeste;SP;3539004;Pirangi;Urbana;Privada;0;0;0;0;--;--
2019;Sudeste;SP;3539004;Pirangi;Total;Pública;0;0;0;0;--;--
2019;Sudeste;SP;3539004;Pirangi;Urbana;Pública;0;0;0;0;--;--
2019;Sudeste;SP;3539103;Pirapora do Bom Jesus;Total;Total;2,7;3,4;2,7;1,6;--;--
2019;Sudeste;SP;3539103;Pirapora do Bom Jesus;Urbana;Total;2,7;3,4;2,7;1,6;--;--
2019;Sudeste;SP;3539103;Pirapora do Bom Jesus;Rural;Total;--;--;--;--;--;--
2019;Sudeste;SP;3539103;Pirapora do Bom Jesus;Total;Estadual;2,7;3,4;2,7;1,6;--;--
2019;Sudeste;SP;3539103;Pirapora do Bom Jesus;Urbana;Estadual;2,7;3,4;2,7;1,6;--;--
2019;Sudeste;SP;3539103;Pirapora do Bom Jesus;Total;Municipal;--;--;--;--;--;--
2019;Sudeste;SP;3539103;Pirapora do Bom Jesus;Urbana;Municipal;--;--;--;--;--;--
2019;Sudeste;SP;3539103;Pirapora do Bom Jesus;Rural;Municipal;--;--;--;--;--;--
2019;Sudeste;SP;3539103;Pirapora do Bom Jesus;Total;Pública;2,7;3,4;2,7;1,6;--;--
2019;Sudeste;SP;3539103;Pirapora do Bom Jesus;Urbana;Pública;2,7;3,4;2,7;1,6;--;--
2019;Sudeste;SP;3539103;Pirapora do Bom Jesus;Rural;Pública;--;--;--;--;--;--
2019;Sudeste;SP;3539202;Pirapozinho;Total;Total;1,9;3,1;1,7;0,4;--;--
2019;Sudeste;SP;3539202;Pirapozinho;Urbana;Total;1,9;3,2;1,9;0,4;--;--
2019;Sudeste;SP;3539202;Pirapozinho;Rural;Total;0;0;0;0;--;--
2019;Sudeste;SP;3539202;Pirapozinho;Total;Estadual;2,2;3,6;2,1;0,4;--;--
2019;Sudeste;SP;3539202;Pirapozinho;Urbana;Estadual;2,3;3,7;2,2;0,5;--;--
2019;Sudeste;SP;3539202;Pirapozinho;Rural;Estadual;0;0;0;0;--;--
2019;Sudeste;SP;3539202;Pirapozinho;Total;Municipal;--;--;--;--;--;--
2019;Sudeste;SP;3539202;Pirapozinho;Urbana;Municipal;--;--;--;--;--;--
2019;Sudeste;SP;3539202;Pirapozinho;Rural;Municipal;--;--;--;--;--;--
2019;Sudeste;SP;3539202;Pirapozinho;Total;Privada;0;0;0;0;--;--
2019;Sudeste;SP;3539202;Pirapozinho;Urbana;Privada;0;0;0;0;--;--
2019;Sudeste;SP;3539202;Pirapozinho;Total;Pública;2,2;3,6;2,1;0,4;--;--
2019;Sudeste;SP;3539202;Pirapozinho;Urbana;Pública;2,3;3,7;2,2;0,5;--;--
2019;Sudeste;SP;3539202;Pirapozinho;Rural;Pública;0;0;0;0;--;--
2019;Sudeste;SP;3539301;Pirassununga;Total;Total;1;1,4;0,6;0,4;--;--
2019;Sudeste;SP;3539301;Pirassununga;Urbana;Total;1;1,6;0,6;0,4;--;--
2019;Sudeste;SP;3539301;Pirassununga;Rural;Total;0;0;0;0;--;--
2019;Sudeste;SP;3539301;Pirassununga;Total;Estadual;1,2;1,8;1;0,3;--;--
2019;Sudeste;SP;3539301;Pirassununga;Urbana;Estadual;1,3;2,1;1,1;0,2;--;--
2019;Sudeste;SP;3539301;Pirassununga;Rural;Estadual;0;0;0;0;--;--
2019;Sudeste;SP;3539301;Pirassununga;Total;Municipal;--;--;--;--;--;--
2019;Sudeste;SP;3539301;Pirassununga;Urbana;Municipal;--;--;--;--;--;--
2019;Sudeste;SP;3539301;Pirassununga;Rural;Municipal;--;--;--;--;--;--
2019;Sudeste;SP;3539301;Pirassununga;Total;Privada;0,3;0,4;0;0,5;--;--
2019;Sudeste;SP;3539301;Pirassununga;Urbana;Privada;0,3;0,4;0;0,5;--;--
2019;Sudeste;SP;3539301;Pirassununga;Total;Pública;1,2;1,8;1;0,3;--;--
2019;Sudeste;SP;3539301;Pirassununga;Urbana;Pública;1,3;2,1;1,1;0,2;--;--
2019;Sudeste;SP;3539301;Pirassununga;Rural;Pública;0;0;0;0;--;--
2019;Sudeste;SP;3539400;Piratininga;Total;Total;1,9;2,3;3,8;0;--;--
2019;Sudeste;SP;3539400;Piratininga;Urbana;Total;1,9;2,3;3,8;0;--;--
2019;Sudeste;SP;3539400;Piratininga;Rural;Total;--;--;--;--;--;--
2019;Sudeste;SP;3539400;Piratininga;Total;Estadual;2,6;3,3;4,9;0;--;--
2019;Sudeste;SP;3539400;Piratininga;Urbana;Estadual;2,6;3,3;4,9;0;--;--
2019;Sudeste;SP;3539400;Piratininga;Total;Municipal;--;--;--;--;--;--
2019;Sudeste;SP;3539400;Piratininga;Urbana;Municipal;--;--;--;--;--;--
2019;Sudeste;SP;3539400;Piratininga;Rural;Municipal;--;--;--;--;--;--
2019;Sudeste;SP;3539400;Piratininga;Total;Privada;0;0;0;0;--;--
2019;Sudeste;SP;3539400;Piratininga;Urbana;Privada;0;0;0;0;--;--
2019;Sudeste;SP;3539400;Piratininga;Total;Pública;2,6;3,3;4,9;0;--;--
2019;Sudeste;SP;3539400;Piratininga;Urbana;Pública;2,6;3,3;4,9;0;--;--
2019;Sudeste;SP;3539400;Piratininga;Rural;Pública;--;--;--;--;--;--
2019;Sudeste;SP;3539509;Pitangueiras;Total;Total;1,8;2,1;1,7;1,6;--;--
2019;Sudeste;SP;3539509;Pitangueiras;Urbana;Total;1,8;2,1;1,7;1,6;--;--
2019;Sudeste;SP;3539509;Pitangueiras;Total;Estadual;1,9;2,2;1,7;1,9;--;--
2019;Sudeste;SP;3539509;Pitangueiras;Urbana;Estadual;1,9;2,2;1,7;1,9;--;--
2019;Sudeste;SP;3539509;Pitangueiras;Total;Municipal;--;--;--;--;--;--
2019;Sudeste;SP;3539509;Pitangueiras;Urbana;Municipal;--;--;--;--;--;--
2019;Sudeste;SP;3539509;Pitangueiras;Total;Privada;0;0;0;0;--;--
2019;Sudeste;SP;3539509;Pitangueiras;Urbana;Privada;0;0;0;0;--;--
2019;Sudeste;SP;3539509;Pitangueiras;Total;Pública;1,9;2,2;1,7;1,9;--;--
2019;Sudeste;SP;3539509;Pitangueiras;Urbana;Pública;1,9;2,2;1,7;1,9;--;--
2019;Sudeste;SP;3539608;Planalto;Total;Total;5,4;6,5;5,4;3,8;--;--
2019;Sudeste;SP;3539608;Planalto;Urbana;Total;5,4;6,5;5,4;3,8;--;--
2019;Sudeste;SP;3539608;Planalto;Total;Estadual;5,4;6,5;5,4;3,8;--;--
2019;Sudeste;SP;3539608;Planalto;Urbana;Estadual;5,4;6,5;5,4;3,8;--;--
2019;Sudeste;SP;3539608;Planalto;Total;Municipal;--;--;--;--;--;--
2019;Sudeste;SP;3539608;Planalto;Urbana;Municipal;--;--;--;--;--;--
2019;Sudeste;SP;3539608;Planalto;Total;Pública;5,4;6,5;5,4;3,8;--;--
2019;Sudeste;SP;3539608;Planalto;Urbana;Pública;5,4;6,5;5,4;3,8;--;--
2019;Sudeste;SP;3539707;Platina;Total;Total;0;0;0;0;--;--
2019;Sudeste;SP;3539707;Platina;Urbana;Total;0;0;0;0;--;--
2019;Sudeste;SP;3539707;Platina;Total;Estadual;0;0;0;0;--;--
2019;Sudeste;SP;3539707;Platina;Urbana;Estadual;0;0;0;0;--;--
2019;Sudeste;SP;3539707;Platina;Total;Municipal;--;--;--;--;--;--
2019;Sudeste;SP;3539707;Platina;Urbana;Municipal;--;--;--;--;--;--
2019;Sudeste;SP;3539707;Platina;Total;Pública;0;0;0;0;--;--
2019;Sudeste;SP;3539707;Platina;Urbana;Pública;0;0;0;0;--;--
2019;Sudeste;SP;3539806;Poá;Total;Total;1,6;1,9;2,4;0,4;--;--
2019;Sudeste;SP;3539806;Poá;Urbana;Total;1,6;1,9;2,4;0,4;--;--
2019;Sudeste;SP;3539806;Poá;Total;Estadual;1,5;1,9;2,5;0,4;--;--
2019;Sudeste;SP;3539806;Poá;Urbana;Estadual;1,5;1,9;2,5;0,4;--;--
2019;Sudeste;SP;3539806;Poá;Total;Municipal;--;--;--;--;--;--
2019;Sudeste;SP;3539806;Poá;Urbana;Municipal;--;--;--;--;--;--
2019;Sudeste;SP;3539806;Poá;Total;Privada;0;0;0;0;--;--
2019;Sudeste;SP;3539806;Poá;Urbana;Privada;0;0;0;0;--;--
2019;Sudeste;SP;3539806;Poá;Total;Pública;1,5;1,9;2,5;0,4;--;--
2019;Sudeste;SP;3539806;Poá;Urbana;Pública;1,5;1,9;2,5;0,4;--;--
2019;Sudeste;SP;3539905;Poloni;Total;Total;2,9;5,2;0;2,5;--;--
2019;Sudeste;SP;3539905;Poloni;Urbana;Total;2,9;5,2;0;2,5;--;--
2019;Sudeste;SP;3539905;Poloni;Total;Estadual;2,9;5,2;0;2,5;--;--
2019;Sudeste;SP;3539905;Poloni;Urbana;Estadual;2,9;5,2;0;2,5;--;--
2019;Sudeste;SP;3539905;Poloni;Total;Municipal;--;--;--;--;--;--
2019;Sudeste;SP;3539905;Poloni;Urbana;Municipal;--;--;--;--;--;--
2019;Sudeste;SP;3539905;Poloni;Total;Pública;2,9;5,2;0;2,5;--;--
2019;Sudeste;SP;3539905;Poloni;Urbana;Pública;2,9;5,2;0;2,5;--;--
2019;Sudeste;SP;3540002;Pompéia;Total;Total;0,3;0;0,8;0;--;--
2019;Sudeste;SP;3540002;Pompéia;Urbana;Total;0,3;0;0,8;0;--;--
2019;Sudeste;SP;3540002;Pompéia;Total;Estadual;0,4;0;1,2;0;--;--
2019;Sudeste;SP;3540002;Pompéia;Urbana;Estadual;0,4;0;1,2;0;--;--
2019;Sudeste;SP;3540002;Pompéia;Total;Municipal;--;--;--;--;--;--
2019;Sudeste;SP;3540002;Pompéia;Urbana;Municipal;--;--;--;--;--;--
2019;Sudeste;SP;3540002;Pompéia;Total;Privada;0;0;0;0;--;--
2019;Sudeste;SP;3540002;Pompéia;Urbana;Privada;0;0;0;0;--;--
2019;Sudeste;SP;3540002;Pompéia;Total;Pública;0,4;0;1,2;0;--;--
2019;Sudeste;SP;3540002;Pompéia;Urbana;Pública;0,4;0;1,2;0;--;--
2019;Sudeste;SP;3540101;Pongaí;Total;Total;0;0;0;0;--;--
2019;Sudeste;SP;3540101;Pongaí;Urbana;Total;0;0;0;0;--;--
2019;Sudeste;SP;3540101;Pongaí;Total;Estadual;0;0;0;0;--;--
2019;Sudeste;SP;3540101;Pongaí;Urbana;Estadual;0;0;0;0;--;--
2019;Sudeste;SP;3540101;Pongaí;Total;Municipal;--;--;--;--;--;--
2019;Sudeste;SP;3540101;Pongaí;Urbana;Municipal;--;--;--;--;--;--
2019;Sudeste;SP;3540101;Pongaí;Total;Pública;0;0;0;0;--;--
2019;Sudeste;SP;3540101;Pongaí;Urbana;Pública;0;0;0;0;--;--
2019;Sudeste;SP;3540200;Pontal;Total;Total;1;1,2;0,6;1,4;--;--
2019;Sudeste;SP;3540200;Pontal;Urbana;Total;1;1,2;0,6;1,4;--;--
2019;Sudeste;SP;3540200;Pontal;Total;Estadual;1,1;1,3;0,7;1,6;--;--
2019;Sudeste;SP;3540200;Pontal;Urbana;Estadual;1,1;1,3;0,7;1,6;--;--
2019;Sudeste;SP;3540200;Pontal;Total;Municipal;--;--;--;--;--;--
2019;Sudeste;SP;3540200;Pontal;Urbana;Municipal;--;--;--;--;--;--
2019;Sudeste;SP;3540200;Pontal;Total;Privada;0;0;0;0;--;--
2019;Sudeste;SP;3540200;Pontal;Urbana;Privada;0;0;0;0;--;--
2019;Sudeste;SP;3540200;Pontal;Total;Pública;1,1;1,3;0,7;1,6;--;--
2019;Sudeste;SP;3540200;Pontal;Urbana;Pública;1,1;1,3;0,7;1,6;--;--
2019;Sudeste;SP;3540259;Pontalinda;Total;Total;1,1;2,8;0;0;--;--
2019;Sudeste;SP;3540259;Pontalinda;Urbana;Total;1,1;2,8;0;0;--;--
2019;Sudeste;SP;3540259;Pontalinda;Total;Estadual;1,1;2,8;0;0;--;--
2019;Sudeste;SP;3540259;Pontalinda;Urbana;Estadual;1,1;2,8;0;0;--;--
2019;Sudeste;SP;3540259;Pontalinda;Total;Municipal;--;--;--;--;--;--
2019;Sudeste;SP;3540259;Pontalinda;Urbana;Municipal;--;--;--;--;--;--
2019;Sudeste;SP;3540259;Pontalinda;Total;Pública;1,1;2,8;0;0;--;--
2019;Sudeste;SP;3540259;Pontalinda;Urbana;Pública;1,1;2,8;0;0;--;--
2019;Sudeste;SP;3540309;Pontes Gestal;Total;Total;1,9;4,3;0;0;--;--
2019;Sudeste;SP;3540309;Pontes Gestal;Urbana;Total;1,9;4,3;0;0;--;--
2019;Sudeste;SP;3540309;Pontes Gestal;Total;Estadual;1,9;4,3;0;0;--;--
2019;Sudeste;SP;3540309;Pontes Gestal;Urbana;Estadual;1,9;4,3;0;0;--;--
2019;Sudeste;SP;3540309;Pontes Gestal;Total;Municipal;--;--;--;--;--;--
2019;Sudeste;SP;3540309;Pontes Gestal;Urbana;Municipal;--;--;--;--;--;--
2019;Sudeste;SP;3540309;Pontes Gestal;Total;Pública;1,9;4,3;0;0;--;--
2019;Sudeste;SP;3540309;Pontes Gestal;Urbana;Pública;1,9;4,3;0;0;--;--
2019;Sudeste;SP;3540408;Populina;Total;Total;0,9;0;2,7;0;--;--
2019;Sudeste;SP;3540408;Populina;Urbana;Total;0,9;0;2,7;0;--;--
2019;Sudeste;SP;3540408;Populina;Total;Estadual;0,9;0;2,7;0;--;--
2019;Sudeste;SP;3540408;Populina;Urbana;Estadual;0,9;0;2,7;0;--;--
2019;Sudeste;SP;3540408;Populina;Total;Municipal;--;--;--;--;--;--
2019;Sudeste;SP;3540408;Populina;Urbana;Municipal;--;--;--;--;--;--
2019;Sudeste;SP;3540408;Populina;Total;Pública;0,9;0;2,7;0;--;--
2019;Sudeste;SP;3540408;Populina;Urbana;Pública;0,9;0;2,7;0;--;--
2019;Sudeste;SP;3540507;Porangaba;Total;Total;0;0;0;0;--;--
2019;Sudeste;SP;3540507;Porangaba;Urbana;Total;0;0;0;0;--;--
2019;Sudeste;SP;3540507;Porangaba;Total;Estadual;0;0;0;0;--;--
2019;Sudeste;SP;3540507;Porangaba;Urbana;Estadual;0;0;0;0;--;--
2019;Sudeste;SP;3540507;Porangaba;Total;Municipal;--;--;--;--;--;--
2019;Sudeste;SP;3540507;Porangaba;Urbana;Municipal;--;--;--;--;--;--
2019;Sudeste;SP;3540507;Porangaba;Total;Pública;0;0;0;0;--;--
2019;Sudeste;SP;3540507;Porangaba;Urbana;Pública;0;0;0;0;--;--
2019;Sudeste;SP;3540606;Porto Feliz;Total;Total;0,5;0;0,8;0,7;--;--
2019;Sudeste;SP;3540606;Porto Feliz;Urbana;Total;0,5;0;0,9;0,8;--;--
2019;Sudeste;SP;3540606;Porto Feliz;Rural;Total;0;0;0;0;--;--
2019;Sudeste;SP;3540606;Porto Feliz;Total;Estadual;0,5;0;0,9;0,8;--;--
2019;Sudeste;SP;3540606;Porto Feliz;Urbana;Estadual;0,6;0;0,9;0,9;--;--
2019;Sudeste;SP;3540606;Porto Feliz;Rural;Estadual;0;0;0;0;--;--
2019;Sudeste;SP;3540606;Porto Feliz;Total;Municipal;--;--;--;--;--;--
2019;Sudeste;SP;3540606;Porto Feliz;Urbana;Municipal;--;--;--;--;--;--
2019;Sudeste;SP;3540606;Porto Feliz;Rural;Municipal;--;--;--;--;--;--
2019;Sudeste;SP;3540606;Porto Feliz;Total;Privada;0;0;0;0;--;--
2019;Sudeste;SP;3540606;Porto Feliz;Urbana;Privada;0;0;0;0;--;--
2019;Sudeste;SP;3540606;Porto Feliz;Total;Pública;0,5;0;0,9;0,8;--;--
2019;Sudeste;SP;3540606;Porto Feliz;Urbana;Pública;0,6;0;0,9;0,9;--;--
2019;Sudeste;SP;3540606;Porto Feliz;Rural;Pública;0;0;0;0;--;--
2019;Sudeste;SP;3540705;Porto Ferreira;Total;Total;6,1;7,3;6,6;3,5;--;--
2019;Sudeste;SP;3540705;Porto Ferreira;Urbana;Total;6,1;7,3;6,6;3,5;--;--
2019;Sudeste;SP;3540705;Porto Ferreira;Total;Estadual;7,2;8,4;6,9;5,4;--;--
2019;Sudeste;SP;3540705;Porto Ferreira;Urbana;Estadual;7,2;8,4;6,9;5,4;--;--
2019;Sudeste;SP;3540705;Porto Ferreira;Total;Municipal;6,6;7,7;10,2;1,7;--;--
2019;Sudeste;SP;3540705;Porto Ferreira;Urbana;Municipal;6,6;7,7;10,2;1,7;--;--
2019;Sudeste;SP;3540705;Porto Ferreira;Total;Privada;0;0;0;0;--;--
2019;Sudeste;SP;3540705;Porto Ferreira;Urbana;Privada;0;0;0;0;--;--
2019;Sudeste;SP;3540705;Porto Ferreira;Total;Pública;7;8,2;7,7;4,1;--;--
2019;Sudeste;SP;3540705;Porto Ferreira;Urbana;Pública;7;8,2;7,7;4,1;--;--
2019;Sudeste;SP;3540754;Potim;Total;Total;5,2;7,3;7,4;0;--;--
2019;Sudeste;SP;3540754;Potim;Urbana;Total;5,2;7,3;7,4;0;--;--
2019;Sudeste;SP;3540754;Potim;Total;Estadual;5,2;7,3;7,4;0;--;--
2019;Sudeste;SP;3540754;Potim;Urbana;Estadual;5,2;7,3;7,4;0;--;--
2019;Sudeste;SP;3540754;Potim;Total;Municipal;--;--;--;--;--;--
2019;Sudeste;SP;3540754;Potim;Urbana;Municipal;--;--;--;--;--;--
2019;Sudeste;SP;3540754;Potim;Total;Pública;5,2;7,3;7,4;0;--;--
2019;Sudeste;SP;3540754;Potim;Urbana;Pública;5,2;7,3;7,4;0;--;--
2019;Sudeste;SP;3540804;Potirendaba;Total;Total;2,1;3,5;1,5;0,8;--;--
2019;Sudeste;SP;3540804;Potirendaba;Urbana;Total;2,1;3,5;1,5;0,8;--;--
2019;Sudeste;SP;3540804;Potirendaba;Total;Estadual;2,3;3,8;1,6;0,9;--;--
2019;Sudeste;SP;3540804;Potirendaba;Urbana;Estadual;2,3;3,8;1,6;0,9;--;--
2019;Sudeste;SP;3540804;Potirendaba;Total;Municipal;--;--;--;--;--;--
2019;Sudeste;SP;3540804;Potirendaba;Urbana;Municipal;--;--;--;--;--;--
2019;Sudeste;SP;3540804;Potirendaba;Total;Privada;0;0;0;0;--;--
2019;Sudeste;SP;3540804;Potirendaba;Urbana;Privada;0;0;0;0;--;--
2019;Sudeste;SP;3540804;Potirendaba;Total;Pública;2,3;3,8;1,6;0,9;--;--
2019;Sudeste;SP;3540804;Potirendaba;Urbana;Pública;2,3;3,8;1,6;0,9;--;--
2019;Sudeste;SP;3540853;Pracinha;Total;Total;0;0;0;0;--;--
2019;Sudeste;SP;3540853;Pracinha;Urbana;Total;0;0;0;0;--;--
2019;Sudeste;SP;3540853;Pracinha;Total;Estadual;0;0;0;0;--;--
2019;Sudeste;SP;3540853;Pracinha;Urbana;Estadual;0;0;0;0;--;--
2019;Sudeste;SP;3540853;Pracinha;Total;Municipal;--;--;--;--;--;--
2019;Sudeste;SP;3540853;Pracinha;Urbana;Municipal;--;--;--;--;--;--
2019;Sudeste;SP;3540853;Pracinha;Total;Pública;0;0;0;0;--;--
2019;Sudeste;SP;3540853;Pracinha;Urbana;Pública;0;0;0;0;--;--
2019;Sudeste;SP;3540903;Pradópolis;Total;Total;0;0;0;0;--;--
2019;Sudeste;SP;3540903;Pradópolis;Urbana;Total;0;0;0;0;--;--
2019;Sudeste;SP;3540903;Pradópolis;Total;Estadual;0;0;0;0;--;--
2019;Sudeste;SP;3540903;Pradópolis;Urbana;Estadual;0;0;0;0;--;--
2019;Sudeste;SP;3540903;Pradópolis;Total;Municipal;--;--;--;--;--;--
2019;Sudeste;SP;3540903;Pradópolis;Urbana;Municipal;--;--;--;--;--;--
2019;Sudeste;SP;3540903;Pradópolis;Total;Privada;--;--;--;--;--;--
2019;Sudeste;SP;3540903;Pradópolis;Urbana;Privada;--;--;--;--;--;--
2019;Sudeste;SP;3540903;Pradópolis;Total;Pública;0;0;0;0;--;--
2019;Sudeste;SP;3540903;Pradópolis;Urbana;Pública;0;0;0;0;--;--
2019;Sudeste;SP;3541000;Praia Grande;Total;Total;1,1;0,8;1,7;0,9;--;0
2019;Sudeste;SP;3541000;Praia Grande;Urbana;Total;1,1;0,8;1,7;0,9;--;0
2019;Sudeste;SP;3541000;Praia Grande;Total;Estadual;1,2;0,9;1,9;1,1;--;0
2019;Sudeste;SP;3541000;Praia Grande;Urbana;Estadual;1,2;0,9;1,9;1,1;--;0
2019;Sudeste;SP;3541000;Praia Grande;Total;Municipal;--;--;--;--;--;--
2019;Sudeste;SP;3541000;Praia Grande;Urbana;Municipal;--;--;--;--;--;--
2019;Sudeste;SP;3541000;Praia Grande;Total;Privada;0;0;0;0;--;--
2019;Sudeste;SP;3541000;Praia Grande;Urbana;Privada;0;0;0;0;--;--
2019;Sudeste;SP;3541000;Praia Grande;Total;Pública;1,2;0,9;1,9;1,1;--;0
2019;Sudeste;SP;3541000;Praia Grande;Urbana;Pública;1,2;0,9;1,9;1,1;--;0
2019;Sudeste;SP;3541059;Pratânia;Total;Total;0;0;0;0;--;--
2019;Sudeste;SP;3541059;Pratânia;Urbana;Total;0;0;0;0;--;--
2019;Sudeste;SP;3541059;Pratânia;Total;Estadual;0;0;0;0;--;--
2019;Sudeste;SP;3541059;Pratânia;Urbana;Estadual;0;0;0;0;--;--
2019;Sudeste;SP;3541059;Pratânia;Total;Municipal;--;--;--;--;--;--
2019;Sudeste;SP;3541059;Pratânia;Urbana;Municipal;--;--;--;--;--;--
2019;Sudeste;SP;3541059;Pratânia;Total;Pública;0;0;0;0;--;--
2019;Sudeste;SP;3541059;Pratânia;Urbana;Pública;0;0;0;0;--;--
2019;Sudeste;SP;3541109;Presidente Alves;Total;Total;1,7;2;0;2,8;--;--
2019;Sudeste;SP;3541109;Presidente Alves;Urbana;Total;1,7;2;0;2,8;--;--
2019;Sudeste;SP;3541109;Presidente Alves;Total;Estadual;1,7;2;0;2,8;--;--
2019;Sudeste;SP;3541109;Presidente Alves;Urbana;Estadual;1,7;2;0;2,8;--;--
2019;Sudeste;SP;3541109;Presidente Alves;Total;Pública;1,7;2;0;2,8;--;--
2019;Sudeste;SP;3541109;Presidente Alves;Urbana;Pública;1,7;2;0;2,8;--;--
2019;Sudeste;SP;3541208;Presidente Bernardes;Total;Total;1,5;2,2;1,7;0,8;--;0
2019;Sudeste;SP;3541208;Presidente Bernardes;Urbana;Total;1,5;2,2;1,7;0,8;--;0
2019;Sudeste;SP;3541208;Presidente Bernardes;Rural;Total;--;--;--;--;--;--
2019;Sudeste;SP;3541208;Presidente Bernardes;Total;Estadual;1,8;2,5;2;0,9;--;0
2019;Sudeste;SP;3541208;Presidente Bernardes;Urbana;Estadual;1,8;2,5;2;0,9;--;0
2019;Sudeste;SP;3541208;Presidente Bernardes;Total;Municipal;--;--;--;--;--;--
2019;Sudeste;SP;3541208;Presidente Bernardes;Urbana;Municipal;--;--;--;--;--;--
2019;Sudeste;SP;3541208;Presidente Bernardes;Rural;Municipal;--;--;--;--;--;--
2019;Sudeste;SP;3541208;Presidente Bernardes;Total;Privada;0;0;0;0;--;--
2019;Sudeste;SP;3541208;Presidente Bernardes;Urbana;Privada;0;0;0;0;--;--
2019;Sudeste;SP;3541208;Presidente Bernardes;Total;Pública;1,8;2,5;2;0,9;--;0
2019;Sudeste;SP;3541208;Presidente Bernardes;Urbana;Pública;1,8;2,5;2;0,9;--;0
2019;Sudeste;SP;3541208;Presidente Bernardes;Rural;Pública;--;--;--;--;--;--
2019;Sudeste;SP;3541307;Presidente Epitácio;Total;Total;0,5;0,6;0,4;0,7;--;--
2019;Sudeste;SP;3541307;Presidente Epitácio;Urbana;Total;0,5;0,6;0,4;0,7;--;--
2019;Sudeste;SP;3541307;Presidente Epitácio;Rural;Total;--;--;--;--;--;--
2019;Sudeste;SP;3541307;Presidente Epitácio;Total;Federal;0;0;0;0;--;--
2019;Sudeste;SP;3541307;Presidente Epitácio;Urbana;Federal;0;0;0;0;--;--
2019;Sudeste;SP;3541307;Presidente Epitácio;Total;Estadual;0,8;0,8;0,7;0,9;--;--
2019;Sudeste;SP;3541307;Presidente Epitácio;Urbana;Estadual;0,8;0,8;0,7;0,9;--;--
2019;Sudeste;SP;3541307;Presidente Epitácio;Total;Municipal;--;--;--;--;--;--
2019;Sudeste;SP;3541307;Presidente Epitácio;Urbana;Municipal;--;--;--;--;--;--
2019;Sudeste;SP;3541307;Presidente Epitácio;Rural;Municipal;--;--;--;--;--;--
2019;Sudeste;SP;3541307;Presidente Epitácio;Total;Privada;0;0;0;0;--;--
2019;Sudeste;SP;3541307;Presidente Epitácio;Urbana;Privada;0;0;0;0;--;--
2019;Sudeste;SP;3541307;Presidente Epitácio;Total;Pública;0,7;0,6;0,6;0,8;--;--
2019;Sudeste;SP;3541307;Presidente Epitácio;Urbana;Pública;0,7;0,6;0,6;0,8;--;--
2019;Sudeste;SP;3541307;Presidente Epitácio;Rural;Pública;--;--;--;--;--;--
2019;Sudeste;SP;3541406;Presidente Prudente;Total;Total;1,8;3,2;1,6;0,6;--;--
2019;Sudeste;SP;3541406;Presidente Prudente;Urbana;Total;1,8;3,3;1,7;0,5;--;--
2019;Sudeste;SP;3541406;Presidente Prudente;Rural;Total;0,3;0;0;0,9;--;--
2019;Sudeste;SP;3541406;Presidente Prudente;Total;Estadual;2,3;4,2;2,1;0,6;--;--
2019;Sudeste;SP;3541406;Presidente Prudente;Urbana;Estadual;2,4;4,5;2,2;0,7;--;--
2019;Sudeste;SP;3541406;Presidente Prudente;Rural;Estadual;0,3;0;0;0,9;--;--
2019;Sudeste;SP;3541406;Presidente Prudente;Total;Municipal;--;--;--;--;--;--
2019;Sudeste;SP;3541406;Presidente Prudente;Urbana;Municipal;--;--;--;--;--;--
2019;Sudeste;SP;3541406;Presidente Prudente;Total;Privada;0;0;0;0;--;--
2019;Sudeste;SP;3541406;Presidente Prudente;Urbana;Privada;0;0;0;0;--;--
2019;Sudeste;SP;3541406;Presidente Prudente;Total;Pública;2,3;4,2;2,1;0,6;--;--
2019;Sudeste;SP;3541406;Presidente Prudente;Urbana;Pública;2,4;4,5;2,2;0,7;--;--
2019;Sudeste;SP;3541406;Presidente Prudente;Rural;Pública;0,3;0;0;0,9;--;--
2019;Sudeste;SP;3541505;Presidente Venceslau;Total;Total;0,7;1,1;0,6;0,3;--;--
2019;Sudeste;SP;3541505;Presidente Venceslau;Urbana;Total;1;1,7;0,8;0,4;--;--
2019;Sudeste;SP;3541505;Presidente Venceslau;Rural;Total;0;0;0;0;--;--
2019;Sudeste;SP;3541505;Presidente Venceslau;Total;Estadual;0,9;1,5;0,7;0,3;--;--
2019;Sudeste;SP;3541505;Presidente Venceslau;Urbana;Estadual;1,3;2,1;1,1;0,6;--;--
2019;Sudeste;SP;3541505;Presidente Venceslau;Rural;Estadual;0;0;0;0;--;--
2019;Sudeste;SP;3541505;Presidente Venceslau;Total;Municipal;--;--;--;--;--;--
2019;Sudeste;SP;3541505;Presidente Venceslau;Urbana;Municipal;--;--;--;--;--;--
2019;Sudeste;SP;3541505;Presidente Venceslau;Rural;Municipal;--;--;--;--;--;--
2019;Sudeste;SP;3541505;Presidente Venceslau;Total;Privada;0;0;0;0;--;--
2019;Sudeste;SP;3541505;Presidente Venceslau;Urbana;Privada;0;0;0;0;--;--
2019;Sudeste;SP;3541505;Presidente Venceslau;Total;Pública;0,9;1,5;0,7;0,3;--;--
2019;Sudeste;SP;3541505;Presidente Venceslau;Urbana;Pública;1,3;2,1;1,1;0,6;--;--
2019;Sudeste;SP;3541505;Presidente Venceslau;Rural;Pública;0;0;0;0;--;--
2019;Sudeste;SP;3541604;Promissão;Total;Total;2,9;4,5;2,1;1,7;--;--
2019;Sudeste;SP;3541604;Promissão;Urbana;Total;2,8;4,2;2,3;1,5;--;--
2019;Sudeste;SP;3541604;Promissão;Rural;Total;4,9;9,1;0;3,7;--;--
2019;Sudeste;SP;3541604;Promissão;Total;Estadual;3,3;5,1;2,5;2;--;--
2019;Sudeste;SP;3541604;Promissão;Urbana;Estadual;3,2;4,7;2,6;1,9;--;--
2019;Sudeste;SP;3541604;Promissão;Rural;Estadual;4,9;9,1;0;3,7;--;--
2019;Sudeste;SP;3541604;Promissão;Total;Municipal;--;--;--;--;--;--
2019;Sudeste;SP;3541604;Promissão;Urbana;Municipal;--;--;--;--;--;--
2019;Sudeste;SP;3541604;Promissão;Rural;Municipal;--;--;--;--;--;--
2019;Sudeste;SP;3541604;Promissão;Total;Privada;0;0;0;0;--;--
2019;Sudeste;SP;3541604;Promissão;Urbana;Privada;0;0;0;0;--;--
2019;Sudeste;SP;3541604;Promissão;Total;Pública;3,3;5,1;2,5;2;--;--
2019;Sudeste;SP;3541604;Promissão;Urbana;Pública;3,2;4,7;2,6;1,9;--;--
2019;Sudeste;SP;3541604;Promissão;Rural;Pública;4,9;9,1;0;3,7;--;--
2019;Sudeste;SP;3541653;Quadra;Total;Total;0,7;0;0;2,4;--;--
2019;Sudeste;SP;3541653;Quadra;Urbana;Total;0,7;0;0;2,4;--;--
2019;Sudeste;SP;3541653;Quadra;Total;Estadual;0,7;0;0;2,4;--;--
2019;Sudeste;SP;3541653;Quadra;Urbana;Estadual;0,7;0;0;2,4;--;--
2019;Sudeste;SP;3541653;Quadra;Total;Municipal;--;--;--;--;--;--
2019;Sudeste;SP;3541653;Quadra;Urbana;Municipal;--;--;--;--;--;--
2019;Sudeste;SP;3541653;Quadra;Total;Pública;0,7;0;0;2,4;--;--
2019;Sudeste;SP;3541653;Quadra;Urbana;Pública;0,7;0;0;2,4;--;--
2019;Sudeste;SP;3541703;Quatá;Total;Total;0,2;0;0;0,6;--;--
2019;Sudeste;SP;3541703;Quatá;Urbana;Total;0,3;0;0;1,1;--;--
2019;Sudeste;SP;3541703;Quatá;Rural;Total;0;0;0;0;--;--
2019;Sudeste;SP;3541703;Quatá;Total;Estadual;0,2;0;0;0,8;--;--
2019;Sudeste;SP;3541703;Quatá;Urbana;Estadual;0,5;0;0;1,5;--;--
2019;Sudeste;SP;3541703;Quatá;Rural;Estadual;0;0;0;0;--;--
2019;Sudeste;SP;3541703;Quatá;Total;Municipal;--;--;--;--;--;--
2019;Sudeste;SP;3541703;Quatá;Urbana;Municipal;--;--;--;--;--;--
2019;Sudeste;SP;3541703;Quatá;Total;Privada;0;0;0;0;--;--
2019;Sudeste;SP;3541703;Quatá;Urbana;Privada;0;0;0;0;--;--
2019;Sudeste;SP;3541703;Quatá;Total;Pública;0,2;0;0;0,8;--;--
2019;Sudeste;SP;3541703;Quatá;Urbana;Pública;0,5;0;0;1,5;--;--
2019;Sudeste;SP;3541703;Quatá;Rural;Pública;0;0;0;0;--;--
2019;Sudeste;SP;3541802;Queiroz;Total;Total;3;0;2,4;6,4;--;--
2019;Sudeste;SP;3541802;Queiroz;Urbana;Total;3;0;2,4;6,4;--;--
2019;Sudeste;SP;3541802;Queiroz;Total;Estadual;3;0;2,4;6,4;--;--
2019;Sudeste;SP;3541802;Queiroz;Urbana;Estadual;3;0;2,4;6,4;--;--
2019;Sudeste;SP;3541802;Queiroz;Total;Municipal;--;--;--;--;--;--
2019;Sudeste;SP;3541802;Queiroz;Urbana;Municipal;--;--;--;--;--;--
2019;Sudeste;SP;3541802;Queiroz;Total;Pública;3;0;2,4;6,4;--;--
2019;Sudeste;SP;3541802;Queiroz;Urbana;Pública;3;0;2,4;6,4;--;--
2019;Sudeste;SP;3541901;Queluz;Total;Total;2,3;5,2;0;1;--;--
2019;Sudeste;SP;3541901;Queluz;Urbana;Total;2,3;5,2;0;1;--;--
2019;Sudeste;SP;3541901;Queluz;Rural;Total;--;--;--;--;--;--
2019;Sudeste;SP;3541901;Queluz;Total;Estadual;2,3;5,2;0;1;--;--
2019;Sudeste;SP;3541901;Queluz;Urbana;Estadual;2,3;5,2;0;1;--;--
2019;Sudeste;SP;3541901;Queluz;Total;Municipal;--;--;--;--;--;--
2019;Sudeste;SP;3541901;Queluz;Urbana;Municipal;--;--;--;--;--;--
2019;Sudeste;SP;3541901;Queluz;Rural;Municipal;--;--;--;--;--;--
2019;Sudeste;SP;3541901;Queluz;Total;Pública;2,3;5,2;0;1;--;--
2019;Sudeste;SP;3541901;Queluz;Urbana;Pública;2,3;5,2;0;1;--;--
2019;Sudeste;SP;3541901;Queluz;Rural;Pública;--;--;--;--;--;--
2019;Sudeste;SP;3542008;Quintana;Total;Total;0;0;0;0;--;--
2019;Sudeste;SP;3542008;Quintana;Urbana;Total;0;0;0;0;--;--
2019;Sudeste;SP;3542008;Quintana;Total;Estadual;0;0;0;0;--;--
2019;Sudeste;SP;3542008;Quintana;Urbana;Estadual;0;0;0;0;--;--
2019;Sudeste;SP;3542008;Quintana;Total;Municipal;--;--;--;--;--;--
2019;Sudeste;SP;3542008;Quintana;Urbana;Municipal;--;--;--;--;--;--
2019;Sudeste;SP;3542008;Quintana;Total;Pública;0;0;0;0;--;--
2019;Sudeste;SP;3542008;Quintana;Urbana;Pública;0;0;0;0;--;--
2019;Sudeste;SP;3542107;Rafard;Total;Total;0;0;0;0;--;--
2019;Sudeste;SP;3542107;Rafard;Urbana;Total;0;0;0;0;--;--
2019;Sudeste;SP;3542107;Rafard;Total;Estadual;0;0;0;0;--;--
2019;Sudeste;SP;3542107;Rafard;Urbana;Estadual;0;0;0;0;--;--
2019;Sudeste;SP;3542107;Rafard;Total;Municipal;--;--;--;--;--;--
2019;Sudeste;SP;3542107;Rafard;Urbana;Municipal;--;--;--;--;--;--
2019;Sudeste;SP;3542107;Rafard;Total;Pública;0;0;0;0;--;--
2019;Sudeste;SP;3542107;Rafard;Urbana;Pública;0;0;0;0;--;--
2019;Sudeste;SP;3542206;Rancharia;Total;Total;0,3;0,3;0,3;0,2;--;--
2019;Sudeste;SP;3542206;Rancharia;Urbana;Total;0,3;0,3;0,3;0,2;--;--
2019;Sudeste;SP;3542206;Rancharia;Total;Estadual;0,3;0,3;0,3;0,3;--;--
2019;Sudeste;SP;3542206;Rancharia;Urbana;Estadual;0,3;0,3;0,3;0,3;--;--
2019;Sudeste;SP;3542206;Rancharia;Total;Municipal;--;--;--;--;--;--
2019;Sudeste;SP;3542206;Rancharia;Urbana;Municipal;--;--;--;--;--;--
2019;Sudeste;SP;3542206;Rancharia;Total;Privada;0;0;0;0;--;--
2019;Sudeste;SP;3542206;Rancharia;Urbana;Privada;0;0;0;0;--;--
2019;Sudeste;SP;3542206;Rancharia;Total;Pública;0,3;0,3;0,3;0,3;--;--
2019;Sudeste;SP;3542206;Rancharia;Urbana;Pública;0,3;0,3;0,3;0,3;--;--
2019;Sudeste;SP;3542305;Redenção da Serra;Total;Total;4,4;8,5;2,4;0;--;--
2019;Sudeste;SP;3542305;Redenção da Serra;Urbana;Total;4,4;8,5;2,4;0;--;--
2019;Sudeste;SP;3542305;Redenção da Serra;Total;Estadual;4,4;8,5;2,4;0;--;--
2019;Sudeste;SP;3542305;Redenção da Serra;Urbana;Estadual;4,4;8,5;2,4;0;--;--
2019;Sudeste;SP;3542305;Redenção da Serra;Total;Municipal;--;--;--;--;--;--
2019;Sudeste;SP;3542305;Redenção da Serra;Urbana;Municipal;--;--;--;--;--;--
2019;Sudeste;SP;3542305;Redenção da Serra;Total;Pública;4,4;8,5;2,4;0;--;--
2019;Sudeste;SP;3542305;Redenção da Serra;Urbana;Pública;4,4;8,5;2,4;0;--;--
2019;Sudeste;SP;3542404;Regente Feijó;Total;Total;0,8;0;1,6;0,9;--;--
2019;Sudeste;SP;3542404;Regente Feijó;Urbana;Total;0,8;0;1,6;0,9;--;--
2019;Sudeste;SP;3542404;Regente Feijó;Total;Estadual;1;0;2,1;1,2;--;--
2019;Sudeste;SP;3542404;Regente Feijó;Urbana;Estadual;1;0;2,1;1,2;--;--
2019;Sudeste;SP;3542404;Regente Feijó;Total;Municipal;--;--;--;--;--;--
2019;Sudeste;SP;3542404;Regente Feijó;Urbana;Municipal;--;--;--;--;--;--
2019;Sudeste;SP;3542404;Regente Feijó;Total;Privada;0;0;0;0;--;--
2019;Sudeste;SP;3542404;Regente Feijó;Urbana;Privada;0;0;0;0;--;--
2019;Sudeste;SP;3542404;Regente Feijó;Total;Pública;1;0;2,1;1,2;--;--
2019;Sudeste;SP;3542404;Regente Feijó;Urbana;Pública;1;0;2,1;1,2;--;--
2019;Sudeste;SP;3542503;Reginópolis;Total;Total;2,3;2,6;3,9;0;--;--
2019;Sudeste;SP;3542503;Reginópolis;Urbana;Total;2,3;2,6;3,9;0;--;--
2019;Sudeste;SP;3542503;Reginópolis;Total;Estadual;2,3;2,6;3,9;0;--;--
2019;Sudeste;SP;3542503;Reginópolis;Urbana;Estadual;2,3;2,6;3,9;0;--;--
2019;Sudeste;SP;3542503;Reginópolis;Total;Municipal;--;--;--;--;--;--
2019;Sudeste;SP;3542503;Reginópolis;Urbana;Municipal;--;--;--;--;--;--
2019;Sudeste;SP;3542503;Reginópolis;Total;Pública;2,3;2,6;3,9;0;--;--
2019;Sudeste;SP;3542503;Reginópolis;Urbana;Pública;2,3;2,6;3,9;0;--;--
2019;Sudeste;SP;3542602;Registro;Total;Total;1,1;1,5;0,8;0,8;--;--
2019;Sudeste;SP;3542602;Registro;Urbana;Total;0,6;1,1;0,4;0,4;--;--
2019;Sudeste;SP;3542602;Registro;Rural;Total;4,9;4;4,9;6,2;--;--
2019;Sudeste;SP;3542602;Registro;Total;Federal;0;0;0;0;--;--
2019;Sudeste;SP;3542602;Registro;Urbana;Federal;0;0;0;0;--;--
2019;Sudeste;SP;3542602;Registro;Total;Estadual;1,5;2,1;1,1;1,2;--;--
2019;Sudeste;SP;3542602;Registro;Urbana;Estadual;0,9;1,7;0,6;0,6;--;--
2019;Sudeste;SP;3542602;Registro;Rural;Estadual;4,9;4;4,9;6,2;--;--
2019;Sudeste;SP;3542602;Registro;Total;Municipal;--;--;--;--;--;--
2019;Sudeste;SP;3542602;Registro;Urbana;Municipal;--;--;--;--;--;--
2019;Sudeste;SP;3542602;Registro;Rural;Municipal;--;--;--;--;--;--
2019;Sudeste;SP;3542602;Registro;Total;Privada;0;0;0;0;--;--
2019;Sudeste;SP;3542602;Registro;Urbana;Privada;0;0;0;0;--;--
2019;Sudeste;SP;3542602;Registro;Rural;Privada;--;--;--;--;--;--
2019;Sudeste;SP;3542602;Registro;Total;Pública;1,2;1,7;1;1;--;--
2019;Sudeste;SP;3542602;Registro;Urbana;Pública;0,7;1,4;0,5;0,5;--;--
2019;Sudeste;SP;3542602;Registro;Rural;Pública;4,9;4;4,9;6,2;--;--
2019;Sudeste;SP;3542701;Restinga;Total;Total;3,6;4,9;4,2;1,2;--;--
2019;Sudeste;SP;3542701;Restinga;Urbana;Total;3,6;4,9;4,2;1,2;--;--
2019;Sudeste;SP;3542701;Restinga;Total;Estadual;3,6;4,9;4,2;1,2;--;--
2019;Sudeste;SP;3542701;Restinga;Urbana;Estadual;3,6;4,9;4,2;1,2;--;--
2019;Sudeste;SP;3542701;Restinga;Total;Municipal;--;--;--;--;--;--
2019;Sudeste;SP;3542701;Restinga;Urbana;Municipal;--;--;--;--;--;--
2019;Sudeste;SP;3542701;Restinga;Total;Pública;3,6;4,9;4,2;1,2;--;--
2019;Sudeste;SP;3542701;Restinga;Urbana;Pública;3,6;4,9;4,2;1,2;--;--
2019;Sudeste;SP;3542800;Ribeira;Total;Total;0;0;0;0;--;--
2019;Sudeste;SP;3542800;Ribeira;Urbana;Total;0;0;0;0;--;--
2019;Sudeste;SP;3542800;Ribeira;Rural;Total;0;0;0;0;--;--
2019;Sudeste;SP;3542800;Ribeira;Total;Estadual;0;0;0;0;--;--
2019;Sudeste;SP;3542800;Ribeira;Urbana;Estadual;0;0;0;0;--;--
2019;Sudeste;SP;3542800;Ribeira;Rural;Estadual;0;0;0;0;--;--
2019;Sudeste;SP;3542800;Ribeira;Total;Municipal;--;--;--;--;--;--
2019;Sudeste;SP;3542800;Ribeira;Urbana;Municipal;--;--;--;--;--;--
2019;Sudeste;SP;3542800;Ribeira;Rural;Municipal;--;--;--;--;--;--
2019;Sudeste;SP;3542800;Ribeira;Total;Pública;0;0;0;0;--;--
2019;Sudeste;SP;3542800;Ribeira;Urbana;Pública;0;0;0;0;--;--
2019;Sudeste;SP;3542800;Ribeira;Rural;Pública;0;0;0;0;--;--
2019;Sudeste;SP;3542909;Ribeirão Bonito;Total;Total;1,8;4,3;0;0,9;--;--
2019;Sudeste;SP;3542909;Ribeirão Bonito;Urbana;Total;1,8;4,3;0;0,9;--;--
2019;Sudeste;SP;3542909;Ribeirão Bonito;Total;Estadual;2,2;5,2;0;1,1;--;--
2019;Sudeste;SP;3542909;Ribeirão Bonito;Urbana;Estadual;2,2;5,2;0;1,1;--;--
2019;Sudeste;SP;3542909;Ribeirão Bonito;Total;Municipal;--;--;--;--;--;--
2019;Sudeste;SP;3542909;Ribeirão Bonito;Urbana;Municipal;--;--;--;--;--;--
2019;Sudeste;SP;3542909;Ribeirão Bonito;Total;Privada;0;0;0;0;--;--
2019;Sudeste;SP;3542909;Ribeirão Bonito;Urbana;Privada;0;0;0;0;--;--
2019;Sudeste;SP;3542909;Ribeirão Bonito;Total;Pública;2,2;5,2;0;1,1;--;--
2019;Sudeste;SP;3542909;Ribeirão Bonito;Urbana;Pública;2,2;5,2;0;1,1;--;--
2019;Sudeste;SP;3543006;Ribeirão Branco;Total;Total;0,9;2;0,8;0,4;--;--
2019;Sudeste;SP;3543006;Ribeirão Branco;Urbana;Total;1,1;2,3;0,9;0,5;--;--
2019;Sudeste;SP;3543006;Ribeirão Branco;Rural;Total;0;0;0;0;--;--
2019;Sudeste;SP;3543006;Ribeirão Branco;Total;Estadual;0,9;2;0,8;0,4;--;--
2019;Sudeste;SP;3543006;Ribeirão Branco;Urbana;Estadual;1,1;2,3;0,9;0,5;--;--
2019;Sudeste;SP;3543006;Ribeirão Branco;Rural;Estadual;0;0;0;0;--;--
2019;Sudeste;SP;3543006;Ribeirão Branco;Total;Municipal;--;--;--;--;--;--
2019;Sudeste;SP;3543006;Ribeirão Branco;Urbana;Municipal;--;--;--;--;--;--
2019;Sudeste;SP;3543006;Ribeirão Branco;Rural;Municipal;--;--;--;--;--;--
2019;Sudeste;SP;3543006;Ribeirão Branco;Total;Pública;0,9;2;0,8;0,4;--;--
2019;Sudeste;SP;3543006;Ribeirão Branco;Urbana;Pública;1,1;2,3;0,9;0,5;--;--
2019;Sudeste;SP;3543006;Ribeirão Branco;Rural;Pública;0;0;0;0;--;--
2019;Sudeste;SP;3543105;Ribeirão Corrente;Total;Total;2,4;7;0;0;--;--
2019;Sudeste;SP;3543105;Ribeirão Corrente;Urbana;Total;2,4;7;0;0;--;--
2019;Sudeste;SP;3543105;Ribeirão Corrente;Total;Estadual;2,4;7;0;0;--;--
2019;Sudeste;SP;3543105;Ribeirão Corrente;Urbana;Estadual;2,4;7;0;0;--;--
2019;Sudeste;SP;3543105;Ribeirão Corrente;Total;Municipal;--;--;--;--;--;--
2019;Sudeste;SP;3543105;Ribeirão Corrente;Urbana;Municipal;--;--;--;--;--;--
2019;Sudeste;SP;3543105;Ribeirão Corrente;Total;Pública;2,4;7;0;0;--;--
2019;Sudeste;SP;3543105;Ribeirão Corrente;Urbana;Pública;2,4;7;0;0;--;--
2019;Sudeste;SP;3543204;Ribeirão do Sul;Total;Total;0;0;0;0;--;--
2019;Sudeste;SP;3543204;Ribeirão do Sul;Urbana;Total;0;0;0;0;--;--
2019;Sudeste;SP;3543204;Ribeirão do Sul;Total;Estadual;0;0;0;0;--;--
2019;Sudeste;SP;3543204;Ribeirão do Sul;Urbana;Estadual;0;0;0;0;--;--
2019;Sudeste;SP;3543204;Ribeirão do Sul;Total;Municipal;--;--;--;--;--;--
2019;Sudeste;SP;3543204;Ribeirão do Sul;Urbana;Municipal;--;--;--;--;--;--
2019;Sudeste;SP;3543204;Ribeirão do Sul;Total;Pública;0;0;0;0;--;--
2019;Sudeste;SP;3543204;Ribeirão do Sul;Urbana;Pública;0;0;0;0;--;--
2019;Sudeste;SP;3543238;Ribeirão dos Índios;Total;Total;2,9;8,4;0;0;--;--
2019;Sudeste;SP;3543238;Ribeirão dos Índios;Urbana;Total;2,9;8,4;0;0;--;--
2019;Sudeste;SP;3543238;Ribeirão dos Índios;Total;Estadual;2,9;8,4;0;0;--;--
2019;Sudeste;SP;3543238;Ribeirão dos Índios;Urbana;Estadual;2,9;8,4;0;0;--;--
2019;Sudeste;SP;3543238;Ribeirão dos Índios;Total;Municipal;--;--;--;--;--;--
2019;Sudeste;SP;3543238;Ribeirão dos Índios;Urbana;Municipal;--;--;--;--;--;--
2019;Sudeste;SP;3543238;Ribeirão dos Índios;Total;Pública;2,9;8,4;0;0;--;--
2019;Sudeste;SP;3543238;Ribeirão dos Índios;Urbana;Pública;2,9;8,4;0;0;--;--
2019;Sudeste;SP;3543253;Ribeirão Grande;Total;Total;0;0;0;0;--;--
2019;Sudeste;SP;3543253;Ribeirão Grande;Urbana;Total;0;0;0;0;--;--
2019;Sudeste;SP;3543253;Ribeirão Grande;Rural;Total;0;0;0;0;--;--
2019;Sudeste;SP;3543253;Ribeirão Grande;Total;Estadual;0;0;0;0;--;--
2019;Sudeste;SP;3543253;Ribeirão Grande;Urbana;Estadual;0;0;0;0;--;--
2019;Sudeste;SP;3543253;Ribeirão Grande;Rural;Estadual;0;0;0;0;--;--
2019;Sudeste;SP;3543253;Ribeirão Grande;Total;Municipal;--;--;--;--;--;--
2019;Sudeste;SP;3543253;Ribeirão Grande;Urbana;Municipal;--;--;--;--;--;--
2019;Sudeste;SP;3543253;Ribeirão Grande;Rural;Municipal;--;--;--;--;--;--
2019;Sudeste;SP;3543253;Ribeirão Grande;Total;Pública;0;0;0;0;--;--
2019;Sudeste;SP;3543253;Ribeirão Grande;Urbana;Pública;0;0;0;0;--;--
2019;Sudeste;SP;3543253;Ribeirão Grande;Rural;Pública;0;0;0;0;--;--
2019;Sudeste;SP;3543303;Ribeirão Pires;Total;Total;0,6;1;0,7;0,2;--;--
2019;Sudeste;SP;3543303;Ribeirão Pires;Urbana;Total;0,6;1;0,7;0,2;--;--
2019;Sudeste;SP;3543303;Ribeirão Pires;Total;Estadual;0,7;1,1;0,8;0,3;--;--
2019;Sudeste;SP;3543303;Ribeirão Pires;Urbana;Estadual;0,7;1,1;0,8;0,3;--;--
2019;Sudeste;SP;3543303;Ribeirão Pires;Total;Municipal;--;--;--;--;--;--
2019;Sudeste;SP;3543303;Ribeirão Pires;Urbana;Municipal;--;--;--;--;--;--
2019;Sudeste;SP;3543303;Ribeirão Pires;Total;Privada;0;0;0;0;--;--
2019;Sudeste;SP;3543303;Ribeirão Pires;Urbana;Privada;0;0;0;0;--;--
2019;Sudeste;SP;3543303;Ribeirão Pires;Total;Pública;0,7;1,1;0,8;0,3;--;--
2019;Sudeste;SP;3543303;Ribeirão Pires;Urbana;Pública;0,7;1,1;0,8;0,3;--;--
2019;Sudeste;SP;3543402;Ribeirão Preto;Total;Total;3,3;4,5;3,1;2;--;0
2019;Sudeste;SP;3543402;Ribeirão Preto;Urbana;Total;3,3;4,5;3,1;2;--;0
2019;Sudeste;SP;3543402;Ribeirão Preto;Rural;Total;0;--;--;--;--;0
2019;Sudeste;SP;3543402;Ribeirão Preto;Total;Estadual;4,7;6,3;4,5;2,8;--;0
2019;Sudeste;SP;3543402;Ribeirão Preto;Urbana;Estadual;4,7;6,3;4,5;2,8;--;0
2019;Sudeste;SP;3543402;Ribeirão Preto;Rural;Estadual;0;--;--;--;--;0
2019;Sudeste;SP;3543402;Ribeirão Preto;Total;Municipal;--;--;--;--;--;--
2019;Sudeste;SP;3543402;Ribeirão Preto;Urbana;Municipal;--;--;--;--;--;--
2019;Sudeste;SP;3543402;Ribeirão Preto;Total;Privada;0,2;0;0,1;0,3;--;--
2019;Sudeste;SP;3543402;Ribeirão Preto;Urbana;Privada;0,2;0;0,1;0,3;--;--
2019;Sudeste;SP;3543402;Ribeirão Preto;Total;Pública;4,7;6,3;4,5;2,8;--;0
2019;Sudeste;SP;3543402;Ribeirão Preto;Urbana;Pública;4,7;6,3;4,5;2,8;--;0
2019;Sudeste;SP;3543402;Ribeirão Preto;Rural;Pública;0;--;--;--;--;0
2019;Sudeste;SP;3543501;Riversul;Total;Total;2,7;3,7;1,6;2,8;--;--
2019;Sudeste;SP;3543501;Riversul;Urbana;Total;3,1;4,1;1,9;3,2;--;--
2019;Sudeste;SP;3543501;Riversul;Rural;Total;0;0;0;0;--;--
2019;Sudeste;SP;3543501;Riversul;Total;Estadual;2,7;3,7;1,6;2,8;--;--
2019;Sudeste;SP;3543501;Riversul;Urbana;Estadual;3,1;4,1;1,9;3,2;--;--
2019;Sudeste;SP;3543501;Riversul;Rural;Estadual;0;0;0;0;--;--
2019;Sudeste;SP;3543501;Riversul;Total;Municipal;--;--;--;--;--;--
2019;Sudeste;SP;3543501;Riversul;Urbana;Municipal;--;--;--;--;--;--
2019;Sudeste;SP;3543501;Riversul;Total;Pública;2,7;3,7;1,6;2,8;--;--
2019;Sudeste;SP;3543501;Riversul;Urbana;Pública;3,1;4,1;1,9;3,2;--;--
2019;Sudeste;SP;3543501;Riversul;Rural;Pública;0;0;0;0;--;--
2019;Sudeste;SP;3543600;Rifaina;Total;Total;2,2;5,6;0;0;--;--
2019;Sudeste;SP;3543600;Rifaina;Urbana;Total;2,2;5,6;0;0;--;--
2019;Sudeste;SP;3543600;Rifaina;Total;Estadual;2,2;5,6;0;0;--;--
2019;Sudeste;SP;3543600;Rifaina;Urbana;Estadual;2,2;5,6;0;0;--;--
2019;Sudeste;SP;3543600;Rifaina;Total;Municipal;--;--;--;--;--;--
2019;Sudeste;SP;3543600;Rifaina;Urbana;Municipal;--;--;--;--;--;--
2019;Sudeste;SP;3543600;Rifaina;Total;Pública;2,2;5,6;0;0;--;--
2019;Sudeste;SP;3543600;Rifaina;Urbana;Pública;2,2;5,6;0;0;--;--
2019;Sudeste;SP;3543709;Rincão;Total;Total;2,7;3,7;3,2;0;--;--
2019;Sudeste;SP;3543709;Rincão;Urbana;Total;2,7;3,7;3,2;0;--;--
2019;Sudeste;SP;3543709;Rincão;Total;Estadual;3,1;4;3,8;0;--;--
2019;Sudeste;SP;3543709;Rincão;Urbana;Estadual;3,1;4;3,8;0;--;--
2019;Sudeste;SP;3543709;Rincão;Total;Municipal;--;--;--;--;--;--
2019;Sudeste;SP;3543709;Rincão;Urbana;Municipal;--;--;--;--;--;--
2019;Sudeste;SP;3543709;Rincão;Total;Privada;0;0;0;0;--;--
2019;Sudeste;SP;3543709;Rincão;Urbana;Privada;0;0;0;0;--;--
2019;Sudeste;SP;3543709;Rincão;Total;Pública;3,1;4;3,8;0;--;--
2019;Sudeste;SP;3543709;Rincão;Urbana;Pública;3,1;4;3,8;0;--;--
2019;Sudeste;SP;3543808;Rinópolis;Total;Total;4,4;3,8;5,1;4,5;--;--
2019;Sudeste;SP;3543808;Rinópolis;Urbana;Total;4,4;3,8;5,1;4,5;--;--
2019;Sudeste;SP;3543808;Rinópolis;Total;Estadual;4,4;3,8;5,1;4,5;--;--
2019;Sudeste;SP;3543808;Rinópolis;Urbana;Estadual;4,4;3,8;5,1;4,5;--;--
2019;Sudeste;SP;3543808;Rinópolis;Total;Municipal;--;--;--;--;--;--
2019;Sudeste;SP;3543808;Rinópolis;Urbana;Municipal;--;--;--;--;--;--
2019;Sudeste;SP;3543808;Rinópolis;Total;Pública;4,4;3,8;5,1;4,5;--;--
2019;Sudeste;SP;3543808;Rinópolis;Urbana;Pública;4,4;3,8;5,1;4,5;--;--
2019;Sudeste;SP;3543907;Rio Claro;Total;Total;1,4;1,9;1,2;0,9;0;0
2019;Sudeste;SP;3543907;Rio Claro;Urbana;Total;1,4;1,9;1,2;0,9;0;--
2019;Sudeste;SP;3543907;Rio Claro;Rural;Total;0;--;--;--;--;0
2019;Sudeste;SP;3543907;Rio Claro;Total;Estadual;1,8;2,3;1,6;1,3;--;0
2019;Sudeste;SP;3543907;Rio Claro;Urbana;Estadual;1,8;2,3;1,6;1,3;--;--
2019;Sudeste;SP;3543907;Rio Claro;Rural;Estadual;0;--;--;--;--;0
2019;Sudeste;SP;3543907;Rio Claro;Total;Municipal;--;--;--;--;--;--
2019;Sudeste;SP;3543907;Rio Claro;Urbana;Municipal;--;--;--;--;--;--
2019;Sudeste;SP;3543907;Rio Claro;Rural;Municipal;--;--;--;--;--;--
2019;Sudeste;SP;3543907;Rio Claro;Total;Privada;0;0;0;0;0;--
2019;Sudeste;SP;3543907;Rio Claro;Urbana;Privada;0;0;0;0;0;--
2019;Sudeste;SP;3543907;Rio Claro;Total;Pública;1,8;2,3;1,6;1,3;--;0
2019;Sudeste;SP;3543907;Rio Claro;Urbana;Pública;1,8;2,3;1,6;1,3;--;--
2019;Sudeste;SP;3543907;Rio Claro;Rural;Pública;0;--;--;--;--;0
2019;Sudeste;SP;3544004;Rio das Pedras;Total;Total;1,9;2,4;2,9;0,4;--;--
2019;Sudeste;SP;3544004;Rio das Pedras;Urbana;Total;1,9;2,4;2,9;0,4;--;--
2019;Sudeste;SP;3544004;Rio das Pedras;Total;Estadual;1,9;2,4;2,9;0,4;--;--
2019;Sudeste;SP;3544004;Rio das Pedras;Urbana;Estadual;1,9;2,4;2,9;0,4;--;--
2019;Sudeste;SP;3544004;Rio das Pedras;Total;Municipal;--;--;--;--;--;--
2019;Sudeste;SP;3544004;Rio das Pedras;Urbana;Municipal;--;--;--;--;--;--
2019;Sudeste;SP;3544004;Rio das Pedras;Total;Privada;--;--;--;--;--;--
2019;Sudeste;SP;3544004;Rio das Pedras;Urbana;Privada;--;--;--;--;--;--
2019;Sudeste;SP;3544004;Rio das Pedras;Total;Pública;1,9;2,4;2,9;0,4;--;--
2019;Sudeste;SP;3544004;Rio das Pedras;Urbana;Pública;1,9;2,4;2,9;0,4;--;--
2019;Sudeste;SP;3544103;Rio Grande da Serra;Total;Total;1,6;2,6;1,8;0,4;--;--
2019;Sudeste;SP;3544103;Rio Grande da Serra;Urbana;Total;1,6;2,6;1,8;0,4;--;--
2019;Sudeste;SP;3544103;Rio Grande da Serra;Total;Estadual;1,6;2,6;1,8;0,4;--;--
2019;Sudeste;SP;3544103;Rio Grande da Serra;Urbana;Estadual;1,6;2,6;1,8;0,4;--;--
2019;Sudeste;SP;3544103;Rio Grande da Serra;Total;Pública;1,6;2,6;1,8;0,4;--;--
2019;Sudeste;SP;3544103;Rio Grande da Serra;Urbana;Pública;1,6;2,6;1,8;0,4;--;--
2019;Sudeste;SP;3544202;Riolândia;Total;Total;1,3;1,7;0;1,7;--;--
2019;Sudeste;SP;3544202;Riolândia;Urbana;Total;1,3;1,7;0;1,7;--;--
2019;Sudeste;SP;3544202;Riolândia;Total;Estadual;1,6;1,8;0;2;--;--
2019;Sudeste;SP;3544202;Riolândia;Urbana;Estadual;1,6;1,8;0;2;--;--
2019;Sudeste;SP;3544202;Riolândia;Total;Municipal;--;--;--;--;--;--
2019;Sudeste;SP;3544202;Riolândia;Urbana;Municipal;--;--;--;--;--;--
2019;Sudeste;SP;3544202;Riolândia;Total;Privada;0;0;0;0;--;--
2019;Sudeste;SP;3544202;Riolândia;Urbana;Privada;0;0;0;0;--;--
2019;Sudeste;SP;3544202;Riolândia;Total;Pública;1,6;1,8;0;2;--;--
2019;Sudeste;SP;3544202;Riolândia;Urbana;Pública;1,6;1,8;0;2;--;--
2019;Sudeste;SP;3544251;Rosana;Total;Total;0,2;0;0,4;0;--;--
2019;Sudeste;SP;3544251;Rosana;Urbana;Total;0,1;0;0,5;0;--;--
2019;Sudeste;SP;3544251;Rosana;Rural;Total;0;0;0;0;--;--
2019;Sudeste;SP;3544251;Rosana;Total;Estadual;0,1;0;0,5;0;--;--
2019;Sudeste;SP;3544251;Rosana;Urbana;Estadual;0,2;0;0,6;0;--;--
2019;Sudeste;SP;3544251;Rosana;Rural;Estadual;0;0;0;0;--;--
2019;Sudeste;SP;3544251;Rosana;Total;Municipal;--;--;--;--;--;--
2019;Sudeste;SP;3544251;Rosana;Urbana;Municipal;--;--;--;--;--;--
2019;Sudeste;SP;3544251;Rosana;Rural;Municipal;--;--;--;--;--;--
2019;Sudeste;SP;3544251;Rosana;Total;Privada;0;0;0;0;--;--
2019;Sudeste;SP;3544251;Rosana;Urbana;Privada;0;0;0;0;--;--
2019;Sudeste;SP;3544251;Rosana;Total;Pública;0,1;0;0,5;0;--;--
2019;Sudeste;SP;3544251;Rosana;Urbana;Pública;0,2;0;0,6;0;--;--
2019;Sudeste;SP;3544251;Rosana;Rural;Pública;0;0;0;0;--;--
2019;Sudeste;SP;3544301;Roseira;Total;Total;0,8;2;0;0;--;--
2019;Sudeste;SP;3544301;Roseira;Urbana;Total;0,8;2;0;0;--;--
2019;Sudeste;SP;3544301;Roseira;Total;Estadual;0,8;2;0;0;--;--
2019;Sudeste;SP;3544301;Roseira;Urbana;Estadual;0,8;2;0;0;--;--
2019;Sudeste;SP;3544301;Roseira;Total;Municipal;--;--;--;--;--;--
2019;Sudeste;SP;3544301;Roseira;Urbana;Municipal;--;--;--;--;--;--
2019;Sudeste;SP;3544301;Roseira;Total;Pública;0,8;2;0;0;--;--
2019;Sudeste;SP;3544301;Roseira;Urbana;Pública;0,8;2;0;0;--;--
2019;Sudeste;SP;3544400;Rubiácea;Total;Total;3,9;0;5,5;5,9;--;--
2019;Sudeste;SP;3544400;Rubiácea;Urbana;Total;3,9;0;5,5;5,9;--;--
2019;Sudeste;SP;3544400;Rubiácea;Rural;Total;--;--;--;--;--;--
2019;Sudeste;SP;3544400;Rubiácea;Total;Estadual;3,9;0;5,5;5,9;--;--
2019;Sudeste;SP;3544400;Rubiácea;Urbana;Estadual;3,9;0;5,5;5,9;--;--
2019;Sudeste;SP;3544400;Rubiácea;Total;Municipal;--;--;--;--;--;--
2019;Sudeste;SP;3544400;Rubiácea;Urbana;Municipal;--;--;--;--;--;--
2019;Sudeste;SP;3544400;Rubiácea;Rural;Municipal;--;--;--;--;--;--
2019;Sudeste;SP;3544400;Rubiácea;Total;Pública;3,9;0;5,5;5,9;--;--
2019;Sudeste;SP;3544400;Rubiácea;Urbana;Pública;3,9;0;5,5;5,9;--;--
2019;Sudeste;SP;3544400;Rubiácea;Rural;Pública;--;--;--;--;--;--
2019;Sudeste;SP;3544509;Rubinéia;Total;Total;1,6;2,1;3;0;--;--
2019;Sudeste;SP;3544509;Rubinéia;Urbana;Total;1,6;2,1;3;0;--;--
2019;Sudeste;SP;3544509;Rubinéia;Total;Estadual;1,6;2,1;3;0;--;--
2019;Sudeste;SP;3544509;Rubinéia;Urbana;Estadual;1,6;2,1;3;0;--;--
2019;Sudeste;SP;3544509;Rubinéia;Total;Municipal;--;--;--;--;--;--
2019;Sudeste;SP;3544509;Rubinéia;Urbana;Municipal;--;--;--;--;--;--
2019;Sudeste;SP;3544509;Rubinéia;Total;Pública;1,6;2,1;3;0;--;--
2019;Sudeste;SP;3544509;Rubinéia;Urbana;Pública;1,6;2,1;3;0;--;--
2019;Sudeste;SP;3544608;Sabino;Total;Total;7,4;7,1;8,5;5,9;--;--
2019;Sudeste;SP;3544608;Sabino;Urbana;Total;7,4;7,1;8,5;5,9;--;--
2019;Sudeste;SP;3544608;Sabino;Total;Estadual;7,4;7,1;8,5;5,9;--;--
2019;Sudeste;SP;3544608;Sabino;Urbana;Estadual;7,4;7,1;8,5;5,9;--;--
2019;Sudeste;SP;3544608;Sabino;Total;Municipal;--;--;--;--;--;--
2019;Sudeste;SP;3544608;Sabino;Urbana;Municipal;--;--;--;--;--;--
2019;Sudeste;SP;3544608;Sabino;Total;Pública;7,4;7,1;8,5;5,9;--;--
2019;Sudeste;SP;3544608;Sabino;Urbana;Pública;7,4;7,1;8,5;5,9;--;--
2019;Sudeste;SP;3544707;Sagres;Total;Total;0;0;0;0;--;--
2019;Sudeste;SP;3544707;Sagres;Urbana;Total;0;0;0;0;--;--
2019;Sudeste;SP;3544707;Sagres;Total;Estadual;0;0;0;0;--;--
2019;Sudeste;SP;3544707;Sagres;Urbana;Estadual;0;0;0;0;--;--
2019;Sudeste;SP;3544707;Sagres;Total;Municipal;--;--;--;--;--;--
2019;Sudeste;SP;3544707;Sagres;Urbana;Municipal;--;--;--;--;--;--
2019;Sudeste;SP;3544707;Sagres;Total;Pública;0;0;0;0;--;--
2019;Sudeste;SP;3544707;Sagres;Urbana;Pública;0;0;0;0;--;--
2019;Sudeste;SP;3544806;Sales;Total;Total;0;0;0;0;--;--
2019;Sudeste;SP;3544806;Sales;Urbana;Total;0;0;0;0;--;--
2019;Sudeste;SP;3544806;Sales;Total;Estadual;0;0;0;0;--;--
2019;Sudeste;SP;3544806;Sales;Urbana;Estadual;0;0;0;0;--;--
2019;Sudeste;SP;3544806;Sales;Total;Municipal;--;--;--;--;--;--
2019;Sudeste;SP;3544806;Sales;Urbana;Municipal;--;--;--;--;--;--
2019;Sudeste;SP;3544806;Sales;Total;Pública;0;0;0;0;--;--
2019;Sudeste;SP;3544806;Sales;Urbana;Pública;0;0;0;0;--;--
2019;Sudeste;SP;3544905;Sales Oliveira;Total;Total;0;0;0;0;--;--
2019;Sudeste;SP;3544905;Sales Oliveira;Urbana;Total;0;0;0;0;--;--
2019;Sudeste;SP;3544905;Sales Oliveira;Total;Estadual;0;0;0;0;--;--
2019;Sudeste;SP;3544905;Sales Oliveira;Urbana;Estadual;0;0;0;0;--;--
2019;Sudeste;SP;3544905;Sales Oliveira;Total;Municipal;--;--;--;--;--;--
2019;Sudeste;SP;3544905;Sales Oliveira;Urbana;Municipal;--;--;--;--;--;--
2019;Sudeste;SP;3544905;Sales Oliveira;Total;Privada;--;--;--;--;--;--
2019;Sudeste;SP;3544905;Sales Oliveira;Urbana;Privada;--;--;--;--;--;--
2019;Sudeste;SP;3544905;Sales Oliveira;Total;Pública;0;0;0;0;--;--
2019;Sudeste;SP;3544905;Sales Oliveira;Urbana;Pública;0;0;0;0;--;--
2019;Sudeste;SP;3545001;Salesópolis;Total;Total;1,4;1,5;2,4;0,5;--;--
2019;Sudeste;SP;3545001;Salesópolis;Urbana;Total;2;2,1;3,3;0,7;--;--
2019;Sudeste;SP;3545001;Salesópolis;Rural;Total;0;0;0;0;--;--
2019;Sudeste;SP;3545001;Salesópolis;Total;Estadual;1,4;1,5;2,4;0,5;--;--
2019;Sudeste;SP;3545001;Salesópolis;Urbana;Estadual;2;2,1;3,3;0,7;--;--
2019;Sudeste;SP;3545001;Salesópolis;Rural;Estadual;0;0;0;0;--;--
2019;Sudeste;SP;3545001;Salesópolis;Total;Municipal;--;--;--;--;--;--
2019;Sudeste;SP;3545001;Salesópolis;Urbana;Municipal;--;--;--;--;--;--
2019;Sudeste;SP;3545001;Salesópolis;Rural;Municipal;--;--;--;--;--;--
2019;Sudeste;SP;3545001;Salesópolis;Total;Pública;1,4;1,5;2,4;0,5;--;--
2019;Sudeste;SP;3545001;Salesópolis;Urbana;Pública;2;2,1;3,3;0,7;--;--
2019;Sudeste;SP;3545001;Salesópolis;Rural;Pública;0;0;0;0;--;--
2019;Sudeste;SP;3545100;Salmourão;Total;Total;1,4;2,1;1,7;0;--;--
2019;Sudeste;SP;3545100;Salmourão;Urbana;Total;1,4;2,1;1,7;0;--;--
2019;Sudeste;SP;3545100;Salmourão;Total;Estadual;1,4;2,1;1,7;0;--;--
2019;Sudeste;SP;3545100;Salmourão;Urbana;Estadual;1,4;2,1;1,7;0;--;--
2019;Sudeste;SP;3545100;Salmourão;Total;Municipal;--;--;--;--;--;--
2019;Sudeste;SP;3545100;Salmourão;Urbana;Municipal;--;--;--;--;--;--
2019;Sudeste;SP;3545100;Salmourão;Total;Pública;1,4;2,1;1,7;0;--;--
2019;Sudeste;SP;3545100;Salmourão;Urbana;Pública;1,4;2,1;1,7;0;--;--
2019;Sudeste;SP;3545159;Saltinho;Total;Total;0,4;0;0;1,2;--;--
2019;Sudeste;SP;3545159;Saltinho;Urbana;Total;0,4;0;0;1,2;--;--
2019;Sudeste;SP;3545159;Saltinho;Total;Estadual;0,4;0;0;1,2;--;--
2019;Sudeste;SP;3545159;Saltinho;Urbana;Estadual;0,4;0;0;1,2;--;--
2019;Sudeste;SP;3545159;Saltinho;Total;Municipal;--;--;--;--;--;--
2019;Sudeste;SP;3545159;Saltinho;Urbana;Municipal;--;--;--;--;--;--
2019;Sudeste;SP;3545159;Saltinho;Total;Pública;0,4;0;0;1,2;--;--
2019;Sudeste;SP;3545159;Saltinho;Urbana;Pública;0,4;0;0;1,2;--;--
2019;Sudeste;SP;3545209;Salto;Total;Total;0,5;0,2;0,9;0,3;--;--
2019;Sudeste;SP;3545209;Salto;Urbana;Total;0,5;0,2;0,9;0,3;--;--
2019;Sudeste;SP;3545209;Salto;Total;Federal;0;0;0;0;--;--
2019;Sudeste;SP;3545209;Salto;Urbana;Federal;0;0;0;0;--;--
2019;Sudeste;SP;3545209;Salto;Total;Estadual;0,6;0,2;1,2;0,4;--;--
2019;Sudeste;SP;3545209;Salto;Urbana;Estadual;0,6;0,2;1,2;0,4;--;--
2019;Sudeste;SP;3545209;Salto;Total;Municipal;--;--;--;--;--;--
2019;Sudeste;SP;3545209;Salto;Urbana;Municipal;--;--;--;--;--;--
2019;Sudeste;SP;3545209;Salto;Total;Privada;0;0;0;0;--;--
2019;Sudeste;SP;3545209;Salto;Urbana;Privada;0;0;0;0;--;--
2019;Sudeste;SP;3545209;Salto;Total;Pública;0,6;0,2;1;0,4;--;--
2019;Sudeste;SP;3545209;Salto;Urbana;Pública;0,6;0,2;1;0,4;--;--
2019;Sudeste;SP;3545308;Salto de Pirapora;Total;Total;1;1,8;0;1;--;--
2019;Sudeste;SP;3545308;Salto de Pirapora;Urbana;Total;1;1,8;0;1;--;--
2019;Sudeste;SP;3545308;Salto de Pirapora;Rural;Total;--;--;--;--;--;--
2019;Sudeste;SP;3545308;Salto de Pirapora;Total;Estadual;1,1;1,9;0;1;--;--
2019;Sudeste;SP;3545308;Salto de Pirapora;Urbana;Estadual;1,1;1,9;0;1;--;--
2019;Sudeste;SP;3545308;Salto de Pirapora;Rural;Estadual;--;--;--;--;--;--
2019;Sudeste;SP;3545308;Salto de Pirapora;Total;Municipal;--;--;--;--;--;--
2019;Sudeste;SP;3545308;Salto de Pirapora;Urbana;Municipal;--;--;--;--;--;--
2019;Sudeste;SP;3545308;Salto de Pirapora;Rural;Municipal;--;--;--;--;--;--
2019;Sudeste;SP;3545308;Salto de Pirapora;Total;Privada;0;0;0;0;--;--
2019;Sudeste;SP;3545308;Salto de Pirapora;Urbana;Privada;0;0;0;0;--;--
2019;Sudeste;SP;3545308;Salto de Pirapora;Total;Pública;1,1;1,9;0;1;--;--
2019;Sudeste;SP;3545308;Salto de Pirapora;Urbana;Pública;1,1;1,9;0;1;--;--
2019;Sudeste;SP;3545308;Salto de Pirapora;Rural;Pública;--;--;--;--;--;--
2019;Sudeste;SP;3545407;Salto Grande;Total;Total;6,2;5,5;6,9;6,2;--;--
2019;Sudeste;SP;3545407;Salto Grande;Urbana;Total;6,2;5,5;6,9;6,2;--;--
2019;Sudeste;SP;3545407;Salto Grande;Total;Estadual;6,2;5,5;6,9;6,2;--;--
2019;Sudeste;SP;3545407;Salto Grande;Urbana;Estadual;6,2;5,5;6,9;6,2;--;--
2019;Sudeste;SP;3545407;Salto Grande;Total;Municipal;--;--;--;--;--;--
2019;Sudeste;SP;3545407;Salto Grande;Urbana;Municipal;--;--;--;--;--;--
2019;Sudeste;SP;3545407;Salto Grande;Total;Pública;6,2;5,5;6,9;6,2;--;--
2019;Sudeste;SP;3545407;Salto Grande;Urbana;Pública;6,2;5,5;6,9;6,2;--;--
2019;Sudeste;SP;3545506;Sandovalina;Total;Total;0;0;0;0;--;--
2019;Sudeste;SP;3545506;Sandovalina;Urbana;Total;0;0;0;0;--;--
2019;Sudeste;SP;3545506;Sandovalina;Total;Estadual;0;0;0;0;--;--
2019;Sudeste;SP;3545506;Sandovalina;Urbana;Estadual;0;0;0;0;--;--
2019;Sudeste;SP;3545506;Sandovalina;Total;Municipal;--;--;--;--;--;--
2019;Sudeste;SP;3545506;Sandovalina;Urbana;Municipal;--;--;--;--;--;--
2019;Sudeste;SP;3545506;Sandovalina;Total;Pública;0;0;0;0;--;--
2019;Sudeste;SP;3545506;Sandovalina;Urbana;Pública;0;0;0;0;--;--
2019;Sudeste;SP;3545605;Santa Adélia;Total;Total;0,3;0;0,8;0;--;--
2019;Sudeste;SP;3545605;Santa Adélia;Urbana;Total;0,3;0;0,8;0;--;--
2019;Sudeste;SP;3545605;Santa Adélia;Total;Estadual;0,3;0;1;0;--;--
2019;Sudeste;SP;3545605;Santa Adélia;Urbana;Estadual;0,3;0;1;0;--;--
2019;Sudeste;SP;3545605;Santa Adélia;Total;Municipal;--;--;--;--;--;--
2019;Sudeste;SP;3545605;Santa Adélia;Urbana;Municipal;--;--;--;--;--;--
2019;Sudeste;SP;3545605;Santa Adélia;Total;Privada;0;0;0;0;--;--
2019;Sudeste;SP;3545605;Santa Adélia;Urbana;Privada;0;0;0;0;--;--
2019;Sudeste;SP;3545605;Santa Adélia;Total;Pública;0,3;0;1;0;--;--
2019;Sudeste;SP;3545605;Santa Adélia;Urbana;Pública;0,3;0;1;0;--;--
2019;Sudeste;SP;3545704;Santa Albertina;Total;Total;0,6;1,8;0;0;--;--
2019;Sudeste;SP;3545704;Santa Albertina;Urbana;Total;0,6;1,8;0;0;--;--
2019;Sudeste;SP;3545704;Santa Albertina;Total;Estadual;0,6;1,8;0;0;--;--
2019;Sudeste;SP;3545704;Santa Albertina;Urbana;Estadual;0,6;1,8;0;0;--;--
2019;Sudeste;SP;3545704;Santa Albertina;Total;Municipal;--;--;--;--;--;--
2019;Sudeste;SP;3545704;Santa Albertina;Urbana;Municipal;--;--;--;--;--;--
2019;Sudeste;SP;3545704;Santa Albertina;Total;Pública;0,6;1,8;0;0;--;--
2019;Sudeste;SP;3545704;Santa Albertina;Urbana;Pública;0,6;1,8;0;0;--;--
2019;Sudeste;SP;3545803;Santa Bárbara d'Oeste;Total;Total;2,7;3,9;2,4;1,3;--;--
2019;Sudeste;SP;3545803;Santa Bárbara d'Oeste;Urbana;Total;2,7;3,9;2,4;1,3;--;--
2019;Sudeste;SP;3545803;Santa Bárbara d'Oeste;Total;Estadual;2,8;4,2;2,6;1,4;--;--
2019;Sudeste;SP;3545803;Santa Bárbara d'Oeste;Urbana;Estadual;2,8;4,2;2,6;1,4;--;--
2019;Sudeste;SP;3545803;Santa Bárbara d'Oeste;Total;Municipal;--;--;--;--;--;--
2019;Sudeste;SP;3545803;Santa Bárbara d'Oeste;Urbana;Municipal;--;--;--;--;--;--
2019;Sudeste;SP;3545803;Santa Bárbara d'Oeste;Total;Privada;0;0;0;0;--;--
2019;Sudeste;SP;3545803;Santa Bárbara d'Oeste;Urbana;Privada;0;0;0;0;--;--
2019;Sudeste;SP;3545803;Santa Bárbara d'Oeste;Total;Pública;2,8;4,2;2,6;1,4;--;--
2019;Sudeste;SP;3545803;Santa Bárbara d'Oeste;Urbana;Pública;2,8;4,2;2,6;1,4;--;--
2019;Sudeste;SP;3546009;Santa Branca;Total;Total;5,7;6,5;5,2;5;--;--
2019;Sudeste;SP;3546009;Santa Branca;Urbana;Total;5,7;6,5;5,2;5;--;--
2019;Sudeste;SP;3546009;Santa Branca;Rural;Total;--;--;--;--;--;--
2019;Sudeste;SP;3546009;Santa Branca;Total;Estadual;5,7;6,5;5,2;5;--;--
2019;Sudeste;SP;3546009;Santa Branca;Urbana;Estadual;5,7;6,5;5,2;5;--;--
2019;Sudeste;SP;3546009;Santa Branca;Total;Municipal;--;--;--;--;--;--
2019;Sudeste;SP;3546009;Santa Branca;Urbana;Municipal;--;--;--;--;--;--
2019;Sudeste;SP;3546009;Santa Branca;Rural;Municipal;--;--;--;--;--;--
2019;Sudeste;SP;3546009;Santa Branca;Total;Privada;--;--;--;--;--;--
2019;Sudeste;SP;3546009;Santa Branca;Urbana;Privada;--;--;--;--;--;--
2019;Sudeste;SP;3546009;Santa Branca;Total;Pública;5,7;6,5;5,2;5;--;--
2019;Sudeste;SP;3546009;Santa Branca;Urbana;Pública;5,7;6,5;5,2;5;--;--
2019;Sudeste;SP;3546009;Santa Branca;Rural;Pública;--;--;--;--;--;--
2019;Sudeste;SP;3546108;Santa Clara d'Oeste;Total;Total;0;0;0;0;--;--
2019;Sudeste;SP;3546108;Santa Clara d'Oeste;Urbana;Total;0;0;0;0;--;--
2019;Sudeste;SP;3546108;Santa Clara d'Oeste;Total;Estadual;0;0;0;0;--;--
2019;Sudeste;SP;3546108;Santa Clara d'Oeste;Urbana;Estadual;0;0;0;0;--;--
2019;Sudeste;SP;3546108;Santa Clara d'Oeste;Total;Municipal;--;--;--;--;--;--
2019;Sudeste;SP;3546108;Santa Clara d'Oeste;Urbana;Municipal;--;--;--;--;--;--
2019;Sudeste;SP;3546108;Santa Clara d'Oeste;Total;Pública;0;0;0;0;--;--
2019;Sudeste;SP;3546108;Santa Clara d'Oeste;Urbana;Pública;0;0;0;0;--;--
2019;Sudeste;SP;3546207;Santa Cruz da Conceição;Total;Total;0;0;0;0;--;--
2019;Sudeste;SP;3546207;Santa Cruz da Conceição;Urbana;Total;0;0;0;0;--;--
2019;Sudeste;SP;3546207;Santa Cruz da Conceição;Rural;Total;--;--;--;--;--;--
2019;Sudeste;SP;3546207;Santa Cruz da Conceição;Total;Estadual;0;0;0;0;--;--
2019;Sudeste;SP;3546207;Santa Cruz da Conceição;Urbana;Estadual;0;0;0;0;--;--
2019;Sudeste;SP;3546207;Santa Cruz da Conceição;Total;Municipal;--;--;--;--;--;--
2019;Sudeste;SP;3546207;Santa Cruz da Conceição;Urbana;Municipal;--;--;--;--;--;--
2019;Sudeste;SP;3546207;Santa Cruz da Conceição;Rural;Municipal;--;--;--;--;--;--
2019;Sudeste;SP;3546207;Santa Cruz da Conceição;Total;Pública;0;0;0;0;--;--
2019;Sudeste;SP;3546207;Santa Cruz da Conceição;Urbana;Pública;0;0;0;0;--;--
2019;Sudeste;SP;3546207;Santa Cruz da Conceição;Rural;Pública;--;--;--;--;--;--
2019;Sudeste;SP;3546256;Santa Cruz da Esperança;Total;Total;1,2;0;2,8;0;--;--
2019;Sudeste;SP;3546256;Santa Cruz da Esperança;Urbana;Total;1,2;0;2,8;0;--;--
2019;Sudeste;SP;3546256;Santa Cruz da Esperança;Total;Estadual;1,2;0;2,8;0;--;--
2019;Sudeste;SP;3546256;Santa Cruz da Esperança;Urbana;Estadual;1,2;0;2,8;0;--;--
2019;Sudeste;SP;3546256;Santa Cruz da Esperança;Total;Municipal;--;--;--;--;--;--
2019;Sudeste;SP;3546256;Santa Cruz da Esperança;Urbana;Municipal;--;--;--;--;--;--
2019;Sudeste;SP;3546256;Santa Cruz da Esperança;Total;Pública;1,2;0;2,8;0;--;--
2019;Sudeste;SP;3546256;Santa Cruz da Esperança;Urbana;Pública;1,2;0;2,8;0;--;--
2019;Sudeste;SP;3546306;Santa Cruz das Palmeiras;Total;Total;5;7,1;3,7;3,6;--;--
2019;Sudeste;SP;3546306;Santa Cruz das Palmeiras;Urbana;Total;5;7,1;3,7;3,6;--;--
2019;Sudeste;SP;3546306;Santa Cruz das Palmeiras;Total;Estadual;5,8;8,3;4,3;4,2;--;--
2019;Sudeste;SP;3546306;Santa Cruz das Palmeiras;Urbana;Estadual;5,8;8,3;4,3;4,2;--;--
2019;Sudeste;SP;3546306;Santa Cruz das Palmeiras;Total;Municipal;--;--;--;--;--;--
2019;Sudeste;SP;3546306;Santa Cruz das Palmeiras;Urbana;Municipal;--;--;--;--;--;--
2019;Sudeste;SP;3546306;Santa Cruz das Palmeiras;Total;Privada;0;0;0;0;--;--
2019;Sudeste;SP;3546306;Santa Cruz das Palmeiras;Urbana;Privada;0;0;0;0;--;--
2019;Sudeste;SP;3546306;Santa Cruz das Palmeiras;Total;Pública;5,8;8,3;4,3;4,2;--;--
2019;Sudeste;SP;3546306;Santa Cruz das Palmeiras;Urbana;Pública;5,8;8,3;4,3;4,2;--;--
2019;Sudeste;SP;3546405;Santa Cruz do Rio Pardo;Total;Total;1,5;3,3;0,7;0,9;--;--
2019;Sudeste;SP;3546405;Santa Cruz do Rio Pardo;Urbana;Total;2,1;4,3;0,9;1;--;--
2019;Sudeste;SP;3546405;Santa Cruz do Rio Pardo;Rural;Total;0;0;0;0;--;--
2019;Sudeste;SP;3546405;Santa Cruz do Rio Pardo;Total;Estadual;1,9;3,9;0,9;1;--;--
2019;Sudeste;SP;3546405;Santa Cruz do Rio Pardo;Urbana;Estadual;2,5;5,4;1,1;1,3;--;--
2019;Sudeste;SP;3546405;Santa Cruz do Rio Pardo;Rural;Estadual;0;0;0;0;--;--
2019;Sudeste;SP;3546405;Santa Cruz do Rio Pardo;Total;Municipal;--;--;--;--;--;--
2019;Sudeste;SP;3546405;Santa Cruz do Rio Pardo;Urbana;Municipal;--;--;--;--;--;--
2019;Sudeste;SP;3546405;Santa Cruz do Rio Pardo;Total;Privada;0;0;0;0;--;--
2019;Sudeste;SP;3546405;Santa Cruz do Rio Pardo;Urbana;Privada;0;0;0;0;--;--
2019;Sudeste;SP;3546405;Santa Cruz do Rio Pardo;Total;Pública;1,9;3,9;0,9;1;--;--
2019;Sudeste;SP;3546405;Santa Cruz do Rio Pardo;Urbana;Pública;2,5;5,4;1,1;1,3;--;--
2019;Sudeste;SP;3546405;Santa Cruz do Rio Pardo;Rural;Pública;0;0;0;0;--;--
2019;Sudeste;SP;3546504;Santa Ernestina;Total;Total;0;0;0;0;--;--
2019;Sudeste;SP;3546504;Santa Ernestina;Urbana;Total;0;0;0;0;--;--
2019;Sudeste;SP;3546504;Santa Ernestina;Total;Estadual;0;0;0;0;--;--
2019;Sudeste;SP;3546504;Santa Ernestina;Urbana;Estadual;0;0;0;0;--;--
2019;Sudeste;SP;3546504;Santa Ernestina;Total;Municipal;--;--;--;--;--;--
2019;Sudeste;SP;3546504;Santa Ernestina;Urbana;Municipal;--;--;--;--;--;--
2019;Sudeste;SP;3546504;Santa Ernestina;Total;Pública;0;0;0;0;--;--
2019;Sudeste;SP;3546504;Santa Ernestina;Urbana;Pública;0;0;0;0;--;--
2019;Sudeste;SP;3546603;Santa Fé do Sul;Total;Total;0,1;0,2;0;0;--;--
2019;Sudeste;SP;3546603;Santa Fé do Sul;Urbana;Total;0,1;0,2;0;0;--;--
2019;Sudeste;SP;3546603;Santa Fé do Sul;Total;Estadual;0,1;0,3;0;0;--;--
2019;Sudeste;SP;3546603;Santa Fé do Sul;Urbana;Estadual;0,1;0,3;0;0;--;--
2019;Sudeste;SP;3546603;Santa Fé do Sul;Total;Municipal;--;--;--;--;--;--
2019;Sudeste;SP;3546603;Santa Fé do Sul;Urbana;Municipal;--;--;--;--;--;--
2019;Sudeste;SP;3546603;Santa Fé do Sul;Total;Privada;0;0;0;0;--;--
2019;Sudeste;SP;3546603;Santa Fé do Sul;Urbana;Privada;0;0;0;0;--;--
2019;Sudeste;SP;3546603;Santa Fé do Sul;Total;Pública;0,1;0,3;0;0;--;--
2019;Sudeste;SP;3546603;Santa Fé do Sul;Urbana;Pública;0,1;0,3;0;0;--;--
2019;Sudeste;SP;3546702;Santa Gertrudes;Total;Total;1,4;2,9;0,4;1,3;--;--
2019;Sudeste;SP;3546702;Santa Gertrudes;Urbana;Total;1,4;2,9;0,4;1,3;--;--
2019;Sudeste;SP;3546702;Santa Gertrudes;Total;Estadual;1,4;2,9;0,4;1,3;--;--
2019;Sudeste;SP;3546702;Santa Gertrudes;Urbana;Estadual;1,4;2,9;0,4;1,3;--;--
2019;Sudeste;SP;3546702;Santa Gertrudes;Total;Municipal;--;--;--;--;--;--
2019;Sudeste;SP;3546702;Santa Gertrudes;Urbana;Municipal;--;--;--;--;--;--
2019;Sudeste;SP;3546702;Santa Gertrudes;Total;Privada;0;0;--;--;--;--
2019;Sudeste;SP;3546702;Santa Gertrudes;Urbana;Privada;0;0;--;--;--;--
2019;Sudeste;SP;3546702;Santa Gertrudes;Total;Pública;1,4;2,9;0,4;1,3;--;--
2019;Sudeste;SP;3546702;Santa Gertrudes;Urbana;Pública;1,4;2,9;0,4;1,3;--;--
2019;Sudeste;SP;3546801;Santa Isabel;Total;Total;1,5;1,2;2,6;1,2;--;--
2019;Sudeste;SP;3546801;Santa Isabel;Urbana;Total;1,5;1,2;2,6;1,2;--;--
2019;Sudeste;SP;3546801;Santa Isabel;Rural;Total;--;--;--;--;--;--
2019;Sudeste;SP;3546801;Santa Isabel;Total;Estadual;1,6;1,3;2,7;1,2;--;--
2019;Sudeste;SP;3546801;Santa Isabel;Urbana;Estadual;1,6;1,3;2,7;1,2;--;--
2019;Sudeste;SP;3546801;Santa Isabel;Total;Municipal;--;--;--;--;--;--
2019;Sudeste;SP;3546801;Santa Isabel;Urbana;Municipal;--;--;--;--;--;--
2019;Sudeste;SP;3546801;Santa Isabel;Rural;Municipal;--;--;--;--;--;--
2019;Sudeste;SP;3546801;Santa Isabel;Total;Privada;0;0;0;0;--;--
2019;Sudeste;SP;3546801;Santa Isabel;Urbana;Privada;0;0;0;0;--;--
2019;Sudeste;SP;3546801;Santa Isabel;Total;Pública;1,6;1,3;2,7;1,2;--;--
2019;Sudeste;SP;3546801;Santa Isabel;Urbana;Pública;1,6;1,3;2,7;1,2;--;--
2019;Sudeste;SP;3546801;Santa Isabel;Rural;Pública;--;--;--;--;--;--
2019;Sudeste;SP;3546900;Santa Lúcia;Total;Total;1,1;1,4;1,9;0;--;--
2019;Sudeste;SP;3546900;Santa Lúcia;Urbana;Total;1,1;1,4;1,9;0;--;--
2019;Sudeste;SP;3546900;Santa Lúcia;Total;Estadual;1,1;1,4;1,9;0;--;--
2019;Sudeste;SP;3546900;Santa Lúcia;Urbana;Estadual;1,1;1,4;1,9;0;--;--
2019;Sudeste;SP;3546900;Santa Lúcia;Total;Municipal;--;--;--;--;--;--
2019;Sudeste;SP;3546900;Santa Lúcia;Urbana;Municipal;--;--;--;--;--;--
2019;Sudeste;SP;3546900;Santa Lúcia;Total;Pública;1,1;1,4;1,9;0;--;--
2019;Sudeste;SP;3546900;Santa Lúcia;Urbana;Pública;1,1;1,4;1,9;0;--;--
2019;Sudeste;SP;3547007;Santa Maria da Serra;Total;Total;2;3,7;2,7;0;--;--
2019;Sudeste;SP;3547007;Santa Maria da Serra;Urbana;Total;2;3,7;2,7;0;--;--
2019;Sudeste;SP;3547007;Santa Maria da Serra;Total;Estadual;2;3,7;2,7;0;--;--
2019;Sudeste;SP;3547007;Santa Maria da Serra;Urbana;Estadual;2;3,7;2,7;0;--;--
2019;Sudeste;SP;3547007;Santa Maria da Serra;Total;Municipal;--;--;--;--;--;--
2019;Sudeste;SP;3547007;Santa Maria da Serra;Urbana;Municipal;--;--;--;--;--;--
2019;Sudeste;SP;3547007;Santa Maria da Serra;Total;Pública;2;3,7;2,7;0;--;--
2019;Sudeste;SP;3547007;Santa Maria da Serra;Urbana;Pública;2;3,7;2,7;0;--;--
2019;Sudeste;SP;3547106;Santa Mercedes;Total;Total;0;0;0;0;--;--
2019;Sudeste;SP;3547106;Santa Mercedes;Urbana;Total;0;0;0;0;--;--
2019;Sudeste;SP;3547106;Santa Mercedes;Total;Estadual;0;0;0;0;--;--
2019;Sudeste;SP;3547106;Santa Mercedes;Urbana;Estadual;0;0;0;0;--;--
2019;Sudeste;SP;3547106;Santa Mercedes;Total;Municipal;--;--;--;--;--;--
2019;Sudeste;SP;3547106;Santa Mercedes;Urbana;Municipal;--;--;--;--;--;--
2019;Sudeste;SP;3547106;Santa Mercedes;Total;Pública;0;0;0;0;--;--
2019;Sudeste;SP;3547106;Santa Mercedes;Urbana;Pública;0;0;0;0;--;--
2019;Sudeste;SP;3547205;Santana da Ponte Pensa;Total;Total;0;0;0;0;--;--
2019;Sudeste;SP;3547205;Santana da Ponte Pensa;Urbana;Total;0;0;0;0;--;--
2019;Sudeste;SP;3547205;Santana da Ponte Pensa;Total;Estadual;0;0;0;0;--;--
2019;Sudeste;SP;3547205;Santana da Ponte Pensa;Urbana;Estadual;0;0;0;0;--;--
2019;Sudeste;SP;3547205;Santana da Ponte Pensa;Total;Municipal;--;--;--;--;--;--
2019;Sudeste;SP;3547205;Santana da Ponte Pensa;Urbana;Municipal;--;--;--;--;--;--
2019;Sudeste;SP;3547205;Santana da Ponte Pensa;Total;Pública;0;0;0;0;--;--
2019;Sudeste;SP;3547205;Santana da Ponte Pensa;Urbana;Pública;0;0;0;0;--;--
2019;Sudeste;SP;3547304;Santana de Parnaíba;Total;Total;0;0;0;0,1;--;--
2019;Sudeste;SP;3547304;Santana de Parnaíba;Urbana;Total;0;0;0;0,1;--;--
2019;Sudeste;SP;3547304;Santana de Parnaíba;Total;Estadual;0;0;0;0;--;--
2019;Sudeste;SP;3547304;Santana de Parnaíba;Urbana;Estadual;0;0;0;0;--;--
2019;Sudeste;SP;3547304;Santana de Parnaíba;Total;Municipal;0;0;0;0,1;--;--
2019;Sudeste;SP;3547304;Santana de Parnaíba;Urbana;Municipal;0;0;0;0,1;--;--
2019;Sudeste;SP;3547304;Santana de Parnaíba;Total;Privada;0,2;0;0;0,4;--;--
2019;Sudeste;SP;3547304;Santana de Parnaíba;Urbana;Privada;0,2;0;0;0,4;--;--
2019;Sudeste;SP;3547304;Santana de Parnaíba;Total;Pública;0;0;0;0,1;--;--
2019;Sudeste;SP;3547304;Santana de Parnaíba;Urbana;Pública;0;0;0;0,1;--;--
2019;Sudeste;SP;3547403;Santa Rita d'Oeste;Total;Total;0;0;0;0;--;--
2019;Sudeste;SP;3547403;Santa Rita d'Oeste;Urbana;Total;0;0;0;0;--;--
2019;Sudeste;SP;3547403;Santa Rita d'Oeste;Total;Estadual;0;0;0;0;--;--
2019;Sudeste;SP;3547403;Santa Rita d'Oeste;Urbana;Estadual;0;0;0;0;--;--
2019;Sudeste;SP;3547403;Santa Rita d'Oeste;Total;Municipal;--;--;--;--;--;--
2019;Sudeste;SP;3547403;Santa Rita d'Oeste;Urbana;Municipal;--;--;--;--;--;--
2019;Sudeste;SP;3547403;Santa Rita d'Oeste;Total;Pública;0;0;0;0;--;--
2019;Sudeste;SP;3547403;Santa Rita d'Oeste;Urbana;Pública;0;0;0;0;--;--
2019;Sudeste;SP;3547502;Santa Rita do Passa Quatro;Total;Total;3,6;5,4;3,2;1,4;--;--
2019;Sudeste;SP;3547502;Santa Rita do Passa Quatro;Urbana;Total;3,6;5,4;3,2;1,4;--;--
2019;Sudeste;SP;3547502;Santa Rita do Passa Quatro;Total;Estadual;4,6;7,1;3,9;2;--;--
2019;Sudeste;SP;3547502;Santa Rita do Passa Quatro;Urbana;Estadual;4,6;7,1;3,9;2;--;--
2019;Sudeste;SP;3547502;Santa Rita do Passa Quatro;Total;Municipal;--;--;--;--;--;--
2019;Sudeste;SP;3547502;Santa Rita do Passa Quatro;Urbana;Municipal;--;--;--;--;--;--
2019;Sudeste;SP;3547502;Santa Rita do Passa Quatro;Total;Privada;0,5;0;1,3;0;--;--
2019;Sudeste;SP;3547502;Santa Rita do Passa Quatro;Urbana;Privada;0,5;0;1,3;0;--;--
2019;Sudeste;SP;3547502;Santa Rita do Passa Quatro;Total;Pública;4,6;7,1;3,9;2;--;--
2019;Sudeste;SP;3547502;Santa Rita do Passa Quatro;Urbana;Pública;4,6;7,1;3,9;2;--;--
2019;Sudeste;SP;3547601;Santa Rosa de Viterbo;Total;Total;2,8;3,3;3,2;2;--;--
2019;Sudeste;SP;3547601;Santa Rosa de Viterbo;Urbana;Total;2,8;3,3;3,2;2;--;--
2019;Sudeste;SP;3547601;Santa Rosa de Viterbo;Total;Estadual;3,2;3,8;3,8;2,2;--;--
2019;Sudeste;SP;3547601;Santa Rosa de Viterbo;Urbana;Estadual;3,2;3,8;3,8;2,2;--;--
2019;Sudeste;SP;3547601;Santa Rosa de Viterbo;Total;Municipal;--;--;--;--;--;--
2019;Sudeste;SP;3547601;Santa Rosa de Viterbo;Urbana;Municipal;--;--;--;--;--;--
2019;Sudeste;SP;3547601;Santa Rosa de Viterbo;Total;Privada;0;0;0;0;--;--
2019;Sudeste;SP;3547601;Santa Rosa de Viterbo;Urbana;Privada;0;0;0;0;--;--
2019;Sudeste;SP;3547601;Santa Rosa de Viterbo;Total;Pública;3,2;3,8;3,8;2,2;--;--
2019;Sudeste;SP;3547601;Santa Rosa de Viterbo;Urbana;Pública;3,2;3,8;3,8;2,2;--;--
2019;Sudeste;SP;3547650;Santa Salete;Total;Total;0;0;0;0;--;--
2019;Sudeste;SP;3547650;Santa Salete;Urbana;Total;0;0;0;0;--;--
2019;Sudeste;SP;3547650;Santa Salete;Total;Estadual;0;0;0;0;--;--
2019;Sudeste;SP;3547650;Santa Salete;Urbana;Estadual;0;0;0;0;--;--
2019;Sudeste;SP;3547650;Santa Salete;Total;Municipal;--;--;--;--;--;--
2019;Sudeste;SP;3547650;Santa Salete;Urbana;Municipal;--;--;--;--;--;--
2019;Sudeste;SP;3547650;Santa Salete;Total;Pública;0;0;0;0;--;--
2019;Sudeste;SP;3547650;Santa Salete;Urbana;Pública;0;0;0;0;--;--
2019;Sudeste;SP;3547700;Santo Anastácio;Total;Total;1;2,4;0;0,6;--;--
2019;Sudeste;SP;3547700;Santo Anastácio;Urbana;Total;1;2,4;0;0,6;--;--
2019;Sudeste;SP;3547700;Santo Anastácio;Total;Estadual;1,5;3,6;0;0,9;--;--
2019;Sudeste;SP;3547700;Santo Anastácio;Urbana;Estadual;1,5;3,6;0;0,9;--;--
2019;Sudeste;SP;3547700;Santo Anastácio;Total;Municipal;--;--;--;--;--;--
2019;Sudeste;SP;3547700;Santo Anastácio;Urbana;Municipal;--;--;--;--;--;--
2019;Sudeste;SP;3547700;Santo Anastácio;Total;Privada;0;0;0;0;--;--
2019;Sudeste;SP;3547700;Santo Anastácio;Urbana;Privada;0;0;0;0;--;--
2019;Sudeste;SP;3547700;Santo Anastácio;Total;Pública;1,5;3,6;0;0,9;--;--
2019;Sudeste;SP;3547700;Santo Anastácio;Urbana;Pública;1,5;3,6;0;0,9;--;--
2019;Sudeste;SP;3547809;Santo André;Total;Total;2;2,7;2,2;0,9;0;0
2019;Sudeste;SP;3547809;Santo André;Urbana;Total;2;2,7;2,2;0,9;0;0
2019;Sudeste;SP;3547809;Santo André;Total;Estadual;2,7;3,8;3;1,3;--;0
2019;Sudeste;SP;3547809;Santo André;Urbana;Estadual;2,7;3,8;3;1,3;--;0
2019;Sudeste;SP;3547809;Santo André;Total;Municipal;--;--;--;--;--;--
2019;Sudeste;SP;3547809;Santo André;Urbana;Municipal;--;--;--;--;--;--
2019;Sudeste;SP;3547809;Santo André;Total;Privada;0;0;0;0;0;--
2019;Sudeste;SP;3547809;Santo André;Urbana;Privada;0;0;0;0;0;--
2019;Sudeste;SP;3547809;Santo André;Total;Pública;2,7;3,8;3;1,3;--;0
2019;Sudeste;SP;3547809;Santo André;Urbana;Pública;2,7;3,8;3;1,3;--;0
2019;Sudeste;SP;3547908;Santo Antônio da Alegria;Total;Total;3,8;4,6;5,9;0;--;--
2019;Sudeste;SP;3547908;Santo Antônio da Alegria;Urbana;Total;3,8;4,6;5,9;0;--;--
2019;Sudeste;SP;3547908;Santo Antônio da Alegria;Total;Estadual;3,8;4,6;5,9;0;--;--
2019;Sudeste;SP;3547908;Santo Antônio da Alegria;Urbana;Estadual;3,8;4,6;5,9;0;--;--
2019;Sudeste;SP;3547908;Santo Antônio da Alegria;Total;Municipal;--;--;--;--;--;--
2019;Sudeste;SP;3547908;Santo Antônio da Alegria;Urbana;Municipal;--;--;--;--;--;--
2019;Sudeste;SP;3547908;Santo Antônio da Alegria;Total;Pública;3,8;4,6;5,9;0;--;--
2019;Sudeste;SP;3547908;Santo Antônio da Alegria;Urbana;Pública;3,8;4,6;5,9;0;--;--
2019;Sudeste;SP;3548005;Santo Antônio de Posse;Total;Total;1,4;1,8;1,8;0,6;--;--
2019;Sudeste;SP;3548005;Santo Antônio de Posse;Urbana;Total;1,4;1,8;1,8;0,6;--;--
2019;Sudeste;SP;3548005;Santo Antônio de Posse;Rural;Total;--;--;--;--;--;--
2019;Sudeste;SP;3548005;Santo Antônio de Posse;Total;Estadual;1,4;1,8;1,8;0,6;--;--
2019;Sudeste;SP;3548005;Santo Antônio de Posse;Urbana;Estadual;1,4;1,8;1,8;0,6;--;--
2019;Sudeste;SP;3548005;Santo Antônio de Posse;Total;Municipal;--;--;--;--;--;--
2019;Sudeste;SP;3548005;Santo Antônio de Posse;Urbana;Municipal;--;--;--;--;--;--
2019;Sudeste;SP;3548005;Santo Antônio de Posse;Rural;Municipal;--;--;--;--;--;--
2019;Sudeste;SP;3548005;Santo Antônio de Posse;Total;Privada;--;--;--;--;--;--
2019;Sudeste;SP;3548005;Santo Antônio de Posse;Urbana;Privada;--;--;--;--;--;--
2019;Sudeste;SP;3548005;Santo Antônio de Posse;Total;Pública;1,4;1,8;1,8;0,6;--;--
2019;Sudeste;SP;3548005;Santo Antônio de Posse;Urbana;Pública;1,4;1,8;1,8;0,6;--;--
2019;Sudeste;SP;3548005;Santo Antônio de Posse;Rural;Pública;--;--;--;--;--;--
2019;Sudeste;SP;3548054;Santo Antônio do Aracanguá;Total;Total;0;0;0;0;--;--
2019;Sudeste;SP;3548054;Santo Antônio do Aracanguá;Urbana;Total;0;0;0;0;--;--
2019;Sudeste;SP;3548054;Santo Antônio do Aracanguá;Total;Estadual;0;0;0;0;--;--
2019;Sudeste;SP;3548054;Santo Antônio do Aracanguá;Urbana;Estadual;0;0;0;0;--;--
2019;Sudeste;SP;3548054;Santo Antônio do Aracanguá;Total;Municipal;--;--;--;--;--;--
2019;Sudeste;SP;3548054;Santo Antônio do Aracanguá;Urbana;Municipal;--;--;--;--;--;--
2019;Sudeste;SP;3548054;Santo Antônio do Aracanguá;Total;Pública;0;0;0;0;--;--
2019;Sudeste;SP;3548054;Santo Antônio do Aracanguá;Urbana;Pública;0;0;0;0;--;--
2019;Sudeste;SP;3548104;Santo Antônio do Jardim;Total;Total;0;0;0;0;--;--
2019;Sudeste;SP;3548104;Santo Antônio do Jardim;Urbana;Total;0;0;0;0;--;--
2019;Sudeste;SP;3548104;Santo Antônio do Jardim;Rural;Total;0;0;0;0;--;--
2019;Sudeste;SP;3548104;Santo Antônio do Jardim;Total;Estadual;0;0;0;0;--;--
2019;Sudeste;SP;3548104;Santo Antônio do Jardim;Urbana;Estadual;0;0;0;0;--;--
2019;Sudeste;SP;3548104;Santo Antônio do Jardim;Rural;Estadual;0;0;0;0;--;--
2019;Sudeste;SP;3548104;Santo Antônio do Jardim;Total;Municipal;--;--;--;--;--;--
2019;Sudeste;SP;3548104;Santo Antônio do Jardim;Urbana;Municipal;--;--;--;--;--;--
2019;Sudeste;SP;3548104;Santo Antônio do Jardim;Total;Pública;0;0;0;0;--;--
2019;Sudeste;SP;3548104;Santo Antônio do Jardim;Urbana;Pública;0;0;0;0;--;--
2019;Sudeste;SP;3548104;Santo Antônio do Jardim;Rural;Pública;0;0;0;0;--;--
2019;Sudeste;SP;3548203;Santo Antônio do Pinhal;Total;Total;1,2;1,5;1,2;1,1;--;--
2019;Sudeste;SP;3548203;Santo Antônio do Pinhal;Urbana;Total;1,2;1,5;1,2;1,1;--;--
2019;Sudeste;SP;3548203;Santo Antônio do Pinhal;Rural;Total;--;--;--;--;--;--
2019;Sudeste;SP;3548203;Santo Antônio do Pinhal;Total;Estadual;1,2;1,5;1,2;1,1;--;--
2019;Sudeste;SP;3548203;Santo Antônio do Pinhal;Urbana;Estadual;1,2;1,5;1,2;1,1;--;--
2019;Sudeste;SP;3548203;Santo Antônio do Pinhal;Total;Municipal;--;--;--;--;--;--
2019;Sudeste;SP;3548203;Santo Antônio do Pinhal;Urbana;Municipal;--;--;--;--;--;--
2019;Sudeste;SP;3548203;Santo Antônio do Pinhal;Rural;Municipal;--;--;--;--;--;--
2019;Sudeste;SP;3548203;Santo Antônio do Pinhal;Total;Privada;--;--;--;--;--;--
2019;Sudeste;SP;3548203;Santo Antônio do Pinhal;Rural;Privada;--;--;--;--;--;--
2019;Sudeste;SP;3548203;Santo Antônio do Pinhal;Total;Pública;1,2;1,5;1,2;1,1;--;--
2019;Sudeste;SP;3548203;Santo Antônio do Pinhal;Urbana;Pública;1,2;1,5;1,2;1,1;--;--
2019;Sudeste;SP;3548203;Santo Antônio do Pinhal;Rural;Pública;--;--;--;--;--;--
2019;Sudeste;SP;3548302;Santo Expedito;Total;Total;0;0;0;0;--;--
2019;Sudeste;SP;3548302;Santo Expedito;Urbana;Total;0;0;0;0;--;--
2019;Sudeste;SP;3548302;Santo Expedito;Total;Estadual;0;0;0;0;--;--
2019;Sudeste;SP;3548302;Santo Expedito;Urbana;Estadual;0;0;0;0;--;--
2019;Sudeste;SP;3548302;Santo Expedito;Total;Municipal;--;--;--;--;--;--
2019;Sudeste;SP;3548302;Santo Expedito;Urbana;Municipal;--;--;--;--;--;--
2019;Sudeste;SP;3548302;Santo Expedito;Total;Pública;0;0;0;0;--;--
2019;Sudeste;SP;3548302;Santo Expedito;Urbana;Pública;0;0;0;0;--;--
2019;Sudeste;SP;3548401;Santópolis do Aguapeí;Total;Total;0;0;0;0;--;--
2019;Sudeste;SP;3548401;Santópolis do Aguapeí;Urbana;Total;0;0;0;0;--;--
2019;Sudeste;SP;3548401;Santópolis do Aguapeí;Total;Estadual;0;0;0;0;--;--
2019;Sudeste;SP;3548401;Santópolis do Aguapeí;Urbana;Estadual;0;0;0;0;--;--
2019;Sudeste;SP;3548401;Santópolis do Aguapeí;Total;Municipal;--;--;--;--;--;--
2019;Sudeste;SP;3548401;Santópolis do Aguapeí;Urbana;Municipal;--;--;--;--;--;--
2019;Sudeste;SP;3548401;Santópolis do Aguapeí;Total;Pública;0;0;0;0;--;--
2019;Sudeste;SP;3548401;Santópolis do Aguapeí;Urbana;Pública;0;0;0;0;--;--
2019;Sudeste;SP;3548500;Santos;Total;Total;0,8;1,3;0,7;0,4;--;0
2019;Sudeste;SP;3548500;Santos;Urbana;Total;0,8;1,3;0,7;0,4;--;0
2019;Sudeste;SP;3548500;Santos;Rural;Total;--;--;--;--;--;--
2019;Sudeste;SP;3548500;Santos;Total;Estadual;1,3;2;0,9;0,6;--;0
2019;Sudeste;SP;3548500;Santos;Urbana;Estadual;1,3;2;0,9;0,6;--;0
2019;Sudeste;SP;3548500;Santos;Total;Municipal;--;--;--;--;--;--
2019;Sudeste;SP;3548500;Santos;Urbana;Municipal;--;--;--;--;--;--
2019;Sudeste;SP;3548500;Santos;Rural;Municipal;--;--;--;--;--;--
2019;Sudeste;SP;3548500;Santos;Total;Privada;0;0;0;0;--;--
2019;Sudeste;SP;3548500;Santos;Urbana;Privada;0;0;0;0;--;--
2019;Sudeste;SP;3548500;Santos;Total;Pública;1,3;2;0,9;0,6;--;0
2019;Sudeste;SP;3548500;Santos;Urbana;Pública;1,3;2;0,9;0,6;--;0
2019;Sudeste;SP;3548500;Santos;Rural;Pública;--;--;--;--;--;--
2019;Sudeste;SP;3548609;São Bento do Sapucaí;Total;Total;2,2;3;3,5;0;--;--
2019;Sudeste;SP;3548609;São Bento do Sapucaí;Urbana;Total;2,2;3;3,5;0;--;--
2019;Sudeste;SP;3548609;São Bento do Sapucaí;Rural;Total;--;--;--;--;--;--
2019;Sudeste;SP;3548609;São Bento do Sapucaí;Total;Estadual;2,4;3,3;4,2;0;--;--
2019;Sudeste;SP;3548609;São Bento do Sapucaí;Urbana;Estadual;2,4;3,3;4,2;0;--;--
2019;Sudeste;SP;3548609;São Bento do Sapucaí;Total;Municipal;--;--;--;--;--;--
2019;Sudeste;SP;3548609;São Bento do Sapucaí;Urbana;Municipal;--;--;--;--;--;--
2019;Sudeste;SP;3548609;São Bento do Sapucaí;Rural;Municipal;--;--;--;--;--;--
2019;Sudeste;SP;3548609;São Bento do Sapucaí;Total;Privada;0;0;0;0;--;--
2019;Sudeste;SP;3548609;São Bento do Sapucaí;Urbana;Privada;0;0;0;0;--;--
2019;Sudeste;SP;3548609;São Bento do Sapucaí;Total;Pública;2,4;3,3;4,2;0;--;--
2019;Sudeste;SP;3548609;São Bento do Sapucaí;Urbana;Pública;2,4;3,3;4,2;0;--;--
2019;Sudeste;SP;3548609;São Bento do Sapucaí;Rural;Pública;--;--;--;--;--;--
2019;Sudeste;SP;3548708;São Bernardo do Campo;Total;Total;1,9;2,7;2;1;--;0
2019;Sudeste;SP;3548708;São Bernardo do Campo;Urbana;Total;1,9;2,7;2;1;--;0
2019;Sudeste;SP;3548708;São Bernardo do Campo;Rural;Total;--;--;--;--;--;--
2019;Sudeste;SP;3548708;São Bernardo do Campo;Total;Estadual;2,3;3,4;2,6;1,2;--;0
2019;Sudeste;SP;3548708;São Bernardo do Campo;Urbana;Estadual;2,3;3,4;2,6;1,2;--;0
2019;Sudeste;SP;3548708;São Bernardo do Campo;Total;Municipal;--;--;--;--;--;--
2019;Sudeste;SP;3548708;São Bernardo do Campo;Urbana;Municipal;--;--;--;--;--;--
2019;Sudeste;SP;3548708;São Bernardo do Campo;Rural;Municipal;--;--;--;--;--;--
2019;Sudeste;SP;3548708;São Bernardo do Campo;Total;Privada;0;0;0;0;--;--
2019;Sudeste;SP;3548708;São Bernardo do Campo;Urbana;Privada;0;0;0;0;--;--
2019;Sudeste;SP;3548708;São Bernardo do Campo;Total;Pública;2,3;3,4;2,6;1,2;--;0
2019;Sudeste;SP;3548708;São Bernardo do Campo;Urbana;Pública;2,3;3,4;2,6;1,2;--;0
2019;Sudeste;SP;3548708;São Bernardo do Campo;Rural;Pública;--;--;--;--;--;--
2019;Sudeste;SP;3548807;São Caetano do Sul;Total;Total;0,8;1,1;0,6;0,4;--;--
2019;Sudeste;SP;3548807;São Caetano do Sul;Urbana;Total;0,8;1,1;0,6;0,4;--;--
2019;Sudeste;SP;3548807;São Caetano do Sul;Total;Estadual;0,9;1,5;0,7;0,5;--;--
2019;Sudeste;SP;3548807;São Caetano do Sul;Urbana;Estadual;0,9;1,5;0,7;0,5;--;--
2019;Sudeste;SP;3548807;São Caetano do Sul;Total;Municipal;1;1,2;1,1;0,7;--;--
2019;Sudeste;SP;3548807;São Caetano do Sul;Urbana;Municipal;1;1,2;1,1;0,7;--;--
2019;Sudeste;SP;3548807;São Caetano do Sul;Total;Privada;0;0;0;0;--;--
2019;Sudeste;SP;3548807;São Caetano do Sul;Urbana;Privada;0;0;0;0;--;--
2019;Sudeste;SP;3548807;São Caetano do Sul;Total;Pública;1;1,3;0,8;0,6;--;--
2019;Sudeste;SP;3548807;São Caetano do Sul;Urbana;Pública;1;1,3;0,8;0,6;--;--
2019;Sudeste;SP;3548906;São Carlos;Total;Total;0,2;0,2;0,2;0,2;--;0
2019;Sudeste;SP;3548906;São Carlos;Urbana;Total;0,2;0,3;0,2;0,2;--;0
2019;Sudeste;SP;3548906;São Carlos;Rural;Total;0;0;0;0;--;--
2019;Sudeste;SP;3548906;São Carlos;Total;Federal;3,3;2,7;4;3,3;--;--
2019;Sudeste;SP;3548906;São Carlos;Urbana;Federal;3,3;2,7;4;3,3;--;--
2019;Sudeste;SP;3548906;São Carlos;Total;Estadual;0,2;0,2;0,1;0,2;--;0
2019;Sudeste;SP;3548906;São Carlos;Urbana;Estadual;0,2;0,2;0,1;0,3;--;0
2019;Sudeste;SP;3548906;São Carlos;Rural;Estadual;0;0;0;0;--;--
2019;Sudeste;SP;3548906;São Carlos;Total;Municipal;--;--;--;--;--;--
2019;Sudeste;SP;3548906;São Carlos;Urbana;Municipal;--;--;--;--;--;--
2019;Sudeste;SP;3548906;São Carlos;Total;Privada;0;0;0;0;--;--
2019;Sudeste;SP;3548906;São Carlos;Urbana;Privada;0;0;0;0;--;--
2019;Sudeste;SP;3548906;São Carlos;Rural;Privada;0;0;0;0;--;--
2019;Sudeste;SP;3548906;São Carlos;Total;Pública;0,3;0,3;0,2;0,3;--;0
2019;Sudeste;SP;3548906;São Carlos;Urbana;Pública;0,3;0,3;0,3;0,3;--;0
2019;Sudeste;SP;3548906;São Carlos;Rural;Pública;0;0;0;0;--;--
2019;Sudeste;SP;3549003;São Francisco;Total;Total;0;0;0;0;--;--
2019;Sudeste;SP;3549003;São Francisco;Urbana;Total;0;0;0;0;--;--
2019;Sudeste;SP;3549003;São Francisco;Total;Estadual;0;0;0;0;--;--
2019;Sudeste;SP;3549003;São Francisco;Urbana;Estadual;0;0;0;0;--;--
2019;Sudeste;SP;3549003;São Francisco;Total;Municipal;--;--;--;--;--;--
2019;Sudeste;SP;3549003;São Francisco;Urbana;Municipal;--;--;--;--;--;--
2019;Sudeste;SP;3549003;São Francisco;Total;Pública;0;0;0;0;--;--
2019;Sudeste;SP;3549003;São Francisco;Urbana;Pública;0;0;0;0;--;--
2019;Sudeste;SP;3549102;São João da Boa Vista;Total;Total;1,1;1,2;1,5;0,6;0;--
2019;Sudeste;SP;3549102;São João da Boa Vista;Urbana;Total;1,1;1,2;1,5;0,6;0;--
2019;Sudeste;SP;3549102;São João da Boa Vista;Rural;Total;--;--;--;--;--;--
2019;Sudeste;SP;3549102;São João da Boa Vista;Total;Federal;0,3;0;0;1,5;0;--
2019;Sudeste;SP;3549102;São João da Boa Vista;Urbana;Federal;0,3;0;0;1,5;0;--
2019;Sudeste;SP;3549102;São João da Boa Vista;Total;Estadual;1,5;1,7;2,5;0,6;--;--
2019;Sudeste;SP;3549102;São João da Boa Vista;Urbana;Estadual;1,5;1,7;2,5;0,6;--;--
2019;Sudeste;SP;3549102;São João da Boa Vista;Total;Municipal;--;--;--;--;--;--
2019;Sudeste;SP;3549102;São João da Boa Vista;Urbana;Municipal;--;--;--;--;--;--
2019;Sudeste;SP;3549102;São João da Boa Vista;Rural;Municipal;--;--;--;--;--;--
2019;Sudeste;SP;3549102;São João da Boa Vista;Total;Privada;0,3;0,6;0;0,3;--;--
2019;Sudeste;SP;3549102;São João da Boa Vista;Urbana;Privada;0,3;0,6;0;0,3;--;--
2019;Sudeste;SP;3549102;São João da Boa Vista;Total;Pública;1,3;1,5;2,3;0,7;0;--
2019;Sudeste;SP;3549102;São João da Boa Vista;Urbana;Pública;1,3;1,5;2,3;0,7;0;--
2019;Sudeste;SP;3549102;São João da Boa Vista;Rural;Pública;--;--;--;--;--;--
2019;Sudeste;SP;3549201;São João das Duas Pontes;Total;Total;0;0;0;0;--;--
2019;Sudeste;SP;3549201;São João das Duas Pontes;Urbana;Total;0;0;0;0;--;--
2019;Sudeste;SP;3549201;São João das Duas Pontes;Total;Estadual;0;0;0;0;--;--
2019;Sudeste;SP;3549201;São João das Duas Pontes;Urbana;Estadual;0;0;0;0;--;--
2019;Sudeste;SP;3549201;São João das Duas Pontes;Total;Municipal;--;--;--;--;--;--
2019;Sudeste;SP;3549201;São João das Duas Pontes;Urbana;Municipal;--;--;--;--;--;--
2019;Sudeste;SP;3549201;São João das Duas Pontes;Total;Pública;0;0;0;0;--;--
2019;Sudeste;SP;3549201;São João das Duas Pontes;Urbana;Pública;0;0;0;0;--;--
2019;Sudeste;SP;3549250;São João de Iracema;Total;Total;0;0;0;0;--;--
2019;Sudeste;SP;3549250;São João de Iracema;Urbana;Total;0;0;0;0;--;--
2019;Sudeste;SP;3549250;São João de Iracema;Total;Estadual;0;0;0;0;--;--
2019;Sudeste;SP;3549250;São João de Iracema;Urbana;Estadual;0;0;0;0;--;--
2019;Sudeste;SP;3549250;São João de Iracema;Total;Municipal;--;--;--;--;--;--
2019;Sudeste;SP;3549250;São João de Iracema;Urbana;Municipal;--;--;--;--;--;--
2019;Sudeste;SP;3549250;São João de Iracema;Total;Pública;0;0;0;0;--;--
2019;Sudeste;SP;3549250;São João de Iracema;Urbana;Pública;0;0;0;0;--;--
2019;Sudeste;SP;3549300;São João do Pau d'Alho;Total;Total;0;0;0;0;--;--
2019;Sudeste;SP;3549300;São João do Pau d'Alho;Urbana;Total;0;0;0;0;--;--
2019;Sudeste;SP;3549300;São João do Pau d'Alho;Total;Estadual;0;0;0;0;--;--
2019;Sudeste;SP;3549300;São João do Pau d'Alho;Urbana;Estadual;0;0;0;0;--;--
2019;Sudeste;SP;3549300;São João do Pau d'Alho;Total;Municipal;--;--;--;--;--;--
2019;Sudeste;SP;3549300;São João do Pau d'Alho;Urbana;Municipal;--;--;--;--;--;--
2019;Sudeste;SP;3549300;São João do Pau d'Alho;Total;Pública;0;0;0;0;--;--
2019;Sudeste;SP;3549300;São João do Pau d'Alho;Urbana;Pública;0;0;0;0;--;--
2019;Sudeste;SP;3549409;São Joaquim da Barra;Total;Total;3,2;5,5;2,7;0,5;--;--
2019;Sudeste;SP;3549409;São Joaquim da Barra;Urbana;Total;3,2;5,5;2,7;0,5;--;--
2019;Sudeste;SP;3549409;São Joaquim da Barra;Total;Estadual;3,6;6;3;0,7;--;--
2019;Sudeste;SP;3549409;São Joaquim da Barra;Urbana;Estadual;3,6;6;3;0,7;--;--
2019;Sudeste;SP;3549409;São Joaquim da Barra;Total;Municipal;--;--;--;--;--;--
2019;Sudeste;SP;3549409;São Joaquim da Barra;Urbana;Municipal;--;--;--;--;--;--
2019;Sudeste;SP;3549409;São Joaquim da Barra;Total;Privada;0;0;0;0;--;--
2019;Sudeste;SP;3549409;São Joaquim da Barra;Urbana;Privada;0;0;0;0;--;--
2019;Sudeste;SP;3549409;São Joaquim da Barra;Total;Pública;3,6;6;3;0,7;--;--
2019;Sudeste;SP;3549409;São Joaquim da Barra;Urbana;Pública;3,6;6;3;0,7;--;--
2019;Sudeste;SP;3549508;São José da Bela Vista;Total;Total;5,2;10,8;3;0;--;--
2019;Sudeste;SP;3549508;São José da Bela Vista;Urbana;Total;5,2;10,8;3;0;--;--
2019;Sudeste;SP;3549508;São José da Bela Vista;Total;Estadual;5,2;10,8;3;0;--;--
2019;Sudeste;SP;3549508;São José da Bela Vista;Urbana;Estadual;5,2;10,8;3;0;--;--
2019;Sudeste;SP;3549508;São José da Bela Vista;Total;Municipal;--;--;--;--;--;--
2019;Sudeste;SP;3549508;São José da Bela Vista;Urbana;Municipal;--;--;--;--;--;--
2019;Sudeste;SP;3549508;São José da Bela Vista;Total;Pública;5,2;10,8;3;0;--;--
2019;Sudeste;SP;3549508;São José da Bela Vista;Urbana;Pública;5,2;10,8;3;0;--;--
2019;Sudeste;SP;3549607;São José do Barreiro;Total;Total;0;0;0;0;--;--
2019;Sudeste;SP;3549607;São José do Barreiro;Urbana;Total;0;0;0;0;--;--
2019;Sudeste;SP;3549607;São José do Barreiro;Rural;Total;--;--;--;--;--;--
2019;Sudeste;SP;3549607;São José do Barreiro;Total;Estadual;0;0;0;0;--;--
2019;Sudeste;SP;3549607;São José do Barreiro;Urbana;Estadual;0;0;0;0;--;--
2019;Sudeste;SP;3549607;São José do Barreiro;Total;Municipal;--;--;--;--;--;--
2019;Sudeste;SP;3549607;São José do Barreiro;Urbana;Municipal;--;--;--;--;--;--
2019;Sudeste;SP;3549607;São José do Barreiro;Rural;Municipal;--;--;--;--;--;--
2019;Sudeste;SP;3549607;São José do Barreiro;Total;Pública;0;0;0;0;--;--
2019;Sudeste;SP;3549607;São José do Barreiro;Urbana;Pública;0;0;0;0;--;--
2019;Sudeste;SP;3549607;São José do Barreiro;Rural;Pública;--;--;--;--;--;--
2019;Sudeste;SP;3549706;São José do Rio Pardo;Total;Total;1;1;0,8;1,1;--;--
2019;Sudeste;SP;3549706;São José do Rio Pardo;Urbana;Total;1;1;0,8;1;--;--
2019;Sudeste;SP;3549706;São José do Rio Pardo;Rural;Total;0;0;0;0;--;--
2019;Sudeste;SP;3549706;São José do Rio Pardo;Total;Estadual;1,3;1,3;1,2;1,4;--;--
2019;Sudeste;SP;3549706;São José do Rio Pardo;Urbana;Estadual;1,3;1,3;1,2;1,4;--;--
2019;Sudeste;SP;3549706;São José do Rio Pardo;Rural;Estadual;0;0;0;0;--;--
2019;Sudeste;SP;3549706;São José do Rio Pardo;Total;Municipal;0;0;0;0;--;--
2019;Sudeste;SP;3549706;São José do Rio Pardo;Urbana;Municipal;0;0;0;0;--;--
2019;Sudeste;SP;3549706;São José do Rio Pardo;Rural;Municipal;--;--;--;--;--;--
2019;Sudeste;SP;3549706;São José do Rio Pardo;Total;Privada;0;0;0;0;--;--
2019;Sudeste;SP;3549706;São José do Rio Pardo;Urbana;Privada;0;0;0;0;--;--
2019;Sudeste;SP;3549706;São José do Rio Pardo;Total;Pública;1,2;1,3;1,1;1,3;--;--
2019;Sudeste;SP;3549706;São José do Rio Pardo;Urbana;Pública;1,2;1,3;1;1,3;--;--
2019;Sudeste;SP;3549706;São José do Rio Pardo;Rural;Pública;0;0;0;0;--;--
2019;Sudeste;SP;3549805;São José do Rio Preto;Total;Total;1,6;2,3;1,5;1;--;0
2019;Sudeste;SP;3549805;São José do Rio Preto;Urbana;Total;1,7;2,3;1,6;1;--;--
2019;Sudeste;SP;3549805;São José do Rio Preto;Rural;Total;0;0;0;0;--;0
2019;Sudeste;SP;3549805;São José do Rio Preto;Total;Estadual;2,3;3,1;2,2;1,4;--;0
2019;Sudeste;SP;3549805;São José do Rio Preto;Urbana;Estadual;2,3;3,1;2,2;1,4;--;--
2019;Sudeste;SP;3549805;São José do Rio Preto;Rural;Estadual;0;--;--;--;--;0
2019;Sudeste;SP;3549805;São José do Rio Preto;Total;Municipal;--;--;--;--;--;--
2019;Sudeste;SP;3549805;São José do Rio Preto;Urbana;Municipal;--;--;--;--;--;--
2019;Sudeste;SP;3549805;São José do Rio Preto;Rural;Municipal;--;--;--;--;--;--
2019;Sudeste;SP;3549805;São José do Rio Preto;Total;Privada;0;0;0;0;--;--
2019;Sudeste;SP;3549805;São José do Rio Preto;Urbana;Privada;0;0;0;0;--;--
2019;Sudeste;SP;3549805;São José do Rio Preto;Rural;Privada;0;0;0;0;--;--
2019;Sudeste;SP;3549805;São José do Rio Preto;Total;Pública;2,3;3,1;2,2;1,4;--;0
2019;Sudeste;SP;3549805;São José do Rio Preto;Urbana;Pública;2,3;3,1;2,2;1,4;--;--
2019;Sudeste;SP;3549805;São José do Rio Preto;Rural;Pública;0;--;--;--;--;0
2019;Sudeste;SP;3549904;São José dos Campos;Total;Total;0,8;1,5;0,7;0,4;--;0
2019;Sudeste;SP;3549904;São José dos Campos;Urbana;Total;0,8;1,5;0,7;0,4;--;0
2019;Sudeste;SP;3549904;São José dos Campos;Rural;Total;--;--;--;--;--;--
2019;Sudeste;SP;3549904;São José dos Campos;Total;Federal;0;0;0;0;--;--
2019;Sudeste;SP;3549904;São José dos Campos;Urbana;Federal;0;0;0;0;--;--
2019;Sudeste;SP;3549904;São José dos Campos;Total;Estadual;1,1;2;0,9;0,6;--;0
2019;Sudeste;SP;3549904;São José dos Campos;Urbana;Estadual;1,1;2;0,9;0,6;--;0
2019;Sudeste;SP;3549904;São José dos Campos;Rural;Estadual;--;--;--;--;--;--
2019;Sudeste;SP;3549904;São José dos Campos;Total;Municipal;--;--;--;--;--;--
2019;Sudeste;SP;3549904;São José dos Campos;Urbana;Municipal;--;--;--;--;--;--
2019;Sudeste;SP;3549904;São José dos Campos;Total;Privada;0;0;0;0;--;--
2019;Sudeste;SP;3549904;São José dos Campos;Urbana;Privada;0;0;0;0;--;--
2019;Sudeste;SP;3549904;São José dos Campos;Rural;Privada;--;--;--;--;--;--
2019;Sudeste;SP;3549904;São José dos Campos;Total;Pública;1,1;1,9;0,9;0,5;--;0
2019;Sudeste;SP;3549904;São José dos Campos;Urbana;Pública;1,1;1,9;0,9;0,5;--;0
2019;Sudeste;SP;3549904;São José dos Campos;Rural;Pública;--;--;--;--;--;--
2019;Sudeste;SP;3549953;São Lourenço da Serra;Total;Total;0,5;0;0,9;0,5;--;--
2019;Sudeste;SP;3549953;São Lourenço da Serra;Urbana;Total;0,5;0;0,9;0,5;--;--
2019;Sudeste;SP;3549953;São Lourenço da Serra;Rural;Total;--;--;--;--;--;--
2019;Sudeste;SP;3549953;São Lourenço da Serra;Total;Estadual;0,5;0;0,9;0,5;--;--
2019;Sudeste;SP;3549953;São Lourenço da Serra;Urbana;Estadual;0,5;0;0,9;0,5;--;--
2019;Sudeste;SP;3549953;São Lourenço da Serra;Total;Municipal;--;--;--;--;--;--
2019;Sudeste;SP;3549953;São Lourenço da Serra;Urbana;Municipal;--;--;--;--;--;--
2019;Sudeste;SP;3549953;São Lourenço da Serra;Rural;Municipal;--;--;--;--;--;--
2019;Sudeste;SP;3549953;São Lourenço da Serra;Total;Privada;--;--;--;--;--;--
2019;Sudeste;SP;3549953;São Lourenço da Serra;Urbana;Privada;--;--;--;--;--;--
2019;Sudeste;SP;3549953;São Lourenço da Serra;Total;Pública;0,5;0;0,9;0,5;--;--
2019;Sudeste;SP;3549953;São Lourenço da Serra;Urbana;Pública;0,5;0;0,9;0,5;--;--
2019;Sudeste;SP;3549953;São Lourenço da Serra;Rural;Pública;--;--;--;--;--;--
2019;Sudeste;SP;3550001;São Luiz do Paraitinga;Total;Total;4,8;6;6,8;0,9;--;--
2019;Sudeste;SP;3550001;São Luiz do Paraitinga;Urbana;Total;4,8;6;6,8;0,9;--;--
2019;Sudeste;SP;3550001;São Luiz do Paraitinga;Rural;Total;--;--;--;--;--;--
2019;Sudeste;SP;3550001;São Luiz do Paraitinga;Total;Estadual;4,8;6;6,8;0,9;--;--
2019;Sudeste;SP;3550001;São Luiz do Paraitinga;Urbana;Estadual;4,8;6;6,8;0,9;--;--
2019;Sudeste;SP;3550001;São Luiz do Paraitinga;Total;Municipal;--;--;--;--;--;--
2019;Sudeste;SP;3550001;São Luiz do Paraitinga;Urbana;Municipal;--;--;--;--;--;--
2019;Sudeste;SP;3550001;São Luiz do Paraitinga;Rural;Municipal;--;--;--;--;--;--
2019;Sudeste;SP;3550001;São Luiz do Paraitinga;Total;Pública;4,8;6;6,8;0,9;--;--
2019;Sudeste;SP;3550001;São Luiz do Paraitinga;Urbana;Pública;4,8;6;6,8;0,9;--;--
2019;Sudeste;SP;3550001;São Luiz do Paraitinga;Rural;Pública;--;--;--;--;--;--
2019;Sudeste;SP;3550100;São Manuel;Total;Total;1,2;1,7;0,8;0,9;--;--
2019;Sudeste;SP;3550100;São Manuel;Urbana;Total;1,4;2,1;1;1,1;--;--
2019;Sudeste;SP;3550100;São Manuel;Rural;Total;0;0;0;0;--;--
2019;Sudeste;SP;3550100;São Manuel;Total;Estadual;1,3;1,9;1;1;--;--
2019;Sudeste;SP;3550100;São Manuel;Urbana;Estadual;1,6;2,3;1,2;1,3;--;--
2019;Sudeste;SP;3550100;São Manuel;Rural;Estadual;0;0;0;0;--;--
2019;Sudeste;SP;3550100;São Manuel;Total;Municipal;--;--;--;--;--;--
2019;Sudeste;SP;3550100;São Manuel;Urbana;Municipal;--;--;--;--;--;--
2019;Sudeste;SP;3550100;São Manuel;Total;Privada;0;0;0;0;--;--
2019;Sudeste;SP;3550100;São Manuel;Urbana;Privada;0;0;0;0;--;--
2019;Sudeste;SP;3550100;São Manuel;Total;Pública;1,3;1,9;1;1;--;--
2019;Sudeste;SP;3550100;São Manuel;Urbana;Pública;1,6;2,3;1,2;1,3;--;--
2019;Sudeste;SP;3550100;São Manuel;Rural;Pública;0;0;0;0;--;--
2019;Sudeste;SP;3550209;São Miguel Arcanjo;Total;Total;2,7;2,3;3,8;1,8;--;--
2019;Sudeste;SP;3550209;São Miguel Arcanjo;Urbana;Total;2,4;1,5;4;1,8;--;--
2019;Sudeste;SP;3550209;São Miguel Arcanjo;Rural;Total;3,1;3,9;3,3;1,9;--;--
2019;Sudeste;SP;3550209;São Miguel Arcanjo;Total;Estadual;2,7;2,4;3,8;2;--;--
2019;Sudeste;SP;3550209;São Miguel Arcanjo;Urbana;Estadual;2,5;1,6;4,1;1,9;--;--
2019;Sudeste;SP;3550209;São Miguel Arcanjo;Rural;Estadual;3,1;3,9;3,3;1,9;--;--
2019;Sudeste;SP;3550209;São Miguel Arcanjo;Total;Municipal;--;--;--;--;--;--
2019;Sudeste;SP;3550209;São Miguel Arcanjo;Rural;Municipal;--;--;--;--;--;--
2019;Sudeste;SP;3550209;São Miguel Arcanjo;Total;Privada;0;0;0;0;--;--
2019;Sudeste;SP;3550209;São Miguel Arcanjo;Urbana;Privada;0;0;0;0;--;--
2019;Sudeste;SP;3550209;São Miguel Arcanjo;Total;Pública;2,7;2,4;3,8;2;--;--
2019;Sudeste;SP;3550209;São Miguel Arcanjo;Urbana;Pública;2,5;1,6;4,1;1,9;--;--
2019;Sudeste;SP;3550209;São Miguel Arcanjo;Rural;Pública;3,1;3,9;3,3;1,9;--;--
2019;Sudeste;SP;3550308;São Paulo;Total;Total;3,1;3,8;3,9;1,7;0;0,8
2019;Sudeste;SP;3550308;São Paulo;Urbana;Total;3,1;3,8;3,9;1,7;0;0,8
2019;Sudeste;SP;3550308;São Paulo;Total;Federal;0,5;0,4;0,7;0,6;0;--
2019;Sudeste;SP;3550308;São Paulo;Urbana;Federal;0,5;0,4;0,7;0,6;0;--
2019;Sudeste;SP;3550308;São Paulo;Total;Estadual;3,9;4,9;5,3;2;--;0,8
2019;Sudeste;SP;3550308;São Paulo;Urbana;Estadual;3,9;4,9;5,3;2;--;0,8
2019;Sudeste;SP;3550308;São Paulo;Total;Municipal;5,7;5,1;8,8;4,7;0;--
2019;Sudeste;SP;3550308;São Paulo;Urbana;Municipal;5,7;5,1;8,8;4,7;0;--
2019;Sudeste;SP;3550308;São Paulo;Total;Privada;0;0;0;0;0;--
2019;Sudeste;SP;3550308;São Paulo;Urbana;Privada;0;0;0;0;0;--
2019;Sudeste;SP;3550308;São Paulo;Total;Pública;4;4,8;5,3;2;0;0,8
2019;Sudeste;SP;3550308;São Paulo;Urbana;Pública;4;4,8;5,3;2;0;0,8
2019;Sudeste;SP;3550407;São Pedro;Total;Total;1;1,4;0,8;0,8;--;--
2019;Sudeste;SP;3550407;São Pedro;Urbana;Total;1;1,4;0,8;0,8;--;--
2019;Sudeste;SP;3550407;São Pedro;Rural;Total;--;--;--;--;--;--
2019;Sudeste;SP;3550407;São Pedro;Total;Estadual;1,1;1,6;0,8;0,8;--;--
2019;Sudeste;SP;3550407;São Pedro;Urbana;Estadual;1,1;1,6;0,8;0,8;--;--
2019;Sudeste;SP;3550407;São Pedro;Total;Municipal;--;--;--;--;--;--
2019;Sudeste;SP;3550407;São Pedro;Urbana;Municipal;--;--;--;--;--;--
2019;Sudeste;SP;3550407;São Pedro;Rural;Municipal;--;--;--;--;--;--
2019;Sudeste;SP;3550407;São Pedro;Total;Privada;0;0;0;0;--;--
2019;Sudeste;SP;3550407;São Pedro;Urbana;Privada;0;0;0;0;--;--
2019;Sudeste;SP;3550407;São Pedro;Total;Pública;1,1;1,6;0,8;0,8;--;--
2019;Sudeste;SP;3550407;São Pedro;Urbana;Pública;1,1;1,6;0,8;0,8;--;--
2019;Sudeste;SP;3550407;São Pedro;Rural;Pública;--;--;--;--;--;--
2019;Sudeste;SP;3550506;São Pedro do Turvo;Total;Total;2,9;1,4;1,3;5,4;--;--
2019;Sudeste;SP;3550506;São Pedro do Turvo;Urbana;Total;2,9;1,4;1,3;5,4;--;--
2019;Sudeste;SP;3550506;São Pedro do Turvo;Rural;Total;--;--;--;--;--;--
2019;Sudeste;SP;3550506;São Pedro do Turvo;Total;Estadual;2,9;1,4;1,3;5,4;--;--
2019;Sudeste;SP;3550506;São Pedro do Turvo;Urbana;Estadual;2,9;1,4;1,3;5,4;--;--
2019;Sudeste;SP;3550506;São Pedro do Turvo;Total;Municipal;--;--;--;--;--;--
2019;Sudeste;SP;3550506;São Pedro do Turvo;Urbana;Municipal;--;--;--;--;--;--
2019;Sudeste;SP;3550506;São Pedro do Turvo;Rural;Municipal;--;--;--;--;--;--
2019;Sudeste;SP;3550506;São Pedro do Turvo;Total;Pública;2,9;1,4;1,3;5,4;--;--
2019;Sudeste;SP;3550506;São Pedro do Turvo;Urbana;Pública;2,9;1,4;1,3;5,4;--;--
2019;Sudeste;SP;3550506;São Pedro do Turvo;Rural;Pública;--;--;--;--;--;--
2019;Sudeste;SP;3550605;São Roque;Total;Total;0,4;0,3;0,4;0,6;--;--
2019;Sudeste;SP;3550605;São Roque;Urbana;Total;0,4;0,3;0,4;0,6;--;--
2019;Sudeste;SP;3550605;São Roque;Rural;Total;--;--;--;--;--;--
2019;Sudeste;SP;3550605;São Roque;Total;Federal;0;0;0;0;--;--
2019;Sudeste;SP;3550605;São Roque;Urbana;Federal;0;0;0;0;--;--
2019;Sudeste;SP;3550605;São Roque;Total;Estadual;0,6;0,5;0,4;1;--;--
2019;Sudeste;SP;3550605;São Roque;Urbana;Estadual;0,6;0,5;0,4;1;--;--
2019;Sudeste;SP;3550605;São Roque;Total;Municipal;--;--;--;--;--;--
2019;Sudeste;SP;3550605;São Roque;Urbana;Municipal;--;--;--;--;--;--
2019;Sudeste;SP;3550605;São Roque;Rural;Municipal;--;--;--;--;--;--
2019;Sudeste;SP;3550605;São Roque;Total;Privada;0,1;0;0,4;0;--;--
2019;Sudeste;SP;3550605;São Roque;Urbana;Privada;0,1;0;0,4;0;--;--
2019;Sudeste;SP;3550605;São Roque;Total;Pública;0,6;0,4;0,4;0,8;--;--
2019;Sudeste;SP;3550605;São Roque;Urbana;Pública;0,6;0,4;0,4;0,8;--;--
2019;Sudeste;SP;3550605;São Roque;Rural;Pública;--;--;--;--;--;--
2019;Sudeste;SP;3550704;São Sebastião;Total;Total;0;0;0,1;0,1;--;--
2019;Sudeste;SP;3550704;São Sebastião;Urbana;Total;0;0;0,1;0,1;--;--
2019;Sudeste;SP;3550704;São Sebastião;Total;Estadual;0,1;0;0,1;0,1;--;--
2019;Sudeste;SP;3550704;São Sebastião;Urbana;Estadual;0,1;0;0,1;0,1;--;--
2019;Sudeste;SP;3550704;São Sebastião;Total;Municipal;--;--;--;--;--;--
2019;Sudeste;SP;3550704;São Sebastião;Urbana;Municipal;--;--;--;--;--;--
2019;Sudeste;SP;3550704;São Sebastião;Total;Privada;0;0;0;0;--;--
2019;Sudeste;SP;3550704;São Sebastião;Urbana;Privada;0;0;0;0;--;--
2019;Sudeste;SP;3550704;São Sebastião;Total;Pública;0,1;0;0,1;0,1;--;--
2019;Sudeste;SP;3550704;São Sebastião;Urbana;Pública;0,1;0;0,1;0,1;--;--
2019;Sudeste;SP;3550803;São Sebastião da Grama;Total;Total;3,7;8,2;1,5;1,2;--;--
2019;Sudeste;SP;3550803;São Sebastião da Grama;Urbana;Total;3,9;10;0,8;1,4;--;--
2019;Sudeste;SP;3550803;São Sebastião da Grama;Rural;Total;2,2;0;5,6;0;--;--
2019;Sudeste;SP;3550803;São Sebastião da Grama;Total;Estadual;4;8,9;1,6;1,4;--;--
2019;Sudeste;SP;3550803;São Sebastião da Grama;Urbana;Estadual;4,4;11,1;1;1,5;--;--
2019;Sudeste;SP;3550803;São Sebastião da Grama;Rural;Estadual;2,2;0;5,6;0;--;--
2019;Sudeste;SP;3550803;São Sebastião da Grama;Total;Municipal;--;--;--;--;--;--
2019;Sudeste;SP;3550803;São Sebastião da Grama;Urbana;Municipal;--;--;--;--;--;--
2019;Sudeste;SP;3550803;São Sebastião da Grama;Rural;Municipal;--;--;--;--;--;--
2019;Sudeste;SP;3550803;São Sebastião da Grama;Total;Privada;0;0;0;0;--;--
2019;Sudeste;SP;3550803;São Sebastião da Grama;Urbana;Privada;0;0;0;0;--;--
2019;Sudeste;SP;3550803;São Sebastião da Grama;Total;Pública;4;8,9;1,6;1,4;--;--
2019;Sudeste;SP;3550803;São Sebastião da Grama;Urbana;Pública;4,4;11,1;1;1,5;--;--
2019;Sudeste;SP;3550803;São Sebastião da Grama;Rural;Pública;2,2;0;5,6;0;--;--
2019;Sudeste;SP;3550902;São Simão;Total;Total;0,1;0;0,5;0;--;--
2019;Sudeste;SP;3550902;São Simão;Urbana;Total;0,2;0;0,8;0;--;--
2019;Sudeste;SP;3550902;São Simão;Rural;Total;0;0;0;0;--;--
2019;Sudeste;SP;3550902;São Simão;Total;Estadual;0,2;0;0,6;0;--;--
2019;Sudeste;SP;3550902;São Simão;Urbana;Estadual;0,3;0;1,1;0;--;--
2019;Sudeste;SP;3550902;São Simão;Rural;Estadual;0;0;0;0;--;--
2019;Sudeste;SP;3550902;São Simão;Total;Municipal;--;--;--;--;--;--
2019;Sudeste;SP;3550902;São Simão;Urbana;Municipal;--;--;--;--;--;--
2019;Sudeste;SP;3550902;São Simão;Total;Privada;0;0;0;0;--;--
2019;Sudeste;SP;3550902;São Simão;Urbana;Privada;0;0;0;0;--;--
2019;Sudeste;SP;3550902;São Simão;Total;Pública;0,2;0;0,6;0;--;--
2019;Sudeste;SP;3550902;São Simão;Urbana;Pública;0,3;0;1,1;0;--;--
2019;Sudeste;SP;3550902;São Simão;Rural;Pública;0;0;0;0;--;--
2019;Sudeste;SP;3551009;São Vicente;Total;Total;1,9;2,4;2,1;1;--;0
2019;Sudeste;SP;3551009;São Vicente;Urbana;Total;1,9;2,4;2,1;1;--;0
2019;Sudeste;SP;3551009;São Vicente;Total;Estadual;2,1;2,8;2,4;1,2;--;0
2019;Sudeste;SP;3551009;São Vicente;Urbana;Estadual;2,1;2,8;2,4;1,2;--;0
2019;Sudeste;SP;3551009;São Vicente;Total;Municipal;--;--;--;--;--;--
2019;Sudeste;SP;3551009;São Vicente;Urbana;Municipal;--;--;--;--;--;--
2019;Sudeste;SP;3551009;São Vicente;Total;Privada;0,1;0,2;0;0;--;--
2019;Sudeste;SP;3551009;São Vicente;Urbana;Privada;0,1;0,2;0;0;--;--
2019;Sudeste;SP;3551009;São Vicente;Total;Pública;2,1;2,8;2,4;1,2;--;0
2019;Sudeste;SP;3551009;São Vicente;Urbana;Pública;2,1;2,8;2,4;1,2;--;0
2019;Sudeste;SP;3551108;Sarapuí;Total;Total;1,7;0;1,5;3,5;--;--
2019;Sudeste;SP;3551108;Sarapuí;Urbana;Total;1,7;0;1,5;3,5;--;--
2019;Sudeste;SP;3551108;Sarapuí;Rural;Total;--;--;--;--;--;--
2019;Sudeste;SP;3551108;Sarapuí;Total;Estadual;1,7;0;1,5;3,5;--;--
2019;Sudeste;SP;3551108;Sarapuí;Urbana;Estadual;1,7;0;1,5;3,5;--;--
2019;Sudeste;SP;3551108;Sarapuí;Total;Municipal;--;--;--;--;--;--
2019;Sudeste;SP;3551108;Sarapuí;Urbana;Municipal;--;--;--;--;--;--
2019;Sudeste;SP;3551108;Sarapuí;Rural;Municipal;--;--;--;--;--;--
2019;Sudeste;SP;3551108;Sarapuí;Total;Pública;1,7;0;1,5;3,5;--;--
2019;Sudeste;SP;3551108;Sarapuí;Urbana;Pública;1,7;0;1,5;3,5;--;--
2019;Sudeste;SP;3551108;Sarapuí;Rural;Pública;--;--;--;--;--;--
2019;Sudeste;SP;3551207;Sarutaiá;Total;Total;2,1;0;0;8,7;--;--
2019;Sudeste;SP;3551207;Sarutaiá;Urbana;Total;2,1;0;0;8,7;--;--
2019;Sudeste;SP;3551207;Sarutaiá;Total;Estadual;2,1;0;0;8,7;--;--
2019;Sudeste;SP;3551207;Sarutaiá;Urbana;Estadual;2,1;0;0;8,7;--;--
2019;Sudeste;SP;3551207;Sarutaiá;Total;Municipal;--;--;--;--;--;--
2019;Sudeste;SP;3551207;Sarutaiá;Urbana;Municipal;--;--;--;--;--;--
2019;Sudeste;SP;3551207;Sarutaiá;Total;Pública;2,1;0;0;8,7;--;--
2019;Sudeste;SP;3551207;Sarutaiá;Urbana;Pública;2,1;0;0;8,7;--;--
2019;Sudeste;SP;3551306;Sebastianópolis do Sul;Total;Total;0;0;0;0;--;--
2019;Sudeste;SP;3551306;Sebastianópolis do Sul;Urbana;Total;0;0;0;0;--;--
2019;Sudeste;SP;3551306;Sebastianópolis do Sul;Total;Estadual;0;0;0;0;--;--
2019;Sudeste;SP;3551306;Sebastianópolis do Sul;Urbana;Estadual;0;0;0;0;--;--
2019;Sudeste;SP;3551306;Sebastianópolis do Sul;Total;Municipal;--;--;--;--;--;--
2019;Sudeste;SP;3551306;Sebastianópolis do Sul;Urbana;Municipal;--;--;--;--;--;--
2019;Sudeste;SP;3551306;Sebastianópolis do Sul;Total;Pública;0;0;0;0;--;--
2019;Sudeste;SP;3551306;Sebastianópolis do Sul;Urbana;Pública;0;0;0;0;--;--
2019;Sudeste;SP;3551405;Serra Azul;Total;Total;4,9;7,5;1,1;5,4;--;--
2019;Sudeste;SP;3551405;Serra Azul;Urbana;Total;4,9;7,5;1,1;5,4;--;--
2019;Sudeste;SP;3551405;Serra Azul;Rural;Total;--;--;--;--;--;--
2019;Sudeste;SP;3551405;Serra Azul;Total;Estadual;4,9;7,5;1,1;5,4;--;--
2019;Sudeste;SP;3551405;Serra Azul;Urbana;Estadual;4,9;7,5;1,1;5,4;--;--
2019;Sudeste;SP;3551405;Serra Azul;Total;Municipal;--;--;--;--;--;--
2019;Sudeste;SP;3551405;Serra Azul;Urbana;Municipal;--;--;--;--;--;--
2019;Sudeste;SP;3551405;Serra Azul;Rural;Municipal;--;--;--;--;--;--
2019;Sudeste;SP;3551405;Serra Azul;Total;Pública;4,9;7,5;1,1;5,4;--;--
2019;Sudeste;SP;3551405;Serra Azul;Urbana;Pública;4,9;7,5;1,1;5,4;--;--
2019;Sudeste;SP;3551405;Serra Azul;Rural;Pública;--;--;--;--;--;--
2019;Sudeste;SP;3551504;Serrana;Total;Total;3,8;5,3;4,2;1,6;--;--
2019;Sudeste;SP;3551504;Serrana;Urbana;Total;3,8;5,3;4,2;1,6;--;--
2019;Sudeste;SP;3551504;Serrana;Total;Estadual;4;5,6;4,6;1,7;--;--
2019;Sudeste;SP;3551504;Serrana;Urbana;Estadual;4;5,6;4,6;1,7;--;--
2019;Sudeste;SP;3551504;Serrana;Total;Municipal;--;--;--;--;--;--
2019;Sudeste;SP;3551504;Serrana;Urbana;Municipal;--;--;--;--;--;--
2019;Sudeste;SP;3551504;Serrana;Total;Privada;0;0;0;0;--;--
2019;Sudeste;SP;3551504;Serrana;Urbana;Privada;0;0;0;0;--;--
2019;Sudeste;SP;3551504;Serrana;Total;Pública;4;5,6;4,6;1,7;--;--
2019;Sudeste;SP;3551504;Serrana;Urbana;Pública;4;5,6;4,6;1,7;--;--
2019;Sudeste;SP;3551603;Serra Negra;Total;Total;1,9;2,8;2,4;0,4;--;--
2019;Sudeste;SP;3551603;Serra Negra;Urbana;Total;2,2;3,1;2,7;0,5;--;--
2019;Sudeste;SP;3551603;Serra Negra;Rural;Total;0;0;0;0;--;--
2019;Sudeste;SP;3551603;Serra Negra;Total;Estadual;2,2;3,1;3;0,5;--;--
2019;Sudeste;SP;3551603;Serra Negra;Urbana;Estadual;2,6;3,7;3,5;0,7;--;--
2019;Sudeste;SP;3551603;Serra Negra;Rural;Estadual;0;0;0;0;--;--
2019;Sudeste;SP;3551603;Serra Negra;Total;Municipal;--;--;--;--;--;--
2019;Sudeste;SP;3551603;Serra Negra;Urbana;Municipal;--;--;--;--;--;--
2019;Sudeste;SP;3551603;Serra Negra;Rural;Municipal;--;--;--;--;--;--
2019;Sudeste;SP;3551603;Serra Negra;Total;Privada;0;0;0;0;--;--
2019;Sudeste;SP;3551603;Serra Negra;Urbana;Privada;0;0;0;0;--;--
2019;Sudeste;SP;3551603;Serra Negra;Total;Pública;2,2;3,1;3;0,5;--;--
2019;Sudeste;SP;3551603;Serra Negra;Urbana;Pública;2,6;3,7;3,5;0,7;--;--
2019;Sudeste;SP;3551603;Serra Negra;Rural;Pública;0;0;0;0;--;--
2019;Sudeste;SP;3551702;Sertãozinho;Total;Total;2;2,1;2;1,4;1,3;5,5
2019;Sudeste;SP;3551702;Sertãozinho;Urbana;Total;1,9;2,1;2;1,4;1,3;--
2019;Sudeste;SP;3551702;Sertãozinho;Rural;Total;5,5;--;--;--;--;5,5
2019;Sudeste;SP;3551702;Sertãozinho;Total;Federal;0,3;0;0;0;1,3;--
2019;Sudeste;SP;3551702;Sertãozinho;Urbana;Federal;0,3;0;0;0;1,3;--
2019;Sudeste;SP;3551702;Sertãozinho;Total;Estadual;2,4;2,8;2,7;1,7;--;5,5
2019;Sudeste;SP;3551702;Sertãozinho;Urbana;Estadual;2,4;2,8;2,7;1,7;--;--
2019;Sudeste;SP;3551702;Sertãozinho;Rural;Estadual;5,5;--;--;--;--;5,5
2019;Sudeste;SP;3551702;Sertãozinho;Total;Municipal;--;--;--;--;--;--
2019;Sudeste;SP;3551702;Sertãozinho;Urbana;Municipal;--;--;--;--;--;--
2019;Sudeste;SP;3551702;Sertãozinho;Total;Privada;0;0;0;0;--;--
2019;Sudeste;SP;3551702;Sertãozinho;Urbana;Privada;0;0;0;0;--;--
2019;Sudeste;SP;3551702;Sertãozinho;Total;Pública;2,3;2,6;2,5;1,7;1,3;5,5
2019;Sudeste;SP;3551702;Sertãozinho;Urbana;Pública;2,3;2,6;2,5;1,7;1,3;--
2019;Sudeste;SP;3551702;Sertãozinho;Rural;Pública;5,5;--;--;--;--;5,5
2019;Sudeste;SP;3551801;Sete Barras;Total;Total;2;2,8;1,3;1,7;--;0
2019;Sudeste;SP;3551801;Sete Barras;Urbana;Total;2;2,8;1,3;1,7;--;--
2019;Sudeste;SP;3551801;Sete Barras;Rural;Total;0;--;--;--;--;0
2019;Sudeste;SP;3551801;Sete Barras;Total;Estadual;2;2,8;1,3;1,7;--;0
2019;Sudeste;SP;3551801;Sete Barras;Urbana;Estadual;2;2,8;1,3;1,7;--;--
2019;Sudeste;SP;3551801;Sete Barras;Rural;Estadual;0;--;--;--;--;0
2019;Sudeste;SP;3551801;Sete Barras;Total;Municipal;--;--;--;--;--;--
2019;Sudeste;SP;3551801;Sete Barras;Urbana;Municipal;--;--;--;--;--;--
2019;Sudeste;SP;3551801;Sete Barras;Rural;Municipal;--;--;--;--;--;--
2019;Sudeste;SP;3551801;Sete Barras;Total;Pública;2;2,8;1,3;1,7;--;0
2019;Sudeste;SP;3551801;Sete Barras;Urbana;Pública;2;2,8;1,3;1,7;--;--
2019;Sudeste;SP;3551801;Sete Barras;Rural;Pública;0;--;--;--;--;0
2019;Sudeste;SP;3551900;Severínia;Total;Total;0,6;1,2;0,6;0;--;--
2019;Sudeste;SP;3551900;Severínia;Urbana;Total;0,6;1,2;0,6;0;--;--
2019;Sudeste;SP;3551900;Severínia;Total;Estadual;0,6;1,2;0,6;0;--;--
2019;Sudeste;SP;3551900;Severínia;Urbana;Estadual;0,6;1,2;0,6;0;--;--
2019;Sudeste;SP;3551900;Severínia;Total;Municipal;--;--;--;--;--;--
2019;Sudeste;SP;3551900;Severínia;Urbana;Municipal;--;--;--;--;--;--
2019;Sudeste;SP;3551900;Severínia;Total;Pública;0,6;1,2;0,6;0;--;--
2019;Sudeste;SP;3551900;Severínia;Urbana;Pública;0,6;1,2;0,6;0;--;--
2019;Sudeste;SP;3552007;Silveiras;Total;Total;2,2;5,9;0;0;--;--
2019;Sudeste;SP;3552007;Silveiras;Urbana;Total;1,7;4,6;0;0;--;--
2019;Sudeste;SP;3552007;Silveiras;Rural;Total;4,3;11,1;0;0;--;--
2019;Sudeste;SP;3552007;Silveiras;Total;Estadual;1,7;4,6;0;0;--;--
2019;Sudeste;SP;3552007;Silveiras;Urbana;Estadual;1,7;4,6;0;0;--;--
2019;Sudeste;SP;3552007;Silveiras;Total;Municipal;4,3;11,1;0;0;--;--
2019;Sudeste;SP;3552007;Silveiras;Urbana;Municipal;--;--;--;--;--;--
2019;Sudeste;SP;3552007;Silveiras;Rural;Municipal;4,3;11,1;0;0;--;--
2019;Sudeste;SP;3552007;Silveiras;Total;Pública;2,2;5,9;0;0;--;--
2019;Sudeste;SP;3552007;Silveiras;Urbana;Pública;1,7;4,6;0;0;--;--
2019;Sudeste;SP;3552007;Silveiras;Rural;Pública;4,3;11,1;0;0;--;--
2019;Sudeste;SP;3552106;Socorro;Total;Total;1,1;1,4;1,4;0,2;--;--
2019;Sudeste;SP;3552106;Socorro;Urbana;Total;1,2;1,7;1,7;0,4;--;--
2019;Sudeste;SP;3552106;Socorro;Rural;Total;0,6;0,8;0,9;0;--;--
2019;Sudeste;SP;3552106;Socorro;Total;Estadual;1,3;1,7;1,8;0,3;--;--
2019;Sudeste;SP;3552106;Socorro;Urbana;Estadual;1,7;2,3;2,2;0,5;--;--
2019;Sudeste;SP;3552106;Socorro;Rural;Estadual;0,6;0,8;0,9;0;--;--
2019;Sudeste;SP;3552106;Socorro;Total;Municipal;--;--;--;--;--;--
2019;Sudeste;SP;3552106;Socorro;Urbana;Municipal;--;--;--;--;--;--
2019;Sudeste;SP;3552106;Socorro;Rural;Municipal;--;--;--;--;--;--
2019;Sudeste;SP;3552106;Socorro;Total;Privada;0;0;0;0;--;--
2019;Sudeste;SP;3552106;Socorro;Urbana;Privada;0;0;0;0;--;--
2019;Sudeste;SP;3552106;Socorro;Total;Pública;1,3;1,7;1,8;0,3;--;--
2019;Sudeste;SP;3552106;Socorro;Urbana;Pública;1,7;2,3;2,2;0,5;--;--
2019;Sudeste;SP;3552106;Socorro;Rural;Pública;0,6;0,8;0,9;0;--;--
2019;Sudeste;SP;3552205;Sorocaba;Total;Total;1,3;1,5;1,9;0,9;--;0,7
2019;Sudeste;SP;3552205;Sorocaba;Urbana;Total;1,3;1,5;1,9;0,9;--;0,7
2019;Sudeste;SP;3552205;Sorocaba;Rural;Total;--;--;--;--;--;--
2019;Sudeste;SP;3552205;Sorocaba;Total;Federal;0,9;--;--;--;--;0,9
2019;Sudeste;SP;3552205;Sorocaba;Urbana;Federal;0,9;--;--;--;--;0,9
2019;Sudeste;SP;3552205;Sorocaba;Total;Estadual;1,6;1,7;2,3;0,9;--;0
2019;Sudeste;SP;3552205;Sorocaba;Urbana;Estadual;1,6;1,7;2,3;0,9;--;0
2019;Sudeste;SP;3552205;Sorocaba;Total;Municipal;--;--;--;--;--;--
2019;Sudeste;SP;3552205;Sorocaba;Urbana;Municipal;--;--;--;--;--;--
2019;Sudeste;SP;3552205;Sorocaba;Rural;Municipal;--;--;--;--;--;--
2019;Sudeste;SP;3552205;Sorocaba;Total;Privada;0;0,1;0;0;--;--
2019;Sudeste;SP;3552205;Sorocaba;Urbana;Privada;0;0,1;0;0;--;--
2019;Sudeste;SP;3552205;Sorocaba;Total;Pública;1,6;1,7;2,3;0,9;--;0,7
2019;Sudeste;SP;3552205;Sorocaba;Urbana;Pública;1,6;1,7;2,3;0,9;--;0,7
2019;Sudeste;SP;3552205;Sorocaba;Rural;Pública;--;--;--;--;--;--
2019;Sudeste;SP;3552304;Sud Mennucci;Total;Total;0,4;0;0;0,9;--;--
2019;Sudeste;SP;3552304;Sud Mennucci;Urbana;Total;0,4;0;0;0,9;--;--
2019;Sudeste;SP;3552304;Sud Mennucci;Total;Estadual;0,4;0;0;0,9;--;--
2019;Sudeste;SP;3552304;Sud Mennucci;Urbana;Estadual;0,4;0;0;0,9;--;--
2019;Sudeste;SP;3552304;Sud Mennucci;Total;Municipal;--;--;--;--;--;--
2019;Sudeste;SP;3552304;Sud Mennucci;Urbana;Municipal;--;--;--;--;--;--
2019;Sudeste;SP;3552304;Sud Mennucci;Total;Pública;0,4;0;0;0,9;--;--
2019;Sudeste;SP;3552304;Sud Mennucci;Urbana;Pública;0,4;0;0;0,9;--;--
2019;Sudeste;SP;3552403;Sumaré;Total;Total;1,7;2;2;1;2,4;--
2019;Sudeste;SP;3552403;Sumaré;Urbana;Total;1,7;2;2;1;2,4;--
2019;Sudeste;SP;3552403;Sumaré;Rural;Total;--;--;--;--;--;--
2019;Sudeste;SP;3552403;Sumaré;Total;Estadual;1,9;2,2;2,2;1,1;--;--
2019;Sudeste;SP;3552403;Sumaré;Urbana;Estadual;1,9;2,2;2,2;1,1;--;--
2019;Sudeste;SP;3552403;Sumaré;Total;Municipal;1;0,5;0,5;0,8;2,4;--
2019;Sudeste;SP;3552403;Sumaré;Urbana;Municipal;1;0,5;0,5;0,8;2,4;--
2019;Sudeste;SP;3552403;Sumaré;Rural;Municipal;--;--;--;--;--;--
2019;Sudeste;SP;3552403;Sumaré;Total;Privada;0;0;0;0;--;--
2019;Sudeste;SP;3552403;Sumaré;Urbana;Privada;0;0;0;0;--;--
2019;Sudeste;SP;3552403;Sumaré;Total;Pública;1,7;2,1;2,1;1,1;2,4;--
2019;Sudeste;SP;3552403;Sumaré;Urbana;Pública;1,7;2,1;2,1;1,1;2,4;--
2019;Sudeste;SP;3552403;Sumaré;Rural;Pública;--;--;--;--;--;--
2019;Sudeste;SP;3552502;Suzano;Total;Total;2,3;3;2,6;1,4;--;--
2019;Sudeste;SP;3552502;Suzano;Urbana;Total;2,4;3;2,6;1,3;--;--
2019;Sudeste;SP;3552502;Suzano;Rural;Total;0;0;0;0;--;--
2019;Sudeste;SP;3552502;Suzano;Total;Federal;1,7;2,7;1,1;--;--;--
2019;Sudeste;SP;3552502;Suzano;Urbana;Federal;1,7;2,7;1,1;--;--;--
2019;Sudeste;SP;3552502;Suzano;Total;Estadual;2,6;3,3;3;1,5;--;--
2019;Sudeste;SP;3552502;Suzano;Urbana;Estadual;2,6;3,3;2,9;1,5;--;--
2019;Sudeste;SP;3552502;Suzano;Rural;Estadual;0;0;0;0;--;--
2019;Sudeste;SP;3552502;Suzano;Total;Municipal;--;--;--;--;--;--
2019;Sudeste;SP;3552502;Suzano;Urbana;Municipal;--;--;--;--;--;--
2019;Sudeste;SP;3552502;Suzano;Rural;Municipal;--;--;--;--;--;--
2019;Sudeste;SP;3552502;Suzano;Total;Privada;0;0;0;0;--;--
2019;Sudeste;SP;3552502;Suzano;Urbana;Privada;0;0;0;0;--;--
2019;Sudeste;SP;3552502;Suzano;Total;Pública;2,6;3,2;2,9;1,5;--;--
2019;Sudeste;SP;3552502;Suzano;Urbana;Pública;2,6;3,3;2,9;1,5;--;--
2019;Sudeste;SP;3552502;Suzano;Rural;Pública;0;0;0;0;--;--
2019;Sudeste;SP;3552551;Suzanápolis;Total;Total;0,7;2,7;0;0;--;--
2019;Sudeste;SP;3552551;Suzanápolis;Urbana;Total;0,7;2,7;0;0;--;--
2019;Sudeste;SP;3552551;Suzanápolis;Total;Estadual;0,7;2,7;0;0;--;--
2019;Sudeste;SP;3552551;Suzanápolis;Urbana;Estadual;0,7;2,7;0;0;--;--
2019;Sudeste;SP;3552551;Suzanápolis;Total;Municipal;--;--;--;--;--;--
2019;Sudeste;SP;3552551;Suzanápolis;Urbana;Municipal;--;--;--;--;--;--
2019;Sudeste;SP;3552551;Suzanápolis;Total;Pública;0,7;2,7;0;0;--;--
2019;Sudeste;SP;3552551;Suzanápolis;Urbana;Pública;0,7;2,7;0;0;--;--
2019;Sudeste;SP;3552601;Tabapuã;Total;Total;0;0;0;0;--;--
2019;Sudeste;SP;3552601;Tabapuã;Urbana;Total;0;0;0;0;--;--
2019;Sudeste;SP;3552601;Tabapuã;Total;Estadual;0;0;0;0;--;--
2019;Sudeste;SP;3552601;Tabapuã;Urbana;Estadual;0;0;0;0;--;--
2019;Sudeste;SP;3552601;Tabapuã;Total;Municipal;--;--;--;--;--;--
2019;Sudeste;SP;3552601;Tabapuã;Urbana;Municipal;--;--;--;--;--;--
2019;Sudeste;SP;3552601;Tabapuã;Total;Pública;0;0;0;0;--;--
2019;Sudeste;SP;3552601;Tabapuã;Urbana;Pública;0;0;0;0;--;--
2019;Sudeste;SP;3552700;Tabatinga;Total;Total;1,1;1,3;1,7;0;--;--
2019;Sudeste;SP;3552700;Tabatinga;Urbana;Total;1,1;1,3;1,7;0;--;--
2019;Sudeste;SP;3552700;Tabatinga;Total;Estadual;1,2;1,4;1,9;0;--;--
2019;Sudeste;SP;3552700;Tabatinga;Urbana;Estadual;1,2;1,4;1,9;0;--;--
2019;Sudeste;SP;3552700;Tabatinga;Total;Municipal;--;--;--;--;--;--
2019;Sudeste;SP;3552700;Tabatinga;Urbana;Municipal;--;--;--;--;--;--
2019;Sudeste;SP;3552700;Tabatinga;Total;Privada;0;0;0;0;--;--
2019;Sudeste;SP;3552700;Tabatinga;Urbana;Privada;0;0;0;0;--;--
2019;Sudeste;SP;3552700;Tabatinga;Total;Pública;1,2;1,4;1,9;0;--;--
2019;Sudeste;SP;3552700;Tabatinga;Urbana;Pública;1,2;1,4;1,9;0;--;--
2019;Sudeste;SP;3552809;Taboão da Serra;Total;Total;1,5;1,7;1,6;1;--;--
2019;Sudeste;SP;3552809;Taboão da Serra;Urbana;Total;1,5;1,7;1,6;1;--;--
2019;Sudeste;SP;3552809;Taboão da Serra;Total;Estadual;1,7;2;1,9;1,2;--;--
2019;Sudeste;SP;3552809;Taboão da Serra;Urbana;Estadual;1,7;2;1,9;1,2;--;--
2019;Sudeste;SP;3552809;Taboão da Serra;Total;Municipal;--;--;--;--;--;--
2019;Sudeste;SP;3552809;Taboão da Serra;Urbana;Municipal;--;--;--;--;--;--
2019;Sudeste;SP;3552809;Taboão da Serra;Total;Privada;0;0;0;0;--;--
2019;Sudeste;SP;3552809;Taboão da Serra;Urbana;Privada;0;0;0;0;--;--
2019;Sudeste;SP;3552809;Taboão da Serra;Total;Pública;1,7;2;1,9;1,2;--;--
2019;Sudeste;SP;3552809;Taboão da Serra;Urbana;Pública;1,7;2;1,9;1,2;--;--
2019;Sudeste;SP;3552908;Taciba;Total;Total;0,7;1,5;0;0;--;--
2019;Sudeste;SP;3552908;Taciba;Urbana;Total;0,7;1,5;0;0;--;--
2019;Sudeste;SP;3552908;Taciba;Total;Estadual;0,7;1,5;0;0;--;--
2019;Sudeste;SP;3552908;Taciba;Urbana;Estadual;0,7;1,5;0;0;--;--
2019;Sudeste;SP;3552908;Taciba;Total;Municipal;--;--;--;--;--;--
2019;Sudeste;SP;3552908;Taciba;Urbana;Municipal;--;--;--;--;--;--
2019;Sudeste;SP;3552908;Taciba;Total;Pública;0,7;1,5;0;0;--;--
2019;Sudeste;SP;3552908;Taciba;Urbana;Pública;0,7;1,5;0;0;--;--
2019;Sudeste;SP;3553005;Taguaí;Total;Total;0;0;0;0;--;--
2019;Sudeste;SP;3553005;Taguaí;Urbana;Total;0;0;0;0;--;--
2019;Sudeste;SP;3553005;Taguaí;Total;Estadual;0;0;0;0;--;--
2019;Sudeste;SP;3553005;Taguaí;Urbana;Estadual;0;0;0;0;--;--
2019;Sudeste;SP;3553005;Taguaí;Total;Municipal;--;--;--;--;--;--
2019;Sudeste;SP;3553005;Taguaí;Urbana;Municipal;--;--;--;--;--;--
2019;Sudeste;SP;3553005;Taguaí;Total;Privada;--;--;--;--;--;--
2019;Sudeste;SP;3553005;Taguaí;Urbana;Privada;--;--;--;--;--;--
2019;Sudeste;SP;3553005;Taguaí;Total;Pública;0;0;0;0;--;--
2019;Sudeste;SP;3553005;Taguaí;Urbana;Pública;0;0;0;0;--;--
2019;Sudeste;SP;3553104;Taiaçu;Total;Total;0;0;0;0;--;--
2019;Sudeste;SP;3553104;Taiaçu;Urbana;Total;0;0;0;0;--;--
2019;Sudeste;SP;3553104;Taiaçu;Total;Estadual;0;0;0;0;--;--
2019;Sudeste;SP;3553104;Taiaçu;Urbana;Estadual;0;0;0;0;--;--
2019;Sudeste;SP;3553104;Taiaçu;Total;Municipal;--;--;--;--;--;--
2019;Sudeste;SP;3553104;Taiaçu;Urbana;Municipal;--;--;--;--;--;--
2019;Sudeste;SP;3553104;Taiaçu;Total;Pública;0;0;0;0;--;--
2019;Sudeste;SP;3553104;Taiaçu;Urbana;Pública;0;0;0;0;--;--
2019;Sudeste;SP;3553203;Taiúva;Total;Total;1,4;2,4;0;1,7;--;--
2019;Sudeste;SP;3553203;Taiúva;Urbana;Total;1,4;2,4;0;1,7;--;--
2019;Sudeste;SP;3553203;Taiúva;Total;Estadual;1,4;2,4;0;1,7;--;--
2019;Sudeste;SP;3553203;Taiúva;Urbana;Estadual;1,4;2,4;0;1,7;--;--
2019;Sudeste;SP;3553203;Taiúva;Total;Municipal;--;--;--;--;--;--
2019;Sudeste;SP;3553203;Taiúva;Urbana;Municipal;--;--;--;--;--;--
2019;Sudeste;SP;3553203;Taiúva;Total;Pública;1,4;2,4;0;1,7;--;--
2019;Sudeste;SP;3553203;Taiúva;Urbana;Pública;1,4;2,4;0;1,7;--;--
2019;Sudeste;SP;3553302;Tambaú;Total;Total;2;1,6;2,4;2,1;--;--
2019;Sudeste;SP;3553302;Tambaú;Urbana;Total;2;1,6;2,4;2,1;--;--
2019;Sudeste;SP;3553302;Tambaú;Rural;Total;--;--;--;--;--;--
2019;Sudeste;SP;3553302;Tambaú;Total;Estadual;2,5;2;2,8;2,8;--;--
2019;Sudeste;SP;3553302;Tambaú;Urbana;Estadual;2,5;2;2,8;2,8;--;--
2019;Sudeste;SP;3553302;Tambaú;Total;Municipal;--;--;--;--;--;--
2019;Sudeste;SP;3553302;Tambaú;Urbana;Municipal;--;--;--;--;--;--
2019;Sudeste;SP;3553302;Tambaú;Rural;Municipal;--;--;--;--;--;--
2019;Sudeste;SP;3553302;Tambaú;Total;Privada;0;0;0;0;--;--
2019;Sudeste;SP;3553302;Tambaú;Urbana;Privada;0;0;0;0;--;--
2019;Sudeste;SP;3553302;Tambaú;Total;Pública;2,5;2;2,8;2,8;--;--
2019;Sudeste;SP;3553302;Tambaú;Urbana;Pública;2,5;2;2,8;2,8;--;--
2019;Sudeste;SP;3553302;Tambaú;Rural;Pública;--;--;--;--;--;--
2019;Sudeste;SP;3553401;Tanabi;Total;Total;0,1;0;0,4;0;--;0
2019;Sudeste;SP;3553401;Tanabi;Urbana;Total;0,1;0;0,4;0;--;--
2019;Sudeste;SP;3553401;Tanabi;Rural;Total;0;--;--;--;--;0
2019;Sudeste;SP;3553401;Tanabi;Total;Estadual;0,2;0;0,6;0;--;0
2019;Sudeste;SP;3553401;Tanabi;Urbana;Estadual;0,2;0;0,6;0;--;--
2019;Sudeste;SP;3553401;Tanabi;Rural;Estadual;0;--;--;--;--;0
2019;Sudeste;SP;3553401;Tanabi;Total;Municipal;--;--;--;--;--;--
2019;Sudeste;SP;3553401;Tanabi;Urbana;Municipal;--;--;--;--;--;--
2019;Sudeste;SP;3553401;Tanabi;Total;Privada;0;0;0;0;--;--
2019;Sudeste;SP;3553401;Tanabi;Urbana;Privada;0;0;0;0;--;--
2019;Sudeste;SP;3553401;Tanabi;Total;Pública;0,2;0;0,6;0;--;0
2019;Sudeste;SP;3553401;Tanabi;Urbana;Pública;0,2;0;0,6;0;--;--
2019;Sudeste;SP;3553401;Tanabi;Rural;Pública;0;--;--;--;--;0
2019;Sudeste;SP;3553500;Tapiraí;Total;Total;0,6;0;2,1;0;--;--
2019;Sudeste;SP;3553500;Tapiraí;Urbana;Total;0,6;0;2,1;0;--;--
2019;Sudeste;SP;3553500;Tapiraí;Total;Estadual;0,6;0;2,1;0;--;--
2019;Sudeste;SP;3553500;Tapiraí;Urbana;Estadual;0,6;0;2,1;0;--;--
2019;Sudeste;SP;3553500;Tapiraí;Total;Municipal;--;--;--;--;--;--
2019;Sudeste;SP;3553500;Tapiraí;Urbana;Municipal;--;--;--;--;--;--
2019;Sudeste;SP;3553500;Tapiraí;Total;Pública;0,6;0;2,1;0;--;--
2019;Sudeste;SP;3553500;Tapiraí;Urbana;Pública;0,6;0;2,1;0;--;--
2019;Sudeste;SP;3553609;Tapiratiba;Total;Total;2;3,9;1,1;0;--;--
2019;Sudeste;SP;3553609;Tapiratiba;Urbana;Total;2;3,9;1,1;0;--;--
2019;Sudeste;SP;3553609;Tapiratiba;Total;Estadual;2,1;4,2;1,1;0;--;--
2019;Sudeste;SP;3553609;Tapiratiba;Urbana;Estadual;2,1;4,2;1,1;0;--;--
2019;Sudeste;SP;3553609;Tapiratiba;Total;Municipal;--;--;--;--;--;--
2019;Sudeste;SP;3553609;Tapiratiba;Urbana;Municipal;--;--;--;--;--;--
2019;Sudeste;SP;3553609;Tapiratiba;Total;Privada;0;0;0;0;--;--
2019;Sudeste;SP;3553609;Tapiratiba;Urbana;Privada;0;0;0;0;--;--
2019;Sudeste;SP;3553609;Tapiratiba;Total;Pública;2,1;4,2;1,1;0;--;--
2019;Sudeste;SP;3553609;Tapiratiba;Urbana;Pública;2,1;4,2;1,1;0;--;--
2019;Sudeste;SP;3553658;Taquaral;Total;Total;1,2;2,9;0;0;--;--
2019;Sudeste;SP;3553658;Taquaral;Urbana;Total;1,2;2,9;0;0;--;--
2019;Sudeste;SP;3553658;Taquaral;Total;Estadual;1,2;2,9;0;0;--;--
2019;Sudeste;SP;3553658;Taquaral;Urbana;Estadual;1,2;2,9;0;0;--;--
2019;Sudeste;SP;3553658;Taquaral;Total;Municipal;--;--;--;--;--;--
2019;Sudeste;SP;3553658;Taquaral;Urbana;Municipal;--;--;--;--;--;--
2019;Sudeste;SP;3553658;Taquaral;Total;Pública;1,2;2,9;0;0;--;--
2019;Sudeste;SP;3553658;Taquaral;Urbana;Pública;1,2;2,9;0;0;--;--
2019;Sudeste;SP;3553708;Taquaritinga;Total;Total;0,7;0,4;1,2;0,3;--;0
2019;Sudeste;SP;3553708;Taquaritinga;Urbana;Total;0,6;0,4;1,2;0,3;--;--
2019;Sudeste;SP;3553708;Taquaritinga;Rural;Total;0;--;--;--;--;0
2019;Sudeste;SP;3553708;Taquaritinga;Total;Estadual;0,7;0,5;1,3;0,4;--;0
2019;Sudeste;SP;3553708;Taquaritinga;Urbana;Estadual;0,7;0,5;1,3;0,4;--;--
2019;Sudeste;SP;3553708;Taquaritinga;Rural;Estadual;0;--;--;--;--;0
2019;Sudeste;SP;3553708;Taquaritinga;Total;Municipal;--;--;--;--;--;--
2019;Sudeste;SP;3553708;Taquaritinga;Urbana;Municipal;--;--;--;--;--;--
2019;Sudeste;SP;3553708;Taquaritinga;Total;Privada;0;0;0;0;--;--
2019;Sudeste;SP;3553708;Taquaritinga;Urbana;Privada;0;0;0;0;--;--
2019;Sudeste;SP;3553708;Taquaritinga;Total;Pública;0,7;0,5;1,3;0,4;--;0
2019;Sudeste;SP;3553708;Taquaritinga;Urbana;Pública;0,7;0,5;1,3;0,4;--;--
2019;Sudeste;SP;3553708;Taquaritinga;Rural;Pública;0;--;--;--;--;0
2019;Sudeste;SP;3553807;Taquarituba;Total;Total;0,9;1,5;0,7;0,6;--;--
2019;Sudeste;SP;3553807;Taquarituba;Urbana;Total;0,9;1,5;0,7;0,6;--;--
2019;Sudeste;SP;3553807;Taquarituba;Rural;Total;--;--;--;--;--;--
2019;Sudeste;SP;3553807;Taquarituba;Total;Estadual;1;1,6;0,7;0,7;--;--
2019;Sudeste;SP;3553807;Taquarituba;Urbana;Estadual;1;1,6;0,7;0,7;--;--
2019;Sudeste;SP;3553807;Taquarituba;Total;Municipal;--;--;--;--;--;--
2019;Sudeste;SP;3553807;Taquarituba;Urbana;Municipal;--;--;--;--;--;--
2019;Sudeste;SP;3553807;Taquarituba;Rural;Municipal;--;--;--;--;--;--
2019;Sudeste;SP;3553807;Taquarituba;Total;Privada;0;0;0;0;--;--
2019;Sudeste;SP;3553807;Taquarituba;Urbana;Privada;0;0;0;0;--;--
2019;Sudeste;SP;3553807;Taquarituba;Total;Pública;1;1,6;0,7;0,7;--;--
2019;Sudeste;SP;3553807;Taquarituba;Urbana;Pública;1;1,6;0,7;0,7;--;--
2019;Sudeste;SP;3553807;Taquarituba;Rural;Pública;--;--;--;--;--;--
2019;Sudeste;SP;3553856;Taquarivaí;Total;Total;0,5;0;0,7;0,9;--;--
2019;Sudeste;SP;3553856;Taquarivaí;Urbana;Total;0,5;0;0,7;0,9;--;--
2019;Sudeste;SP;3553856;Taquarivaí;Rural;Total;--;--;--;--;--;--
2019;Sudeste;SP;3553856;Taquarivaí;Total;Estadual;0,5;0;0,7;0,9;--;--
2019;Sudeste;SP;3553856;Taquarivaí;Urbana;Estadual;0,5;0;0,7;0,9;--;--
2019;Sudeste;SP;3553856;Taquarivaí;Total;Municipal;--;--;--;--;--;--
2019;Sudeste;SP;3553856;Taquarivaí;Urbana;Municipal;--;--;--;--;--;--
2019;Sudeste;SP;3553856;Taquarivaí;Rural;Municipal;--;--;--;--;--;--
2019;Sudeste;SP;3553856;Taquarivaí;Total;Pública;0,5;0;0,7;0,9;--;--
2019;Sudeste;SP;3553856;Taquarivaí;Urbana;Pública;0,5;0;0,7;0,9;--;--
2019;Sudeste;SP;3553856;Taquarivaí;Rural;Pública;--;--;--;--;--;--
2019;Sudeste;SP;3553906;Tarabai;Total;Total;5,5;8,8;4,7;1,4;--;--
2019;Sudeste;SP;3553906;Tarabai;Urbana;Total;5,5;8,8;4,7;1,4;--;--
2019;Sudeste;SP;3553906;Tarabai;Total;Estadual;5,5;8,8;4,7;1,4;--;--
2019;Sudeste;SP;3553906;Tarabai;Urbana;Estadual;5,5;8,8;4,7;1,4;--;--
2019;Sudeste;SP;3553906;Tarabai;Total;Municipal;--;--;--;--;--;--
2019;Sudeste;SP;3553906;Tarabai;Urbana;Municipal;--;--;--;--;--;--
2019;Sudeste;SP;3553906;Tarabai;Total;Pública;5,5;8,8;4,7;1,4;--;--
2019;Sudeste;SP;3553906;Tarabai;Urbana;Pública;5,5;8,8;4,7;1,4;--;--
2019;Sudeste;SP;3553955;Tarumã;Total;Total;2,2;2,7;1,3;2,5;--;--
2019;Sudeste;SP;3553955;Tarumã;Urbana;Total;2,2;2,7;1,3;2,5;--;--
2019;Sudeste;SP;3553955;Tarumã;Total;Estadual;2,2;2,7;1,3;2,5;--;--
2019;Sudeste;SP;3553955;Tarumã;Urbana;Estadual;2,2;2,7;1,3;2,5;--;--
2019;Sudeste;SP;3553955;Tarumã;Total;Municipal;--;--;--;--;--;--
2019;Sudeste;SP;3553955;Tarumã;Urbana;Municipal;--;--;--;--;--;--
2019;Sudeste;SP;3553955;Tarumã;Total;Pública;2,2;2,7;1,3;2,5;--;--
2019;Sudeste;SP;3553955;Tarumã;Urbana;Pública;2,2;2,7;1,3;2,5;--;--
2019;Sudeste;SP;3554003;Tatuí;Total;Total;3,3;4,6;3,1;2,5;--;--
2019;Sudeste;SP;3554003;Tatuí;Urbana;Total;3,3;4,6;3,1;2,5;--;--
2019;Sudeste;SP;3554003;Tatuí;Rural;Total;--;--;--;--;--;--
2019;Sudeste;SP;3554003;Tatuí;Total;Estadual;3,9;5,5;3,6;2,8;--;--
2019;Sudeste;SP;3554003;Tatuí;Urbana;Estadual;3,9;5,5;3,6;2,8;--;--
2019;Sudeste;SP;3554003;Tatuí;Total;Municipal;--;--;--;--;--;--
2019;Sudeste;SP;3554003;Tatuí;Urbana;Municipal;--;--;--;--;--;--
2019;Sudeste;SP;3554003;Tatuí;Rural;Municipal;--;--;--;--;--;--
2019;Sudeste;SP;3554003;Tatuí;Total;Privada;0,2;0;0;0,5;--;--
2019;Sudeste;SP;3554003;Tatuí;Urbana;Privada;0,2;0;0;0,5;--;--
2019;Sudeste;SP;3554003;Tatuí;Total;Pública;3,9;5,5;3,6;2,8;--;--
2019;Sudeste;SP;3554003;Tatuí;Urbana;Pública;3,9;5,5;3,6;2,8;--;--
2019;Sudeste;SP;3554003;Tatuí;Rural;Pública;--;--;--;--;--;--
2019;Sudeste;SP;3554102;Taubaté;Total;Total;1,2;1,5;1,3;0,5;--;0
2019;Sudeste;SP;3554102;Taubaté;Urbana;Total;1,2;1,6;1,3;0,5;--;--
2019;Sudeste;SP;3554102;Taubaté;Rural;Total;0;0;0;0;--;0
2019;Sudeste;SP;3554102;Taubaté;Total;Estadual;1,6;2,3;1,8;0,8;--;0
2019;Sudeste;SP;3554102;Taubaté;Urbana;Estadual;1,7;2,4;1,9;0,8;--;--
2019;Sudeste;SP;3554102;Taubaté;Rural;Estadual;0;0;0;0;--;0
2019;Sudeste;SP;3554102;Taubaté;Total;Municipal;0;0;0;0;--;--
2019;Sudeste;SP;3554102;Taubaté;Urbana;Municipal;0;0;0;0;--;--
2019;Sudeste;SP;3554102;Taubaté;Rural;Municipal;0;0;0;0;--;--
2019;Sudeste;SP;3554102;Taubaté;Total;Privada;0;0;0;0;--;--
2019;Sudeste;SP;3554102;Taubaté;Urbana;Privada;0;0;0;0;--;--
2019;Sudeste;SP;3554102;Taubaté;Total;Pública;1,5;2;1,7;0,8;--;0
2019;Sudeste;SP;3554102;Taubaté;Urbana;Pública;1,5;2,1;1,7;0,8;--;--
2019;Sudeste;SP;3554102;Taubaté;Rural;Pública;0;0;0;0;--;0
2019;Sudeste;SP;3554201;Tejupá;Total;Total;8;10,8;5,1;7,8;--;--
2019;Sudeste;SP;3554201;Tejupá;Urbana;Total;8;10,8;5,1;7,8;--;--
2019;Sudeste;SP;3554201;Tejupá;Total;Estadual;8;10,8;5,1;7,8;--;--
2019;Sudeste;SP;3554201;Tejupá;Urbana;Estadual;8;10,8;5,1;7,8;--;--
2019;Sudeste;SP;3554201;Tejupá;Total;Municipal;--;--;--;--;--;--
2019;Sudeste;SP;3554201;Tejupá;Urbana;Municipal;--;--;--;--;--;--
2019;Sudeste;SP;3554201;Tejupá;Total;Pública;8;10,8;5,1;7,8;--;--
2019;Sudeste;SP;3554201;Tejupá;Urbana;Pública;8;10,8;5,1;7,8;--;--
2019;Sudeste;SP;3554300;Teodoro Sampaio;Total;Total;0,4;0,3;0;0,7;--;--
2019;Sudeste;SP;3554300;Teodoro Sampaio;Urbana;Total;0,1;0;0;0,4;--;--
2019;Sudeste;SP;3554300;Teodoro Sampaio;Rural;Total;2;3,3;0;2,5;--;--
2019;Sudeste;SP;3554300;Teodoro Sampaio;Total;Estadual;0,4;0,4;0;0,8;--;--
2019;Sudeste;SP;3554300;Teodoro Sampaio;Urbana;Estadual;0,1;0;0;0,4;--;--
2019;Sudeste;SP;3554300;Teodoro Sampaio;Rural;Estadual;2;3,3;0;2,5;--;--
2019;Sudeste;SP;3554300;Teodoro Sampaio;Total;Municipal;--;--;--;--;--;--
2019;Sudeste;SP;3554300;Teodoro Sampaio;Urbana;Municipal;--;--;--;--;--;--
2019;Sudeste;SP;3554300;Teodoro Sampaio;Total;Privada;0;0;0;0;--;--
2019;Sudeste;SP;3554300;Teodoro Sampaio;Urbana;Privada;0;0;0;0;--;--
2019;Sudeste;SP;3554300;Teodoro Sampaio;Total;Pública;0,4;0,4;0;0,8;--;--
2019;Sudeste;SP;3554300;Teodoro Sampaio;Urbana;Pública;0,1;0;0;0,4;--;--
2019;Sudeste;SP;3554300;Teodoro Sampaio;Rural;Pública;2;3,3;0;2,5;--;--
2019;Sudeste;SP;3554409;Terra Roxa;Total;Total;4,3;5,4;6,1;0;--;--
2019;Sudeste;SP;3554409;Terra Roxa;Urbana;Total;4,3;5,4;6,1;0;--;--
2019;Sudeste;SP;3554409;Terra Roxa;Total;Estadual;4,3;5,4;6,1;0;--;--
2019;Sudeste;SP;3554409;Terra Roxa;Urbana;Estadual;4,3;5,4;6,1;0;--;--
2019;Sudeste;SP;3554409;Terra Roxa;Total;Municipal;--;--;--;--;--;--
2019;Sudeste;SP;3554409;Terra Roxa;Urbana;Municipal;--;--;--;--;--;--
2019;Sudeste;SP;3554409;Terra Roxa;Total;Pública;4,3;5,4;6,1;0;--;--
2019;Sudeste;SP;3554409;Terra Roxa;Urbana;Pública;4,3;5,4;6,1;0;--;--
2019;Sudeste;SP;3554508;Tietê;Total;Total;1,6;2;1,2;1,4;--;--
2019;Sudeste;SP;3554508;Tietê;Urbana;Total;1,6;2;1,2;1,4;--;--
2019;Sudeste;SP;3554508;Tietê;Rural;Total;--;--;--;--;--;--
2019;Sudeste;SP;3554508;Tietê;Total;Estadual;1,9;2,5;1,5;1,7;--;--
2019;Sudeste;SP;3554508;Tietê;Urbana;Estadual;1,9;2,5;1,5;1,7;--;--
2019;Sudeste;SP;3554508;Tietê;Total;Municipal;--;--;--;--;--;--
2019;Sudeste;SP;3554508;Tietê;Urbana;Municipal;--;--;--;--;--;--
2019;Sudeste;SP;3554508;Tietê;Rural;Municipal;--;--;--;--;--;--
2019;Sudeste;SP;3554508;Tietê;Total;Privada;0;0;0;0;--;--
2019;Sudeste;SP;3554508;Tietê;Urbana;Privada;0;0;0;0;--;--
2019;Sudeste;SP;3554508;Tietê;Total;Pública;1,9;2,5;1,5;1,7;--;--
2019;Sudeste;SP;3554508;Tietê;Urbana;Pública;1,9;2,5;1,5;1,7;--;--
2019;Sudeste;SP;3554508;Tietê;Rural;Pública;--;--;--;--;--;--
2019;Sudeste;SP;3554607;Timburi;Total;Total;3,5;6,4;0;3,8;--;--
2019;Sudeste;SP;3554607;Timburi;Urbana;Total;3,5;6,4;0;3,8;--;--
2019;Sudeste;SP;3554607;Timburi;Total;Estadual;3,5;6,4;0;3,8;--;--
2019;Sudeste;SP;3554607;Timburi;Urbana;Estadual;3,5;6,4;0;3,8;--;--
2019;Sudeste;SP;3554607;Timburi;Total;Municipal;--;--;--;--;--;--
2019;Sudeste;SP;3554607;Timburi;Urbana;Municipal;--;--;--;--;--;--
2019;Sudeste;SP;3554607;Timburi;Total;Pública;3,5;6,4;0;3,8;--;--
2019;Sudeste;SP;3554607;Timburi;Urbana;Pública;3,5;6,4;0;3,8;--;--
2019;Sudeste;SP;3554656;Torre de Pedra;Total;Total;0;0;0;0;--;--
2019;Sudeste;SP;3554656;Torre de Pedra;Urbana;Total;0;0;0;0;--;--
2019;Sudeste;SP;3554656;Torre de Pedra;Total;Estadual;0;0;0;0;--;--
2019;Sudeste;SP;3554656;Torre de Pedra;Urbana;Estadual;0;0;0;0;--;--
2019;Sudeste;SP;3554656;Torre de Pedra;Total;Municipal;--;--;--;--;--;--
2019;Sudeste;SP;3554656;Torre de Pedra;Urbana;Municipal;--;--;--;--;--;--
2019;Sudeste;SP;3554656;Torre de Pedra;Total;Pública;0;0;0;0;--;--
2019;Sudeste;SP;3554656;Torre de Pedra;Urbana;Pública;0;0;0;0;--;--
2019;Sudeste;SP;3554706;Torrinha;Total;Total;3,8;4,8;1,6;4,5;--;--
2019;Sudeste;SP;3554706;Torrinha;Urbana;Total;3,8;4,8;1,6;4,5;--;--
2019;Sudeste;SP;3554706;Torrinha;Rural;Total;--;--;--;--;--;--
2019;Sudeste;SP;3554706;Torrinha;Total;Estadual;3,8;4,8;1,6;4,5;--;--
2019;Sudeste;SP;3554706;Torrinha;Urbana;Estadual;3,8;4,8;1,6;4,5;--;--
2019;Sudeste;SP;3554706;Torrinha;Total;Municipal;--;--;--;--;--;--
2019;Sudeste;SP;3554706;Torrinha;Urbana;Municipal;--;--;--;--;--;--
2019;Sudeste;SP;3554706;Torrinha;Rural;Municipal;--;--;--;--;--;--
2019;Sudeste;SP;3554706;Torrinha;Total;Pública;3,8;4,8;1,6;4,5;--;--
2019;Sudeste;SP;3554706;Torrinha;Urbana;Pública;3,8;4,8;1,6;4,5;--;--
2019;Sudeste;SP;3554706;Torrinha;Rural;Pública;--;--;--;--;--;--
2019;Sudeste;SP;3554755;Trabiju;Total;Total;0;0;0;0;--;--
2019;Sudeste;SP;3554755;Trabiju;Urbana;Total;0;0;0;0;--;--
2019;Sudeste;SP;3554755;Trabiju;Total;Estadual;0;0;0;0;--;--
2019;Sudeste;SP;3554755;Trabiju;Urbana;Estadual;0;0;0;0;--;--
2019;Sudeste;SP;3554755;Trabiju;Total;Municipal;--;--;--;--;--;--
2019;Sudeste;SP;3554755;Trabiju;Urbana;Municipal;--;--;--;--;--;--
2019;Sudeste;SP;3554755;Trabiju;Total;Pública;0;0;0;0;--;--
2019;Sudeste;SP;3554755;Trabiju;Urbana;Pública;0;0;0;0;--;--
2019;Sudeste;SP;3554805;Tremembé;Total;Total;3,5;4;4,5;1,9;--;--
2019;Sudeste;SP;3554805;Tremembé;Urbana;Total;3,5;4;4,5;1,9;--;--
2019;Sudeste;SP;3554805;Tremembé;Rural;Total;--;--;--;--;--;--
2019;Sudeste;SP;3554805;Tremembé;Total;Estadual;4,1;4,6;5,3;2,3;--;--
2019;Sudeste;SP;3554805;Tremembé;Urbana;Estadual;4,1;4,6;5,3;2,3;--;--
2019;Sudeste;SP;3554805;Tremembé;Total;Municipal;--;--;--;--;--;--
2019;Sudeste;SP;3554805;Tremembé;Urbana;Municipal;--;--;--;--;--;--
2019;Sudeste;SP;3554805;Tremembé;Rural;Municipal;--;--;--;--;--;--
2019;Sudeste;SP;3554805;Tremembé;Total;Privada;0;0;0;0;--;--
2019;Sudeste;SP;3554805;Tremembé;Urbana;Privada;0;0;0;0;--;--
2019;Sudeste;SP;3554805;Tremembé;Rural;Privada;--;--;--;--;--;--
2019;Sudeste;SP;3554805;Tremembé;Total;Pública;4,1;4,6;5,3;2,3;--;--
2019;Sudeste;SP;3554805;Tremembé;Urbana;Pública;4,1;4,6;5,3;2,3;--;--
2019;Sudeste;SP;3554805;Tremembé;Rural;Pública;--;--;--;--;--;--
2019;Sudeste;SP;3554904;Três Fronteiras;Total;Total;0;0;0;0;--;--
2019;Sudeste;SP;3554904;Três Fronteiras;Urbana;Total;0;0;0;0;--;--
2019;Sudeste;SP;3554904;Três Fronteiras;Total;Estadual;0;0;0;0;--;--
2019;Sudeste;SP;3554904;Três Fronteiras;Urbana;Estadual;0;0;0;0;--;--
2019;Sudeste;SP;3554904;Três Fronteiras;Total;Municipal;--;--;--;--;--;--
2019;Sudeste;SP;3554904;Três Fronteiras;Urbana;Municipal;--;--;--;--;--;--
2019;Sudeste;SP;3554904;Três Fronteiras;Total;Pública;0;0;0;0;--;--
2019;Sudeste;SP;3554904;Três Fronteiras;Urbana;Pública;0;0;0;0;--;--
2019;Sudeste;SP;3554953;Tuiuti;Total;Total;4,3;7,5;4,3;0;--;--
2019;Sudeste;SP;3554953;Tuiuti;Urbana;Total;4,3;7,5;4,3;0;--;--
2019;Sudeste;SP;3554953;Tuiuti;Rural;Total;--;--;--;--;--;--
2019;Sudeste;SP;3554953;Tuiuti;Total;Estadual;4,3;7,5;4,3;0;--;--
2019;Sudeste;SP;3554953;Tuiuti;Urbana;Estadual;4,3;7,5;4,3;0;--;--
2019;Sudeste;SP;3554953;Tuiuti;Total;Municipal;--;--;--;--;--;--
2019;Sudeste;SP;3554953;Tuiuti;Urbana;Municipal;--;--;--;--;--;--
2019;Sudeste;SP;3554953;Tuiuti;Rural;Municipal;--;--;--;--;--;--
2019;Sudeste;SP;3554953;Tuiuti;Total;Pública;4,3;7,5;4,3;0;--;--
2019;Sudeste;SP;3554953;Tuiuti;Urbana;Pública;4,3;7,5;4,3;0;--;--
2019;Sudeste;SP;3554953;Tuiuti;Rural;Pública;--;--;--;--;--;--
2019;Sudeste;SP;3555000;Tupã;Total;Total;1,7;2,5;1,4;1,3;--;--
2019;Sudeste;SP;3555000;Tupã;Urbana;Total;1,7;2,5;1,4;1,3;--;--
2019;Sudeste;SP;3555000;Tupã;Total;Federal;0;0;0;0;--;--
2019;Sudeste;SP;3555000;Tupã;Urbana;Federal;0;0;0;0;--;--
2019;Sudeste;SP;3555000;Tupã;Total;Estadual;2,1;3;1,7;1,5;--;--
2019;Sudeste;SP;3555000;Tupã;Urbana;Estadual;2,1;3;1,7;1,5;--;--
2019;Sudeste;SP;3555000;Tupã;Total;Municipal;--;--;--;--;--;--
2019;Sudeste;SP;3555000;Tupã;Urbana;Municipal;--;--;--;--;--;--
2019;Sudeste;SP;3555000;Tupã;Total;Privada;0;0;0;0;--;--
2019;Sudeste;SP;3555000;Tupã;Urbana;Privada;0;0;0;0;--;--
2019;Sudeste;SP;3555000;Tupã;Total;Pública;1,9;2,8;1,6;1,4;--;--
2019;Sudeste;SP;3555000;Tupã;Urbana;Pública;1,9;2,8;1,6;1,4;--;--
2019;Sudeste;SP;3555109;Tupi Paulista;Total;Total;1;0;2,6;0,7;--;--
2019;Sudeste;SP;3555109;Tupi Paulista;Urbana;Total;1;0;2,6;0,7;--;--
2019;Sudeste;SP;3555109;Tupi Paulista;Total;Estadual;1,3;0;3,1;0,9;--;--
2019;Sudeste;SP;3555109;Tupi Paulista;Urbana;Estadual;1,3;0;3,1;0,9;--;--
2019;Sudeste;SP;3555109;Tupi Paulista;Total;Municipal;--;--;--;--;--;--
2019;Sudeste;SP;3555109;Tupi Paulista;Urbana;Municipal;--;--;--;--;--;--
2019;Sudeste;SP;3555109;Tupi Paulista;Total;Privada;0;0;0;0;--;--
2019;Sudeste;SP;3555109;Tupi Paulista;Urbana;Privada;0;0;0;0;--;--
2019;Sudeste;SP;3555109;Tupi Paulista;Total;Pública;1,3;0;3,1;0,9;--;--
2019;Sudeste;SP;3555109;Tupi Paulista;Urbana;Pública;1,3;0;3,1;0,9;--;--
2019;Sudeste;SP;3555208;Turiúba;Total;Total;0;0;0;0;--;--
2019;Sudeste;SP;3555208;Turiúba;Urbana;Total;0;0;0;0;--;--
2019;Sudeste;SP;3555208;Turiúba;Total;Estadual;0;0;0;0;--;--
2019;Sudeste;SP;3555208;Turiúba;Urbana;Estadual;0;0;0;0;--;--
2019;Sudeste;SP;3555208;Turiúba;Total;Municipal;--;--;--;--;--;--
2019;Sudeste;SP;3555208;Turiúba;Urbana;Municipal;--;--;--;--;--;--
2019;Sudeste;SP;3555208;Turiúba;Total;Pública;0;0;0;0;--;--
2019;Sudeste;SP;3555208;Turiúba;Urbana;Pública;0;0;0;0;--;--
2019;Sudeste;SP;3555307;Turmalina;Total;Total;0;0;0;0;--;--
2019;Sudeste;SP;3555307;Turmalina;Urbana;Total;0;0;0;0;--;--
2019;Sudeste;SP;3555307;Turmalina;Total;Estadual;0;0;0;0;--;--
2019;Sudeste;SP;3555307;Turmalina;Urbana;Estadual;0;0;0;0;--;--
2019;Sudeste;SP;3555307;Turmalina;Total;Municipal;--;--;--;--;--;--
2019;Sudeste;SP;3555307;Turmalina;Urbana;Municipal;--;--;--;--;--;--
2019;Sudeste;SP;3555307;Turmalina;Total;Pública;0;0;0;0;--;--
2019;Sudeste;SP;3555307;Turmalina;Urbana;Pública;0;0;0;0;--;--
2019;Sudeste;SP;3555356;Ubarana;Total;Total;0;0;0;0;--;--
2019;Sudeste;SP;3555356;Ubarana;Urbana;Total;0;0;0;0;--;--
2019;Sudeste;SP;3555356;Ubarana;Total;Estadual;0;0;0;0;--;--
2019;Sudeste;SP;3555356;Ubarana;Urbana;Estadual;0;0;0;0;--;--
2019;Sudeste;SP;3555356;Ubarana;Total;Municipal;--;--;--;--;--;--
2019;Sudeste;SP;3555356;Ubarana;Urbana;Municipal;--;--;--;--;--;--
2019;Sudeste;SP;3555356;Ubarana;Total;Pública;0;0;0;0;--;--
2019;Sudeste;SP;3555356;Ubarana;Urbana;Pública;0;0;0;0;--;--
2019;Sudeste;SP;3555406;Ubatuba;Total;Total;1,1;0,9;1,5;0,4;--;31,6
2019;Sudeste;SP;3555406;Ubatuba;Urbana;Total;1,1;0,9;1,5;0,4;--;31,6
2019;Sudeste;SP;3555406;Ubatuba;Total;Estadual;1,4;1,2;1,9;0,5;--;31,6
2019;Sudeste;SP;3555406;Ubatuba;Urbana;Estadual;1,4;1,2;1,9;0,5;--;31,6
2019;Sudeste;SP;3555406;Ubatuba;Total;Municipal;0,3;0;0,8;0;--;--
2019;Sudeste;SP;3555406;Ubatuba;Urbana;Municipal;0,3;0;0,8;0;--;--
2019;Sudeste;SP;3555406;Ubatuba;Total;Privada;0;0;0;0;--;--
2019;Sudeste;SP;3555406;Ubatuba;Urbana;Privada;0;0;0;0;--;--
2019;Sudeste;SP;3555406;Ubatuba;Total;Pública;1,2;1;1,7;0,5;--;31,6
2019;Sudeste;SP;3555406;Ubatuba;Urbana;Pública;1,2;1;1,7;0,5;--;31,6
2019;Sudeste;SP;3555505;Ubirajara;Total;Total;15,6;16,6;20;10,4;--;--
2019;Sudeste;SP;3555505;Ubirajara;Urbana;Total;15,6;16,6;20;10,4;--;--
2019;Sudeste;SP;3555505;Ubirajara;Total;Estadual;15,6;16,6;20;10,4;--;--
2019;Sudeste;SP;3555505;Ubirajara;Urbana;Estadual;15,6;16,6;20;10,4;--;--
2019;Sudeste;SP;3555505;Ubirajara;Total;Municipal;--;--;--;--;--;--
2019;Sudeste;SP;3555505;Ubirajara;Urbana;Municipal;--;--;--;--;--;--
2019;Sudeste;SP;3555505;Ubirajara;Total;Pública;15,6;16,6;20;10,4;--;--
2019;Sudeste;SP;3555505;Ubirajara;Urbana;Pública;15,6;16,6;20;10,4;--;--
2019;Sudeste;SP;3555604;Uchoa;Total;Total;1,9;1;4,5;0;--;--
2019;Sudeste;SP;3555604;Uchoa;Urbana;Total;1,9;1;4,5;0;--;--
2019;Sudeste;SP;3555604;Uchoa;Total;Estadual;1,9;1;4,5;0;--;--
2019;Sudeste;SP;3555604;Uchoa;Urbana;Estadual;1,9;1;4,5;0;--;--
2019;Sudeste;SP;3555604;Uchoa;Total;Municipal;--;--;--;--;--;--
2019;Sudeste;SP;3555604;Uchoa;Urbana;Municipal;--;--;--;--;--;--
2019;Sudeste;SP;3555604;Uchoa;Total;Pública;1,9;1;4,5;0;--;--
2019;Sudeste;SP;3555604;Uchoa;Urbana;Pública;1,9;1;4,5;0;--;--
2019;Sudeste;SP;3555703;União Paulista;Total;Total;0;0;0;0;--;--
2019;Sudeste;SP;3555703;União Paulista;Urbana;Total;0;0;0;0;--;--
2019;Sudeste;SP;3555703;União Paulista;Total;Estadual;0;0;0;0;--;--
2019;Sudeste;SP;3555703;União Paulista;Urbana;Estadual;0;0;0;0;--;--
2019;Sudeste;SP;3555703;União Paulista;Total;Municipal;--;--;--;--;--;--
2019;Sudeste;SP;3555703;União Paulista;Urbana;Municipal;--;--;--;--;--;--
2019;Sudeste;SP;3555703;União Paulista;Total;Pública;0;0;0;0;--;--
2019;Sudeste;SP;3555703;União Paulista;Urbana;Pública;0;0;0;0;--;--
2019;Sudeste;SP;3555802;Urânia;Total;Total;0;0;0;0;--;--
2019;Sudeste;SP;3555802;Urânia;Urbana;Total;0;0;0;0;--;--
2019;Sudeste;SP;3555802;Urânia;Total;Estadual;0;0;0;0;--;--
2019;Sudeste;SP;3555802;Urânia;Urbana;Estadual;0;0;0;0;--;--
2019;Sudeste;SP;3555802;Urânia;Total;Municipal;--;--;--;--;--;--
2019;Sudeste;SP;3555802;Urânia;Urbana;Municipal;--;--;--;--;--;--
2019;Sudeste;SP;3555802;Urânia;Total;Privada;--;--;--;--;--;--
2019;Sudeste;SP;3555802;Urânia;Urbana;Privada;--;--;--;--;--;--
2019;Sudeste;SP;3555802;Urânia;Total;Pública;0;0;0;0;--;--
2019;Sudeste;SP;3555802;Urânia;Urbana;Pública;0;0;0;0;--;--
2019;Sudeste;SP;3555901;Uru;Total;Total;2,1;3,5;0;0;--;--
2019;Sudeste;SP;3555901;Uru;Urbana;Total;2,1;3,5;0;0;--;--
2019;Sudeste;SP;3555901;Uru;Total;Estadual;2,1;3,5;0;0;--;--
2019;Sudeste;SP;3555901;Uru;Urbana;Estadual;2,1;3,5;0;0;--;--
2019;Sudeste;SP;3555901;Uru;Total;Municipal;--;--;--;--;--;--
2019;Sudeste;SP;3555901;Uru;Urbana;Municipal;--;--;--;--;--;--
2019;Sudeste;SP;3555901;Uru;Total;Pública;2,1;3,5;0;0;--;--
2019;Sudeste;SP;3555901;Uru;Urbana;Pública;2,1;3,5;0;0;--;--
2019;Sudeste;SP;3556008;Urupês;Total;Total;1,3;1,6;2,2;0;--;--
2019;Sudeste;SP;3556008;Urupês;Urbana;Total;1,3;1,6;2,2;0;--;--
2019;Sudeste;SP;3556008;Urupês;Total;Estadual;1,9;2,3;3,2;0;--;--
2019;Sudeste;SP;3556008;Urupês;Urbana;Estadual;1,9;2,3;3,2;0;--;--
2019;Sudeste;SP;3556008;Urupês;Total;Municipal;--;--;--;--;--;--
2019;Sudeste;SP;3556008;Urupês;Urbana;Municipal;--;--;--;--;--;--
2019;Sudeste;SP;3556008;Urupês;Total;Privada;0;0;0;0;--;--
2019;Sudeste;SP;3556008;Urupês;Urbana;Privada;0;0;0;0;--;--
2019;Sudeste;SP;3556008;Urupês;Total;Pública;1,9;2,3;3,2;0;--;--
2019;Sudeste;SP;3556008;Urupês;Urbana;Pública;1,9;2,3;3,2;0;--;--
2019;Sudeste;SP;3556107;Valentim Gentil;Total;Total;0;0;0;0;--;--
2019;Sudeste;SP;3556107;Valentim Gentil;Urbana;Total;0;0;0;0;--;--
2019;Sudeste;SP;3556107;Valentim Gentil;Total;Estadual;0;0;0;0;--;--
2019;Sudeste;SP;3556107;Valentim Gentil;Urbana;Estadual;0;0;0;0;--;--
2019;Sudeste;SP;3556107;Valentim Gentil;Total;Municipal;--;--;--;--;--;--
2019;Sudeste;SP;3556107;Valentim Gentil;Urbana;Municipal;--;--;--;--;--;--
2019;Sudeste;SP;3556107;Valentim Gentil;Total;Pública;0;0;0;0;--;--
2019;Sudeste;SP;3556107;Valentim Gentil;Urbana;Pública;0;0;0;0;--;--
2019;Sudeste;SP;3556206;Valinhos;Total;Total;2,2;3,8;1,7;0,8;--;--
2019;Sudeste;SP;3556206;Valinhos;Urbana;Total;2,2;3,8;1,7;0,8;--;--
2019;Sudeste;SP;3556206;Valinhos;Rural;Total;--;--;--;--;--;--
2019;Sudeste;SP;3556206;Valinhos;Total;Estadual;3,4;5,5;2,8;1,1;--;--
2019;Sudeste;SP;3556206;Valinhos;Urbana;Estadual;3,4;5,5;2,8;1,1;--;--
2019;Sudeste;SP;3556206;Valinhos;Total;Municipal;--;--;--;--;--;--
2019;Sudeste;SP;3556206;Valinhos;Urbana;Municipal;--;--;--;--;--;--
2019;Sudeste;SP;3556206;Valinhos;Rural;Municipal;--;--;--;--;--;--
2019;Sudeste;SP;3556206;Valinhos;Total;Privada;0;0;0;0;--;--
2019;Sudeste;SP;3556206;Valinhos;Urbana;Privada;0;0;0;0;--;--
2019;Sudeste;SP;3556206;Valinhos;Total;Pública;3,4;5,5;2,8;1,1;--;--
2019;Sudeste;SP;3556206;Valinhos;Urbana;Pública;3,4;5,5;2,8;1,1;--;--
2019;Sudeste;SP;3556206;Valinhos;Rural;Pública;--;--;--;--;--;--
2019;Sudeste;SP;3556305;Valparaíso;Total;Total;1;0,4;2;0,7;--;--
2019;Sudeste;SP;3556305;Valparaíso;Urbana;Total;1;0,4;2;0,7;--;--
2019;Sudeste;SP;3556305;Valparaíso;Total;Estadual;1,1;0,5;2,2;0,8;--;--
2019;Sudeste;SP;3556305;Valparaíso;Urbana;Estadual;1,1;0,5;2,2;0,8;--;--
2019;Sudeste;SP;3556305;Valparaíso;Total;Municipal;--;--;--;--;--;--
2019;Sudeste;SP;3556305;Valparaíso;Urbana;Municipal;--;--;--;--;--;--
2019;Sudeste;SP;3556305;Valparaíso;Total;Privada;0;0;0;0;--;--
2019;Sudeste;SP;3556305;Valparaíso;Urbana;Privada;0;0;0;0;--;--
2019;Sudeste;SP;3556305;Valparaíso;Total;Pública;1,1;0,5;2,2;0,8;--;--
2019;Sudeste;SP;3556305;Valparaíso;Urbana;Pública;1,1;0,5;2,2;0,8;--;--
2019;Sudeste;SP;3556354;Vargem;Total;Total;6,2;6,1;10,5;2,7;--;--
2019;Sudeste;SP;3556354;Vargem;Urbana;Total;6,2;6,1;10,5;2,7;--;--
2019;Sudeste;SP;3556354;Vargem;Rural;Total;--;--;--;--;--;--
2019;Sudeste;SP;3556354;Vargem;Total;Estadual;6,2;6,1;10,5;2,7;--;--
2019;Sudeste;SP;3556354;Vargem;Urbana;Estadual;6,2;6,1;10,5;2,7;--;--
2019;Sudeste;SP;3556354;Vargem;Total;Municipal;--;--;--;--;--;--
2019;Sudeste;SP;3556354;Vargem;Urbana;Municipal;--;--;--;--;--;--
2019;Sudeste;SP;3556354;Vargem;Rural;Municipal;--;--;--;--;--;--
2019;Sudeste;SP;3556354;Vargem;Total;Pública;6,2;6,1;10,5;2,7;--;--
2019;Sudeste;SP;3556354;Vargem;Urbana;Pública;6,2;6,1;10,5;2,7;--;--
2019;Sudeste;SP;3556354;Vargem;Rural;Pública;--;--;--;--;--;--
2019;Sudeste;SP;3556404;Vargem Grande do Sul;Total;Total;4,5;3,4;6,2;3,7;--;--
2019;Sudeste;SP;3556404;Vargem Grande do Sul;Urbana;Total;4,5;3,4;6,2;3,7;--;--
2019;Sudeste;SP;3556404;Vargem Grande do Sul;Total;Estadual;4,4;3,4;6;4;--;--
2019;Sudeste;SP;3556404;Vargem Grande do Sul;Urbana;Estadual;4,4;3,4;6;4;--;--
2019;Sudeste;SP;3556404;Vargem Grande do Sul;Total;Municipal;--;--;--;--;--;--
2019;Sudeste;SP;3556404;Vargem Grande do Sul;Urbana;Municipal;--;--;--;--;--;--
2019;Sudeste;SP;3556404;Vargem Grande do Sul;Total;Privada;4,6;4,2;8,3;0;--;--
2019;Sudeste;SP;3556404;Vargem Grande do Sul;Urbana;Privada;4,6;4,2;8,3;0;--;--
2019;Sudeste;SP;3556404;Vargem Grande do Sul;Total;Pública;4,4;3,4;6;4;--;--
2019;Sudeste;SP;3556404;Vargem Grande do Sul;Urbana;Pública;4,4;3,4;6;4;--;--
2019;Sudeste;SP;3556453;Vargem Grande Paulista;Total;Total;1,6;2,1;2;0,6;--;--
2019;Sudeste;SP;3556453;Vargem Grande Paulista;Urbana;Total;1,6;2,1;2;0,6;--;--
2019;Sudeste;SP;3556453;Vargem Grande Paulista;Total;Estadual;1,9;2,4;2,4;0,8;--;--
2019;Sudeste;SP;3556453;Vargem Grande Paulista;Urbana;Estadual;1,9;2,4;2,4;0,8;--;--
2019;Sudeste;SP;3556453;Vargem Grande Paulista;Total;Municipal;--;--;--;--;--;--
2019;Sudeste;SP;3556453;Vargem Grande Paulista;Urbana;Municipal;--;--;--;--;--;--
2019;Sudeste;SP;3556453;Vargem Grande Paulista;Total;Privada;0;0;0;0;--;--
2019;Sudeste;SP;3556453;Vargem Grande Paulista;Urbana;Privada;0;0;0;0;--;--
2019;Sudeste;SP;3556453;Vargem Grande Paulista;Total;Pública;1,9;2,4;2,4;0,8;--;--
2019;Sudeste;SP;3556453;Vargem Grande Paulista;Urbana;Pública;1,9;2,4;2,4;0,8;--;--
2019;Sudeste;SP;3556503;Várzea Paulista;Total;Total;1,8;2,9;1;1,3;--;--
2019;Sudeste;SP;3556503;Várzea Paulista;Urbana;Total;1,8;2,9;1;1,3;--;--
2019;Sudeste;SP;3556503;Várzea Paulista;Rural;Total;--;--;--;--;--;--
2019;Sudeste;SP;3556503;Várzea Paulista;Total;Estadual;1,9;3;1;1,4;--;--
2019;Sudeste;SP;3556503;Várzea Paulista;Urbana;Estadual;1,9;3;1;1,4;--;--
2019;Sudeste;SP;3556503;Várzea Paulista;Total;Municipal;--;--;--;--;--;--
2019;Sudeste;SP;3556503;Várzea Paulista;Urbana;Municipal;--;--;--;--;--;--
2019;Sudeste;SP;3556503;Várzea Paulista;Rural;Municipal;--;--;--;--;--;--
2019;Sudeste;SP;3556503;Várzea Paulista;Total;Privada;0;0;0;0;--;--
2019;Sudeste;SP;3556503;Várzea Paulista;Urbana;Privada;0;0;0;0;--;--
2019;Sudeste;SP;3556503;Várzea Paulista;Total;Pública;1,9;3;1;1,4;--;--
2019;Sudeste;SP;3556503;Várzea Paulista;Urbana;Pública;1,9;3;1;1,4;--;--
2019;Sudeste;SP;3556503;Várzea Paulista;Rural;Pública;--;--;--;--;--;--
2019;Sudeste;SP;3556602;Vera Cruz;Total;Total;0;0;0;0;--;--
2019;Sudeste;SP;3556602;Vera Cruz;Urbana;Total;0;0;0;0;--;--
2019;Sudeste;SP;3556602;Vera Cruz;Rural;Total;0;0;0;0;--;--
2019;Sudeste;SP;3556602;Vera Cruz;Total;Estadual;0;0;0;0;--;--
2019;Sudeste;SP;3556602;Vera Cruz;Urbana;Estadual;0;0;0;0;--;--
2019;Sudeste;SP;3556602;Vera Cruz;Rural;Estadual;0;0;0;0;--;--
2019;Sudeste;SP;3556602;Vera Cruz;Total;Municipal;--;--;--;--;--;--
2019;Sudeste;SP;3556602;Vera Cruz;Urbana;Municipal;--;--;--;--;--;--
2019;Sudeste;SP;3556602;Vera Cruz;Total;Pública;0;0;0;0;--;--
2019;Sudeste;SP;3556602;Vera Cruz;Urbana;Pública;0;0;0;0;--;--
2019;Sudeste;SP;3556602;Vera Cruz;Rural;Pública;0;0;0;0;--;--
2019;Sudeste;SP;3556701;Vinhedo;Total;Total;2,8;4,4;2,2;1,1;--;--
2019;Sudeste;SP;3556701;Vinhedo;Urbana;Total;2,8;4,4;2,2;1,1;--;--
2019;Sudeste;SP;3556701;Vinhedo;Total;Estadual;4;6,2;3,5;1,6;--;--
2019;Sudeste;SP;3556701;Vinhedo;Urbana;Estadual;4;6,2;3,5;1,6;--;--
2019;Sudeste;SP;3556701;Vinhedo;Total;Municipal;--;--;--;--;--;--
2019;Sudeste;SP;3556701;Vinhedo;Urbana;Municipal;--;--;--;--;--;--
2019;Sudeste;SP;3556701;Vinhedo;Total;Privada;0,2;0,3;0;0,4;--;--
2019;Sudeste;SP;3556701;Vinhedo;Urbana;Privada;0,2;0,3;0;0,4;--;--
2019;Sudeste;SP;3556701;Vinhedo;Total;Pública;4;6,2;3,5;1,6;--;--
2019;Sudeste;SP;3556701;Vinhedo;Urbana;Pública;4;6,2;3,5;1,6;--;--
2019;Sudeste;SP;3556800;Viradouro;Total;Total;0,6;0,5;1,1;0;--;--
2019;Sudeste;SP;3556800;Viradouro;Urbana;Total;0,6;0,5;1,1;0;--;--
2019;Sudeste;SP;3556800;Viradouro;Total;Estadual;0,7;0,7;1,4;0;--;--
2019;Sudeste;SP;3556800;Viradouro;Urbana;Estadual;0,7;0,7;1,4;0;--;--
2019;Sudeste;SP;3556800;Viradouro;Total;Municipal;--;--;--;--;--;--
2019;Sudeste;SP;3556800;Viradouro;Urbana;Municipal;--;--;--;--;--;--
2019;Sudeste;SP;3556800;Viradouro;Total;Privada;0;0;0;0;--;--
2019;Sudeste;SP;3556800;Viradouro;Urbana;Privada;0;0;0;0;--;--
2019;Sudeste;SP;3556800;Viradouro;Total;Pública;0,7;0,7;1,4;0;--;--
2019;Sudeste;SP;3556800;Viradouro;Urbana;Pública;0,7;0,7;1,4;0;--;--
2019;Sudeste;SP;3556909;Vista Alegre do Alto;Total;Total;0;0;0;0;--;--
2019;Sudeste;SP;3556909;Vista Alegre do Alto;Urbana;Total;0;0;0;0;--;--
2019;Sudeste;SP;3556909;Vista Alegre do Alto;Total;Estadual;0;0;0;0;--;--
2019;Sudeste;SP;3556909;Vista Alegre do Alto;Urbana;Estadual;0;0;0;0;--;--
2019;Sudeste;SP;3556909;Vista Alegre do Alto;Total;Municipal;--;--;--;--;--;--
2019;Sudeste;SP;3556909;Vista Alegre do Alto;Urbana;Municipal;--;--;--;--;--;--
2019;Sudeste;SP;3556909;Vista Alegre do Alto;Total;Pública;0;0;0;0;--;--
2019;Sudeste;SP;3556909;Vista Alegre do Alto;Urbana;Pública;0;0;0;0;--;--
2019;Sudeste;SP;3556958;Vitória Brasil;Total;Total;0;0;0;0;--;--
2019;Sudeste;SP;3556958;Vitória Brasil;Urbana;Total;0;0;0;0;--;--
2019;Sudeste;SP;3556958;Vitória Brasil;Total;Estadual;0;0;0;0;--;--
2019;Sudeste;SP;3556958;Vitória Brasil;Urbana;Estadual;0;0;0;0;--;--
2019;Sudeste;SP;3556958;Vitória Brasil;Total;Municipal;--;--;--;--;--;--
2019;Sudeste;SP;3556958;Vitória Brasil;Urbana;Municipal;--;--;--;--;--;--
2019;Sudeste;SP;3556958;Vitória Brasil;Total;Pública;0;0;0;0;--;--
2019;Sudeste;SP;3556958;Vitória Brasil;Urbana;Pública;0;0;0;0;--;--
2019;Sudeste;SP;3557006;Votorantim;Total;Total;1,8;1,8;1,6;1,9;--;--
2019;Sudeste;SP;3557006;Votorantim;Urbana;Total;1,8;1,8;1,6;1,9;--;--
2019;Sudeste;SP;3557006;Votorantim;Total;Estadual;2;2;1,8;2,2;--;--
2019;Sudeste;SP;3557006;Votorantim;Urbana;Estadual;2;2;1,8;2,2;--;--
2019;Sudeste;SP;3557006;Votorantim;Total;Municipal;--;--;--;--;--;--
2019;Sudeste;SP;3557006;Votorantim;Urbana;Municipal;--;--;--;--;--;--
2019;Sudeste;SP;3557006;Votorantim;Total;Privada;0;0;0;0;--;--
2019;Sudeste;SP;3557006;Votorantim;Urbana;Privada;0;0;0;0;--;--
2019;Sudeste;SP;3557006;Votorantim;Total;Pública;2;2;1,8;2,2;--;--
2019;Sudeste;SP;3557006;Votorantim;Urbana;Pública;2;2;1,8;2,2;--;--
2019;Sudeste;SP;3557105;Votuporanga;Total;Total;0,9;0,7;1,5;0,4;--;--
2019;Sudeste;SP;3557105;Votuporanga;Urbana;Total;1;0,9;1,7;0,6;--;--
2019;Sudeste;SP;3557105;Votuporanga;Rural;Total;0,2;0;0,7;0;--;--
2019;Sudeste;SP;3557105;Votuporanga;Total;Federal;0;0;0;0;--;--
2019;Sudeste;SP;3557105;Votuporanga;Urbana;Federal;0;0;0;0;--;--
2019;Sudeste;SP;3557105;Votuporanga;Total;Estadual;1,3;0,9;2,2;0,6;--;--
2019;Sudeste;SP;3557105;Votuporanga;Urbana;Estadual;1,5;1,2;2,6;0,7;--;--
2019;Sudeste;SP;3557105;Votuporanga;Rural;Estadual;0,2;0;0,7;0;--;--
2019;Sudeste;SP;3557105;Votuporanga;Total;Municipal;--;--;--;--;--;--
2019;Sudeste;SP;3557105;Votuporanga;Urbana;Municipal;--;--;--;--;--;--
2019;Sudeste;SP;3557105;Votuporanga;Total;Privada;0,1;0;0;0,5;--;--
2019;Sudeste;SP;3557105;Votuporanga;Urbana;Privada;0,1;0;0;0,5;--;--
2019;Sudeste;SP;3557105;Votuporanga;Total;Pública;1,1;0,9;1,9;0,5;--;--
2019;Sudeste;SP;3557105;Votuporanga;Urbana;Pública;1,2;1;2,2;0,6;--;--
2019;Sudeste;SP;3557105;Votuporanga;Rural;Pública;0,2;0;0,7;0;--;--
2019;Sudeste;SP;3557154;Zacarias;Total;Total;0;0;0;0;--;--
2019;Sudeste;SP;3557154;Zacarias;Urbana;Total;0;0;0;0;--;--
2019;Sudeste;SP;3557154;Zacarias;Total;Estadual;0;0;0;0;--;--
2019;Sudeste;SP;3557154;Zacarias;Urbana;Estadual;0;0;0;0;--;--
2019;Sudeste;SP;3557154;Zacarias;Total;Municipal;--;--;--;--;--;--
2019;Sudeste;SP;3557154;Zacarias;Urbana;Municipal;--;--;--;--;--;--
2019;Sudeste;SP;3557154;Zacarias;Total;Pública;0;0;0;0;--;--
2019;Sudeste;SP;3557154;Zacarias;Urbana;Pública;0;0;0;0;--;--
2019;Sudeste;SP;3557204;Chavantes;Total;Total;1,2;2,7;0;0,8;--;--
2019;Sudeste;SP;3557204;Chavantes;Urbana;Total;1,2;2,7;0;0,8;--;--
2019;Sudeste;SP;3557204;Chavantes;Total;Estadual;1,2;2,7;0;0,8;--;--
2019;Sudeste;SP;3557204;Chavantes;Urbana;Estadual;1,2;2,7;0;0,8;--;--
2019;Sudeste;SP;3557204;Chavantes;Total;Municipal;--;--;--;--;--;--
2019;Sudeste;SP;3557204;Chavantes;Urbana;Municipal;--;--;--;--;--;--
2019;Sudeste;SP;3557204;Chavantes;Total;Privada;--;--;--;--;--;--
2019;Sudeste;SP;3557204;Chavantes;Urbana;Privada;--;--;--;--;--;--
2019;Sudeste;SP;3557204;Chavantes;Total;Pública;1,2;2,7;0;0,8;--;--
2019;Sudeste;SP;3557204;Chavantes;Urbana;Pública;1,2;2,7;0;0,8;--;--
2019;Sudeste;SP;3557303;Estiva Gerbi;Total;Total;0,6;1,4;0;0;--;--
2019;Sudeste;SP;3557303;Estiva Gerbi;Urbana;Total;0,6;1,4;0;0;--;--
2019;Sudeste;SP;3557303;Estiva Gerbi;Total;Estadual;0,6;1,4;0;0;--;--
2019;Sudeste;SP;3557303;Estiva Gerbi;Urbana;Estadual;0,6;1,4;0;0;--;--
2019;Sudeste;SP;3557303;Estiva Gerbi;Total;Municipal;--;--;--;--;--;--
2019;Sudeste;SP;3557303;Estiva Gerbi;Urbana;Municipal;--;--;--;--;--;--
2019;Sudeste;SP;3557303;Estiva Gerbi;Total;Privada;--;--;--;--;--;--
2019;Sudeste;SP;3557303;Estiva Gerbi;Urbana;Privada;--;--;--;--;--;--
2019;Sudeste;SP;3557303;Estiva Gerbi;Total;Pública;0,6;1,4;0;0;--;--
2019;Sudeste;SP;3557303;Estiva Gerbi;Urbana;Pública;0,6;1,4;0;0;--;--
